{"traceEvents":[{"cat":"function","dur":"43968","name":"renderCircle","ph":"X","pid":"0","tid":"0x117b365c0","ts":"365405586995"},{"cat":"function","dur":"1650","name":"renderQuad","ph":"X","pid":"0","tid":"0x117b365c0","ts":"365405631044"},{"cat":"function","dur":"1273","name":"renderLine","ph":"X","pid":"0","tid":"0x117b365c0","ts":"365405632760"},{"cat":"function","dur":"2945","name":"render","ph":"X","pid":"0","tid":"0x117b365c0","ts":"365405634083"},{"cat":"function","dur":"47","name":"render","ph":"X","pid":"0","tid":"0x117b365c0","ts":"365405637073"},{"cat":"function","dur":"28","name":"render","ph":"X","pid":"0","tid":"0x117b365c0","ts":"365405637139"},{"cat":"function","dur":"3414","name":"renderFrame","ph":"X","pid":"0","tid":"0x117b365c0","ts":"365405634082"},{"cat":"function","dur":"107","name":"renderLine","ph":"X","pid":"0","tid":"0x117b365c0","ts":"365405637537"},{"cat":"function","dur":"46","name":"renderLine","ph":"X","pid":"0","tid":"0x117b365c0","ts":"365405637684"},{"cat":"function","dur":"190794","name":"loop","ph":"X","pid":"0","tid":"0x117b365c0","ts":"365405586935"},{"cat":"function","dur":"35","name":"renderCircle","ph":"X","pid":"0","tid":"0x117b365c0","ts":"365405777794"},{"cat":"function","dur":"12","name":"renderQuad","ph":"X","pid":"0","tid":"0x117b365c0","ts":"365405777846"},{"cat":"function","dur":"17","name":"renderLine","ph":"X","pid":"0","tid":"0x117b365c0","ts":"365405777880"},{"cat":"function","dur":"14","name":"render","ph":"X","pid":"0","tid":"0x117b365c0","ts":"365405777910"},{"cat":"function","dur":"8","name":"render","ph":"X","pid":"0","tid":"0x117b365c0","ts":"365405777936"},{"cat":"function","dur":"8","name":"render","ph":"X","pid":"0","tid":"0x117b365c0","ts":"365405777955"},{"cat":"function","dur":"231","name":"renderFrame","ph":"X","pid":"0","tid":"0x117b365c0","ts":"365405777910"},{"cat":"function","dur":"11","name":"renderLine","ph":"X","pid":"0","tid":"0x117b365c0","ts":"365405778158"},{"cat":"function","dur":"56","name":"renderLine","ph":"X","pid":"0","tid":"0x117b365c0","ts":"365405778181"},{"cat":"function","dur":"16817","name":"loop","ph":"X","pid":"0","tid":"0x117b365c0","ts":"365405777778"},{"cat":"function","dur":"50","name":"renderCircle","ph":"X","pid":"0","tid":"0x117b365c0","ts":"365405794702"},{"cat":"function","dur":"13","name":"renderQuad","ph":"X","pid":"0","tid":"0x117b365c0","ts":"365405794768"},{"cat":"function","dur":"21","name":"renderLine","ph":"X","pid":"0","tid":"0x117b365c0","ts":"365405794806"},{"cat":"function","dur":"16","name":"render","ph":"X","pid":"0","tid":"0x117b365c0","ts":"365405794841"},{"cat":"function","dur":"10","name":"render","ph":"X","pid":"0","tid":"0x117b365c0","ts":"365405794868"},{"cat":"function","dur":"9","name":"render","ph":"X","pid":"0","tid":"0x117b365c0","ts":"365405794888"},{"cat":"function","dur":"240","name":"renderFrame","ph":"X","pid":"0","tid":"0x117b365c0","ts":"365405794840"},{"cat":"function","dur":"11","name":"renderLine","ph":"X","pid":"0","tid":"0x117b365c0","ts":"365405795097"},{"cat":"function","dur":"8","name":"renderLine","ph":"X","pid":"0","tid":"0x117b365c0","ts":"365405795122"},{"cat":"function","dur":"17815","name":"loop","ph":"X","pid":"0","tid":"0x117b365c0","ts":"365405794674"},{"cat":"function","dur":"33","name":"renderCircle","ph":"X","pid":"0","tid":"0x117b365c0","ts":"365405812559"},{"cat":"function","dur":"12","name":"renderQuad","ph":"X","pid":"0","tid":"0x117b365c0","ts":"365405812609"},{"cat":"function","dur":"15","name":"renderLine","ph":"X","pid":"0","tid":"0x117b365c0","ts":"365405812642"},{"cat":"function","dur":"12","name":"render","ph":"X","pid":"0","tid":"0x117b365c0","ts":"365405812670"},{"cat":"function","dur":"9","name":"render","ph":"X","pid":"0","tid":"0x117b365c0","ts":"365405812693"},{"cat":"function","dur":"8","name":"render","ph":"X","pid":"0","tid":"0x117b365c0","ts":"365405812711"},{"cat":"function","dur":"215","name":"renderFrame","ph":"X","pid":"0","tid":"0x117b365c0","ts":"365405812670"},{"cat":"function","dur":"10","name":"renderLine","ph":"X","pid":"0","tid":"0x117b365c0","ts":"365405812901"},{"cat":"function","dur":"8","name":"renderLine","ph":"X","pid":"0","tid":"0x117b365c0","ts":"365405812937"},{"cat":"function","dur":"16760","name":"loop","ph":"X","pid":"0","tid":"0x117b365c0","ts":"365405812542"},{"cat":"function","dur":"41","name":"renderCircle","ph":"X","pid":"0","tid":"0x117b365c0","ts":"365405829414"},{"cat":"function","dur":"10","name":"renderQuad","ph":"X","pid":"0","tid":"0x117b365c0","ts":"365405829468"},{"cat":"function","dur":"18","name":"renderLine","ph":"X","pid":"0","tid":"0x117b365c0","ts":"365405829500"},{"cat":"function","dur":"13","name":"render","ph":"X","pid":"0","tid":"0x117b365c0","ts":"365405829528"},{"cat":"function","dur":"8","name":"render","ph":"X","pid":"0","tid":"0x117b365c0","ts":"365405829550"},{"cat":"function","dur":"9","name":"render","ph":"X","pid":"0","tid":"0x117b365c0","ts":"365405829569"},{"cat":"function","dur":"266","name":"renderFrame","ph":"X","pid":"0","tid":"0x117b365c0","ts":"365405829528"},{"cat":"function","dur":"12","name":"renderLine","ph":"X","pid":"0","tid":"0x117b365c0","ts":"365405829807"},{"cat":"function","dur":"7","name":"renderLine","ph":"X","pid":"0","tid":"0x117b365c0","ts":"365405829829"},{"cat":"function","dur":"17458","name":"loop","ph":"X","pid":"0","tid":"0x117b365c0","ts":"365405829387"},{"cat":"function","dur":"36","name":"renderCircle","ph":"X","pid":"0","tid":"0x117b365c0","ts":"365405846903"},{"cat":"function","dur":"10","name":"renderQuad","ph":"X","pid":"0","tid":"0x117b365c0","ts":"365405846951"},{"cat":"function","dur":"16","name":"renderLine","ph":"X","pid":"0","tid":"0x117b365c0","ts":"365405846981"},{"cat":"function","dur":"12","name":"render","ph":"X","pid":"0","tid":"0x117b365c0","ts":"365405847007"},{"cat":"function","dur":"9","name":"render","ph":"X","pid":"0","tid":"0x117b365c0","ts":"365405847027"},{"cat":"function","dur":"8","name":"render","ph":"X","pid":"0","tid":"0x117b365c0","ts":"365405847043"},{"cat":"function","dur":"212","name":"renderFrame","ph":"X","pid":"0","tid":"0x117b365c0","ts":"365405847006"},{"cat":"function","dur":"10","name":"renderLine","ph":"X","pid":"0","tid":"0x117b365c0","ts":"365405847231"},{"cat":"function","dur":"8","name":"renderLine","ph":"X","pid":"0","tid":"0x117b365c0","ts":"365405847251"},{"cat":"function","dur":"17684","name":"loop","ph":"X","pid":"0","tid":"0x117b365c0","ts":"365405846880"},{"cat":"function","dur":"34","name":"renderCircle","ph":"X","pid":"0","tid":"0x117b365c0","ts":"365405864620"},{"cat":"function","dur":"11","name":"renderQuad","ph":"X","pid":"0","tid":"0x117b365c0","ts":"365405864668"},{"cat":"function","dur":"17","name":"renderLine","ph":"X","pid":"0","tid":"0x117b365c0","ts":"365405864699"},{"cat":"function","dur":"13","name":"render","ph":"X","pid":"0","tid":"0x117b365c0","ts":"365405864726"},{"cat":"function","dur":"8","name":"render","ph":"X","pid":"0","tid":"0x117b365c0","ts":"365405864748"},{"cat":"function","dur":"8","name":"render","ph":"X","pid":"0","tid":"0x117b365c0","ts":"365405864763"},{"cat":"function","dur":"216","name":"renderFrame","ph":"X","pid":"0","tid":"0x117b365c0","ts":"365405864726"},{"cat":"function","dur":"11","name":"renderLine","ph":"X","pid":"0","tid":"0x117b365c0","ts":"365405864955"},{"cat":"function","dur":"8","name":"renderLine","ph":"X","pid":"0","tid":"0x117b365c0","ts":"365405864977"},{"cat":"function","dur":"16794","name":"loop","ph":"X","pid":"0","tid":"0x117b365c0","ts":"365405864599"},{"cat":"function","dur":"39","name":"renderCircle","ph":"X","pid":"0","tid":"0x117b365c0","ts":"365405881460"},{"cat":"function","dur":"12","name":"renderQuad","ph":"X","pid":"0","tid":"0x117b365c0","ts":"365405881512"},{"cat":"function","dur":"18","name":"renderLine","ph":"X","pid":"0","tid":"0x117b365c0","ts":"365405881545"},{"cat":"function","dur":"14","name":"render","ph":"X","pid":"0","tid":"0x117b365c0","ts":"365405881575"},{"cat":"function","dur":"9","name":"render","ph":"X","pid":"0","tid":"0x117b365c0","ts":"365405881597"},{"cat":"function","dur":"7","name":"render","ph":"X","pid":"0","tid":"0x117b365c0","ts":"365405881614"},{"cat":"function","dur":"242","name":"renderFrame","ph":"X","pid":"0","tid":"0x117b365c0","ts":"365405881575"},{"cat":"function","dur":"11","name":"renderLine","ph":"X","pid":"0","tid":"0x117b365c0","ts":"365405881831"},{"cat":"function","dur":"7","name":"renderLine","ph":"X","pid":"0","tid":"0x117b365c0","ts":"365405881853"},{"cat":"function","dur":"17971","name":"loop","ph":"X","pid":"0","tid":"0x117b365c0","ts":"365405881435"},{"cat":"function","dur":"37","name":"renderCircle","ph":"X","pid":"0","tid":"0x117b365c0","ts":"365405899464"},{"cat":"function","dur":"10","name":"renderQuad","ph":"X","pid":"0","tid":"0x117b365c0","ts":"365405899512"},{"cat":"function","dur":"16","name":"renderLine","ph":"X","pid":"0","tid":"0x117b365c0","ts":"365405899542"},{"cat":"function","dur":"12","name":"render","ph":"X","pid":"0","tid":"0x117b365c0","ts":"365405899568"},{"cat":"function","dur":"8","name":"render","ph":"X","pid":"0","tid":"0x117b365c0","ts":"365405899588"},{"cat":"function","dur":"8","name":"render","ph":"X","pid":"0","tid":"0x117b365c0","ts":"365405899603"},{"cat":"function","dur":"211","name":"renderFrame","ph":"X","pid":"0","tid":"0x117b365c0","ts":"365405899567"},{"cat":"function","dur":"10","name":"renderLine","ph":"X","pid":"0","tid":"0x117b365c0","ts":"365405899791"},{"cat":"function","dur":"7","name":"renderLine","ph":"X","pid":"0","tid":"0x117b365c0","ts":"365405899811"},{"cat":"function","dur":"17132","name":"loop","ph":"X","pid":"0","tid":"0x117b365c0","ts":"365405899444"},{"cat":"function","dur":"37","name":"renderCircle","ph":"X","pid":"0","tid":"0x117b365c0","ts":"365405916639"},{"cat":"function","dur":"10","name":"renderQuad","ph":"X","pid":"0","tid":"0x117b365c0","ts":"365405916688"},{"cat":"function","dur":"16","name":"renderLine","ph":"X","pid":"0","tid":"0x117b365c0","ts":"365405916718"},{"cat":"function","dur":"13","name":"render","ph":"X","pid":"0","tid":"0x117b365c0","ts":"365405916744"},{"cat":"function","dur":"8","name":"render","ph":"X","pid":"0","tid":"0x117b365c0","ts":"365405916765"},{"cat":"function","dur":"7","name":"render","ph":"X","pid":"0","tid":"0x117b365c0","ts":"365405916781"},{"cat":"function","dur":"214","name":"renderFrame","ph":"X","pid":"0","tid":"0x117b365c0","ts":"365405916744"},{"cat":"function","dur":"11","name":"renderLine","ph":"X","pid":"0","tid":"0x117b365c0","ts":"365405916971"},{"cat":"function","dur":"8","name":"renderLine","ph":"X","pid":"0","tid":"0x117b365c0","ts":"365405916991"},{"cat":"function","dur":"16753","name":"loop","ph":"X","pid":"0","tid":"0x117b365c0","ts":"365405916616"},{"cat":"function","dur":"37","name":"renderCircle","ph":"X","pid":"0","tid":"0x117b365c0","ts":"365405933433"},{"cat":"function","dur":"11","name":"renderQuad","ph":"X","pid":"0","tid":"0x117b365c0","ts":"365405933483"},{"cat":"function","dur":"16","name":"renderLine","ph":"X","pid":"0","tid":"0x117b365c0","ts":"365405933514"},{"cat":"function","dur":"13","name":"render","ph":"X","pid":"0","tid":"0x117b365c0","ts":"365405933540"},{"cat":"function","dur":"8","name":"render","ph":"X","pid":"0","tid":"0x117b365c0","ts":"365405933561"},{"cat":"function","dur":"8","name":"render","ph":"X","pid":"0","tid":"0x117b365c0","ts":"365405933577"},{"cat":"function","dur":"218","name":"renderFrame","ph":"X","pid":"0","tid":"0x117b365c0","ts":"365405933539"},{"cat":"function","dur":"13","name":"renderLine","ph":"X","pid":"0","tid":"0x117b365c0","ts":"365405933772"},{"cat":"function","dur":"8","name":"renderLine","ph":"X","pid":"0","tid":"0x117b365c0","ts":"365405933795"},{"cat":"function","dur":"17814","name":"loop","ph":"X","pid":"0","tid":"0x117b365c0","ts":"365405933410"},{"cat":"function","dur":"38","name":"renderCircle","ph":"X","pid":"0","tid":"0x117b365c0","ts":"365405951289"},{"cat":"function","dur":"11","name":"renderQuad","ph":"X","pid":"0","tid":"0x117b365c0","ts":"365405951339"},{"cat":"function","dur":"16","name":"renderLine","ph":"X","pid":"0","tid":"0x117b365c0","ts":"365405951370"},{"cat":"function","dur":"13","name":"render","ph":"X","pid":"0","tid":"0x117b365c0","ts":"365405951396"},{"cat":"function","dur":"10","name":"render","ph":"X","pid":"0","tid":"0x117b365c0","ts":"365405951436"},{"cat":"function","dur":"8","name":"render","ph":"X","pid":"0","tid":"0x117b365c0","ts":"365405951454"},{"cat":"function","dur":"237","name":"renderFrame","ph":"X","pid":"0","tid":"0x117b365c0","ts":"365405951395"},{"cat":"function","dur":"11","name":"renderLine","ph":"X","pid":"0","tid":"0x117b365c0","ts":"365405951644"},{"cat":"function","dur":"7","name":"renderLine","ph":"X","pid":"0","tid":"0x117b365c0","ts":"365405951665"},{"cat":"function","dur":"17390","name":"loop","ph":"X","pid":"0","tid":"0x117b365c0","ts":"365405951266"},{"cat":"function","dur":"74","name":"renderCircle","ph":"X","pid":"0","tid":"0x117b365c0","ts":"365405968784"},{"cat":"function","dur":"25","name":"renderQuad","ph":"X","pid":"0","tid":"0x117b365c0","ts":"365405968889"},{"cat":"function","dur":"35","name":"renderLine","ph":"X","pid":"0","tid":"0x117b365c0","ts":"365405968962"},{"cat":"function","dur":"29","name":"render","ph":"X","pid":"0","tid":"0x117b365c0","ts":"365405969022"},{"cat":"function","dur":"20","name":"render","ph":"X","pid":"0","tid":"0x117b365c0","ts":"365405969071"},{"cat":"function","dur":"19","name":"render","ph":"X","pid":"0","tid":"0x117b365c0","ts":"365405969110"},{"cat":"function","dur":"373","name":"renderFrame","ph":"X","pid":"0","tid":"0x117b365c0","ts":"365405969020"},{"cat":"function","dur":"14","name":"renderLine","ph":"X","pid":"0","tid":"0x117b365c0","ts":"365405969411"},{"cat":"function","dur":"10","name":"renderLine","ph":"X","pid":"0","tid":"0x117b365c0","ts":"365405969436"},{"cat":"function","dur":"16475","name":"loop","ph":"X","pid":"0","tid":"0x117b365c0","ts":"365405968738"},{"cat":"function","dur":"37","name":"renderCircle","ph":"X","pid":"0","tid":"0x117b365c0","ts":"365405985275"},{"cat":"function","dur":"11","name":"renderQuad","ph":"X","pid":"0","tid":"0x117b365c0","ts":"365405985323"},{"cat":"function","dur":"16","name":"renderLine","ph":"X","pid":"0","tid":"0x117b365c0","ts":"365405985353"},{"cat":"function","dur":"12","name":"render","ph":"X","pid":"0","tid":"0x117b365c0","ts":"365405985378"},{"cat":"function","dur":"8","name":"render","ph":"X","pid":"0","tid":"0x117b365c0","ts":"365405985398"},{"cat":"function","dur":"8","name":"render","ph":"X","pid":"0","tid":"0x117b365c0","ts":"365405985413"},{"cat":"function","dur":"210","name":"renderFrame","ph":"X","pid":"0","tid":"0x117b365c0","ts":"365405985378"},{"cat":"function","dur":"11","name":"renderLine","ph":"X","pid":"0","tid":"0x117b365c0","ts":"365405985600"},{"cat":"function","dur":"7","name":"renderLine","ph":"X","pid":"0","tid":"0x117b365c0","ts":"365405985620"},{"cat":"function","dur":"16783","name":"loop","ph":"X","pid":"0","tid":"0x117b365c0","ts":"365405985251"},{"cat":"function","dur":"36","name":"renderCircle","ph":"X","pid":"0","tid":"0x117b365c0","ts":"365406002094"},{"cat":"function","dur":"11","name":"renderQuad","ph":"X","pid":"0","tid":"0x117b365c0","ts":"365406002143"},{"cat":"function","dur":"17","name":"renderLine","ph":"X","pid":"0","tid":"0x117b365c0","ts":"365406002174"},{"cat":"function","dur":"13","name":"render","ph":"X","pid":"0","tid":"0x117b365c0","ts":"365406002202"},{"cat":"function","dur":"9","name":"render","ph":"X","pid":"0","tid":"0x117b365c0","ts":"365406002223"},{"cat":"function","dur":"8","name":"render","ph":"X","pid":"0","tid":"0x117b365c0","ts":"365406002239"},{"cat":"function","dur":"217","name":"renderFrame","ph":"X","pid":"0","tid":"0x117b365c0","ts":"365406002201"},{"cat":"function","dur":"11","name":"renderLine","ph":"X","pid":"0","tid":"0x117b365c0","ts":"365406002431"},{"cat":"function","dur":"7","name":"renderLine","ph":"X","pid":"0","tid":"0x117b365c0","ts":"365406002452"},{"cat":"function","dur":"17089","name":"loop","ph":"X","pid":"0","tid":"0x117b365c0","ts":"365406002071"},{"cat":"function","dur":"37","name":"renderCircle","ph":"X","pid":"0","tid":"0x117b365c0","ts":"365406019225"},{"cat":"function","dur":"10","name":"renderQuad","ph":"X","pid":"0","tid":"0x117b365c0","ts":"365406019274"},{"cat":"function","dur":"16","name":"renderLine","ph":"X","pid":"0","tid":"0x117b365c0","ts":"365406019322"},{"cat":"function","dur":"13","name":"render","ph":"X","pid":"0","tid":"0x117b365c0","ts":"365406019349"},{"cat":"function","dur":"9","name":"render","ph":"X","pid":"0","tid":"0x117b365c0","ts":"365406019370"},{"cat":"function","dur":"8","name":"render","ph":"X","pid":"0","tid":"0x117b365c0","ts":"365406019386"},{"cat":"function","dur":"215","name":"renderFrame","ph":"X","pid":"0","tid":"0x117b365c0","ts":"365406019348"},{"cat":"function","dur":"10","name":"renderLine","ph":"X","pid":"0","tid":"0x117b365c0","ts":"365406019575"},{"cat":"function","dur":"7","name":"renderLine","ph":"X","pid":"0","tid":"0x117b365c0","ts":"365406019595"},{"cat":"function","dur":"16767","name":"loop","ph":"X","pid":"0","tid":"0x117b365c0","ts":"365406019202"},{"cat":"function","dur":"38","name":"renderCircle","ph":"X","pid":"0","tid":"0x117b365c0","ts":"365406036055"},{"cat":"function","dur":"12","name":"renderQuad","ph":"X","pid":"0","tid":"0x117b365c0","ts":"365406036108"},{"cat":"function","dur":"17","name":"renderLine","ph":"X","pid":"0","tid":"0x117b365c0","ts":"365406036141"},{"cat":"function","dur":"13","name":"render","ph":"X","pid":"0","tid":"0x117b365c0","ts":"365406036168"},{"cat":"function","dur":"9","name":"render","ph":"X","pid":"0","tid":"0x117b365c0","ts":"365406036189"},{"cat":"function","dur":"8","name":"render","ph":"X","pid":"0","tid":"0x117b365c0","ts":"365406036206"},{"cat":"function","dur":"225","name":"renderFrame","ph":"X","pid":"0","tid":"0x117b365c0","ts":"365406036168"},{"cat":"function","dur":"13","name":"renderLine","ph":"X","pid":"0","tid":"0x117b365c0","ts":"365406036409"},{"cat":"function","dur":"8","name":"renderLine","ph":"X","pid":"0","tid":"0x117b365c0","ts":"365406036432"},{"cat":"function","dur":"17057","name":"loop","ph":"X","pid":"0","tid":"0x117b365c0","ts":"365406036032"},{"cat":"function","dur":"35","name":"renderCircle","ph":"X","pid":"0","tid":"0x117b365c0","ts":"365406053145"},{"cat":"function","dur":"11","name":"renderQuad","ph":"X","pid":"0","tid":"0x117b365c0","ts":"365406053192"},{"cat":"function","dur":"17","name":"renderLine","ph":"X","pid":"0","tid":"0x117b365c0","ts":"365406053223"},{"cat":"function","dur":"13","name":"render","ph":"X","pid":"0","tid":"0x117b365c0","ts":"365406053251"},{"cat":"function","dur":"9","name":"render","ph":"X","pid":"0","tid":"0x117b365c0","ts":"365406053272"},{"cat":"function","dur":"7","name":"render","ph":"X","pid":"0","tid":"0x117b365c0","ts":"365406053289"},{"cat":"function","dur":"223","name":"renderFrame","ph":"X","pid":"0","tid":"0x117b365c0","ts":"365406053250"},{"cat":"function","dur":"11","name":"renderLine","ph":"X","pid":"0","tid":"0x117b365c0","ts":"365406053486"},{"cat":"function","dur":"8","name":"renderLine","ph":"X","pid":"0","tid":"0x117b365c0","ts":"365406053507"},{"cat":"function","dur":"18165","name":"loop","ph":"X","pid":"0","tid":"0x117b365c0","ts":"365406053124"},{"cat":"function","dur":"75","name":"renderCircle","ph":"X","pid":"0","tid":"0x117b365c0","ts":"365406071418"},{"cat":"function","dur":"25","name":"renderQuad","ph":"X","pid":"0","tid":"0x117b365c0","ts":"365406071525"},{"cat":"function","dur":"37","name":"renderLine","ph":"X","pid":"0","tid":"0x117b365c0","ts":"365406071598"},{"cat":"function","dur":"30","name":"render","ph":"X","pid":"0","tid":"0x117b365c0","ts":"365406071662"},{"cat":"function","dur":"21","name":"render","ph":"X","pid":"0","tid":"0x117b365c0","ts":"365406071713"},{"cat":"function","dur":"19","name":"render","ph":"X","pid":"0","tid":"0x117b365c0","ts":"365406071753"},{"cat":"function","dur":"418","name":"renderFrame","ph":"X","pid":"0","tid":"0x117b365c0","ts":"365406071660"},{"cat":"function","dur":"16","name":"renderLine","ph":"X","pid":"0","tid":"0x117b365c0","ts":"365406072099"},{"cat":"function","dur":"12","name":"renderLine","ph":"X","pid":"0","tid":"0x117b365c0","ts":"365406072131"},{"cat":"function","dur":"17105","name":"loop","ph":"X","pid":"0","tid":"0x117b365c0","ts":"365406071372"},{"cat":"function","dur":"36","name":"renderCircle","ph":"X","pid":"0","tid":"0x117b365c0","ts":"365406088549"},{"cat":"function","dur":"10","name":"renderQuad","ph":"X","pid":"0","tid":"0x117b365c0","ts":"365406088598"},{"cat":"function","dur":"17","name":"renderLine","ph":"X","pid":"0","tid":"0x117b365c0","ts":"365406088628"},{"cat":"function","dur":"13","name":"render","ph":"X","pid":"0","tid":"0x117b365c0","ts":"365406088655"},{"cat":"function","dur":"8","name":"render","ph":"X","pid":"0","tid":"0x117b365c0","ts":"365406088677"},{"cat":"function","dur":"8","name":"render","ph":"X","pid":"0","tid":"0x117b365c0","ts":"365406088693"},{"cat":"function","dur":"220","name":"renderFrame","ph":"X","pid":"0","tid":"0x117b365c0","ts":"365406088654"},{"cat":"function","dur":"11","name":"renderLine","ph":"X","pid":"0","tid":"0x117b365c0","ts":"365406088887"},{"cat":"function","dur":"7","name":"renderLine","ph":"X","pid":"0","tid":"0x117b365c0","ts":"365406088909"},{"cat":"function","dur":"17527","name":"loop","ph":"X","pid":"0","tid":"0x117b365c0","ts":"365406088530"},{"cat":"function","dur":"45","name":"renderCircle","ph":"X","pid":"0","tid":"0x117b365c0","ts":"365406106159"},{"cat":"function","dur":"17","name":"renderQuad","ph":"X","pid":"0","tid":"0x117b365c0","ts":"365406106224"},{"cat":"function","dur":"25","name":"renderLine","ph":"X","pid":"0","tid":"0x117b365c0","ts":"365406106270"},{"cat":"function","dur":"23","name":"render","ph":"X","pid":"0","tid":"0x117b365c0","ts":"365406106314"},{"cat":"function","dur":"12","name":"render","ph":"X","pid":"0","tid":"0x117b365c0","ts":"365406106351"},{"cat":"function","dur":"9","name":"render","ph":"X","pid":"0","tid":"0x117b365c0","ts":"365406106374"},{"cat":"function","dur":"349","name":"renderFrame","ph":"X","pid":"0","tid":"0x117b365c0","ts":"365406106313"},{"cat":"function","dur":"50","name":"renderLine","ph":"X","pid":"0","tid":"0x117b365c0","ts":"365406106713"},{"cat":"function","dur":"21","name":"renderLine","ph":"X","pid":"0","tid":"0x117b365c0","ts":"365406106792"},{"cat":"function","dur":"16842","name":"loop","ph":"X","pid":"0","tid":"0x117b365c0","ts":"365406106132"},{"cat":"function","dur":"34","name":"renderCircle","ph":"X","pid":"0","tid":"0x117b365c0","ts":"365406123027"},{"cat":"function","dur":"10","name":"renderQuad","ph":"X","pid":"0","tid":"0x117b365c0","ts":"365406123073"},{"cat":"function","dur":"29","name":"renderLine","ph":"X","pid":"0","tid":"0x117b365c0","ts":"365406123102"},{"cat":"function","dur":"13","name":"render","ph":"X","pid":"0","tid":"0x117b365c0","ts":"365406123141"},{"cat":"function","dur":"8","name":"render","ph":"X","pid":"0","tid":"0x117b365c0","ts":"365406123162"},{"cat":"function","dur":"7","name":"render","ph":"X","pid":"0","tid":"0x117b365c0","ts":"365406123177"},{"cat":"function","dur":"210","name":"renderFrame","ph":"X","pid":"0","tid":"0x117b365c0","ts":"365406123141"},{"cat":"function","dur":"11","name":"renderLine","ph":"X","pid":"0","tid":"0x117b365c0","ts":"365406123363"},{"cat":"function","dur":"7","name":"renderLine","ph":"X","pid":"0","tid":"0x117b365c0","ts":"365406123383"},{"cat":"function","dur":"16305","name":"loop","ph":"X","pid":"0","tid":"0x117b365c0","ts":"365406123009"},{"cat":"function","dur":"40","name":"renderCircle","ph":"X","pid":"0","tid":"0x117b365c0","ts":"365406139384"},{"cat":"function","dur":"12","name":"renderQuad","ph":"X","pid":"0","tid":"0x117b365c0","ts":"365406139439"},{"cat":"function","dur":"19","name":"renderLine","ph":"X","pid":"0","tid":"0x117b365c0","ts":"365406139475"},{"cat":"function","dur":"14","name":"render","ph":"X","pid":"0","tid":"0x117b365c0","ts":"365406139506"},{"cat":"function","dur":"10","name":"render","ph":"X","pid":"0","tid":"0x117b365c0","ts":"365406139545"},{"cat":"function","dur":"10","name":"render","ph":"X","pid":"0","tid":"0x117b365c0","ts":"365406139565"},{"cat":"function","dur":"325","name":"renderFrame","ph":"X","pid":"0","tid":"0x117b365c0","ts":"365406139505"},{"cat":"function","dur":"43","name":"renderLine","ph":"X","pid":"0","tid":"0x117b365c0","ts":"365406139870"},{"cat":"function","dur":"21","name":"renderLine","ph":"X","pid":"0","tid":"0x117b365c0","ts":"365406139968"},{"cat":"function","dur":"16905","name":"loop","ph":"X","pid":"0","tid":"0x117b365c0","ts":"365406139358"},{"cat":"function","dur":"36","name":"renderCircle","ph":"X","pid":"0","tid":"0x117b365c0","ts":"365406156319"},{"cat":"function","dur":"11","name":"renderQuad","ph":"X","pid":"0","tid":"0x117b365c0","ts":"365406156367"},{"cat":"function","dur":"18","name":"renderLine","ph":"X","pid":"0","tid":"0x117b365c0","ts":"365406156397"},{"cat":"function","dur":"13","name":"render","ph":"X","pid":"0","tid":"0x117b365c0","ts":"365406156425"},{"cat":"function","dur":"9","name":"render","ph":"X","pid":"0","tid":"0x117b365c0","ts":"365406156447"},{"cat":"function","dur":"8","name":"render","ph":"X","pid":"0","tid":"0x117b365c0","ts":"365406156463"},{"cat":"function","dur":"220","name":"renderFrame","ph":"X","pid":"0","tid":"0x117b365c0","ts":"365406156424"},{"cat":"function","dur":"10","name":"renderLine","ph":"X","pid":"0","tid":"0x117b365c0","ts":"365406156657"},{"cat":"function","dur":"8","name":"renderLine","ph":"X","pid":"0","tid":"0x117b365c0","ts":"365406156677"},{"cat":"function","dur":"16703","name":"loop","ph":"X","pid":"0","tid":"0x117b365c0","ts":"365406156299"},{"cat":"function","dur":"42","name":"renderCircle","ph":"X","pid":"0","tid":"0x117b365c0","ts":"365406173110"},{"cat":"function","dur":"17","name":"renderQuad","ph":"X","pid":"0","tid":"0x117b365c0","ts":"365406173173"},{"cat":"function","dur":"22","name":"renderLine","ph":"X","pid":"0","tid":"0x117b365c0","ts":"365406173216"},{"cat":"function","dur":"19","name":"render","ph":"X","pid":"0","tid":"0x117b365c0","ts":"365406173255"},{"cat":"function","dur":"11","name":"render","ph":"X","pid":"0","tid":"0x117b365c0","ts":"365406173289"},{"cat":"function","dur":"12","name":"render","ph":"X","pid":"0","tid":"0x117b365c0","ts":"365406173313"},{"cat":"function","dur":"365","name":"renderFrame","ph":"X","pid":"0","tid":"0x117b365c0","ts":"365406173254"},{"cat":"function","dur":"41","name":"renderLine","ph":"X","pid":"0","tid":"0x117b365c0","ts":"365406173672"},{"cat":"function","dur":"9","name":"renderLine","ph":"X","pid":"0","tid":"0x117b365c0","ts":"365406173733"},{"cat":"function","dur":"17830","name":"loop","ph":"X","pid":"0","tid":"0x117b365c0","ts":"365406173087"},{"cat":"function","dur":"37","name":"renderCircle","ph":"X","pid":"0","tid":"0x117b365c0","ts":"365406190975"},{"cat":"function","dur":"14","name":"renderQuad","ph":"X","pid":"0","tid":"0x117b365c0","ts":"365406191045"},{"cat":"function","dur":"17","name":"renderLine","ph":"X","pid":"0","tid":"0x117b365c0","ts":"365406191081"},{"cat":"function","dur":"16","name":"render","ph":"X","pid":"0","tid":"0x117b365c0","ts":"365406191109"},{"cat":"function","dur":"10","name":"render","ph":"X","pid":"0","tid":"0x117b365c0","ts":"365406191135"},{"cat":"function","dur":"9","name":"render","ph":"X","pid":"0","tid":"0x117b365c0","ts":"365406191155"},{"cat":"function","dur":"231","name":"renderFrame","ph":"X","pid":"0","tid":"0x117b365c0","ts":"365406191108"},{"cat":"function","dur":"10","name":"renderLine","ph":"X","pid":"0","tid":"0x117b365c0","ts":"365406191352"},{"cat":"function","dur":"7","name":"renderLine","ph":"X","pid":"0","tid":"0x117b365c0","ts":"365406191372"},{"cat":"function","dur":"17316","name":"loop","ph":"X","pid":"0","tid":"0x117b365c0","ts":"365406190955"},{"cat":"function","dur":"59","name":"renderCircle","ph":"X","pid":"0","tid":"0x117b365c0","ts":"365406208364"},{"cat":"function","dur":"12","name":"renderQuad","ph":"X","pid":"0","tid":"0x117b365c0","ts":"365406208439"},{"cat":"function","dur":"18","name":"renderLine","ph":"X","pid":"0","tid":"0x117b365c0","ts":"365406208472"},{"cat":"function","dur":"13","name":"render","ph":"X","pid":"0","tid":"0x117b365c0","ts":"365406208501"},{"cat":"function","dur":"9","name":"render","ph":"X","pid":"0","tid":"0x117b365c0","ts":"365406208523"},{"cat":"function","dur":"8","name":"render","ph":"X","pid":"0","tid":"0x117b365c0","ts":"365406208540"},{"cat":"function","dur":"226","name":"renderFrame","ph":"X","pid":"0","tid":"0x117b365c0","ts":"365406208500"},{"cat":"function","dur":"12","name":"renderLine","ph":"X","pid":"0","tid":"0x117b365c0","ts":"365406208767"},{"cat":"function","dur":"8","name":"renderLine","ph":"X","pid":"0","tid":"0x117b365c0","ts":"365406208790"},{"cat":"function","dur":"16632","name":"loop","ph":"X","pid":"0","tid":"0x117b365c0","ts":"365406208326"},{"cat":"function","dur":"32","name":"renderCircle","ph":"X","pid":"0","tid":"0x117b365c0","ts":"365406225008"},{"cat":"function","dur":"10","name":"renderQuad","ph":"X","pid":"0","tid":"0x117b365c0","ts":"365406225052"},{"cat":"function","dur":"14","name":"renderLine","ph":"X","pid":"0","tid":"0x117b365c0","ts":"365406225081"},{"cat":"function","dur":"12","name":"render","ph":"X","pid":"0","tid":"0x117b365c0","ts":"365406225104"},{"cat":"function","dur":"8","name":"render","ph":"X","pid":"0","tid":"0x117b365c0","ts":"365406225124"},{"cat":"function","dur":"7","name":"render","ph":"X","pid":"0","tid":"0x117b365c0","ts":"365406225139"},{"cat":"function","dur":"217","name":"renderFrame","ph":"X","pid":"0","tid":"0x117b365c0","ts":"365406225104"},{"cat":"function","dur":"12","name":"renderLine","ph":"X","pid":"0","tid":"0x117b365c0","ts":"365406225335"},{"cat":"function","dur":"8","name":"renderLine","ph":"X","pid":"0","tid":"0x117b365c0","ts":"365406225356"},{"cat":"function","dur":"17556","name":"loop","ph":"X","pid":"0","tid":"0x117b365c0","ts":"365406224990"},{"cat":"function","dur":"73","name":"renderCircle","ph":"X","pid":"0","tid":"0x117b365c0","ts":"365406242660"},{"cat":"function","dur":"16","name":"renderQuad","ph":"X","pid":"0","tid":"0x117b365c0","ts":"365406242748"},{"cat":"function","dur":"27","name":"renderLine","ph":"X","pid":"0","tid":"0x117b365c0","ts":"365406242790"},{"cat":"function","dur":"19","name":"render","ph":"X","pid":"0","tid":"0x117b365c0","ts":"365406242829"},{"cat":"function","dur":"10","name":"render","ph":"X","pid":"0","tid":"0x117b365c0","ts":"365406242857"},{"cat":"function","dur":"9","name":"render","ph":"X","pid":"0","tid":"0x117b365c0","ts":"365406242876"},{"cat":"function","dur":"254","name":"renderFrame","ph":"X","pid":"0","tid":"0x117b365c0","ts":"365406242828"},{"cat":"function","dur":"13","name":"renderLine","ph":"X","pid":"0","tid":"0x117b365c0","ts":"365406243097"},{"cat":"function","dur":"8","name":"renderLine","ph":"X","pid":"0","tid":"0x117b365c0","ts":"365406243122"},{"cat":"function","dur":"17911","name":"loop","ph":"X","pid":"0","tid":"0x117b365c0","ts":"365406242622"},{"cat":"function","dur":"57","name":"renderCircle","ph":"X","pid":"0","tid":"0x117b365c0","ts":"365406260578"},{"cat":"function","dur":"10","name":"renderQuad","ph":"X","pid":"0","tid":"0x117b365c0","ts":"365406260648"},{"cat":"function","dur":"14","name":"renderLine","ph":"X","pid":"0","tid":"0x117b365c0","ts":"365406260676"},{"cat":"function","dur":"12","name":"render","ph":"X","pid":"0","tid":"0x117b365c0","ts":"365406260700"},{"cat":"function","dur":"8","name":"render","ph":"X","pid":"0","tid":"0x117b365c0","ts":"365406260719"},{"cat":"function","dur":"7","name":"render","ph":"X","pid":"0","tid":"0x117b365c0","ts":"365406260735"},{"cat":"function","dur":"207","name":"renderFrame","ph":"X","pid":"0","tid":"0x117b365c0","ts":"365406260699"},{"cat":"function","dur":"10","name":"renderLine","ph":"X","pid":"0","tid":"0x117b365c0","ts":"365406260919"},{"cat":"function","dur":"7","name":"renderLine","ph":"X","pid":"0","tid":"0x117b365c0","ts":"365406260939"},{"cat":"function","dur":"17725","name":"loop","ph":"X","pid":"0","tid":"0x117b365c0","ts":"365406260561"},{"cat":"function","dur":"60","name":"renderCircle","ph":"X","pid":"0","tid":"0x117b365c0","ts":"365406278384"},{"cat":"function","dur":"14","name":"renderQuad","ph":"X","pid":"0","tid":"0x117b365c0","ts":"365406278460"},{"cat":"function","dur":"24","name":"renderLine","ph":"X","pid":"0","tid":"0x117b365c0","ts":"365406278500"},{"cat":"function","dur":"18","name":"render","ph":"X","pid":"0","tid":"0x117b365c0","ts":"365406278535"},{"cat":"function","dur":"11","name":"render","ph":"X","pid":"0","tid":"0x117b365c0","ts":"365406278562"},{"cat":"function","dur":"11","name":"render","ph":"X","pid":"0","tid":"0x117b365c0","ts":"365406278607"},{"cat":"function","dur":"284","name":"renderFrame","ph":"X","pid":"0","tid":"0x117b365c0","ts":"365406278534"},{"cat":"function","dur":"12","name":"renderLine","ph":"X","pid":"0","tid":"0x117b365c0","ts":"365406278833"},{"cat":"function","dur":"9","name":"renderLine","ph":"X","pid":"0","tid":"0x117b365c0","ts":"365406278856"},{"cat":"function","dur":"17943","name":"loop","ph":"X","pid":"0","tid":"0x117b365c0","ts":"365406278349"},{"cat":"function","dur":"34","name":"renderCircle","ph":"X","pid":"0","tid":"0x117b365c0","ts":"365406296351"},{"cat":"function","dur":"10","name":"renderQuad","ph":"X","pid":"0","tid":"0x117b365c0","ts":"365406296397"},{"cat":"function","dur":"14","name":"renderLine","ph":"X","pid":"0","tid":"0x117b365c0","ts":"365406296426"},{"cat":"function","dur":"12","name":"render","ph":"X","pid":"0","tid":"0x117b365c0","ts":"365406296450"},{"cat":"function","dur":"9","name":"render","ph":"X","pid":"0","tid":"0x117b365c0","ts":"365406296470"},{"cat":"function","dur":"7","name":"render","ph":"X","pid":"0","tid":"0x117b365c0","ts":"365406296486"},{"cat":"function","dur":"211","name":"renderFrame","ph":"X","pid":"0","tid":"0x117b365c0","ts":"365406296449"},{"cat":"function","dur":"10","name":"renderLine","ph":"X","pid":"0","tid":"0x117b365c0","ts":"365406296672"},{"cat":"function","dur":"7","name":"renderLine","ph":"X","pid":"0","tid":"0x117b365c0","ts":"365406296692"},{"cat":"function","dur":"17684","name":"loop","ph":"X","pid":"0","tid":"0x117b365c0","ts":"365406296329"},{"cat":"function","dur":"41","name":"renderCircle","ph":"X","pid":"0","tid":"0x117b365c0","ts":"365406314078"},{"cat":"function","dur":"11","name":"renderQuad","ph":"X","pid":"0","tid":"0x117b365c0","ts":"365406314131"},{"cat":"function","dur":"17","name":"renderLine","ph":"X","pid":"0","tid":"0x117b365c0","ts":"365406314163"},{"cat":"function","dur":"13","name":"render","ph":"X","pid":"0","tid":"0x117b365c0","ts":"365406314191"},{"cat":"function","dur":"8","name":"render","ph":"X","pid":"0","tid":"0x117b365c0","ts":"365406314213"},{"cat":"function","dur":"8","name":"render","ph":"X","pid":"0","tid":"0x117b365c0","ts":"365406314229"},{"cat":"function","dur":"225","name":"renderFrame","ph":"X","pid":"0","tid":"0x117b365c0","ts":"365406314190"},{"cat":"function","dur":"11","name":"renderLine","ph":"X","pid":"0","tid":"0x117b365c0","ts":"365406314428"},{"cat":"function","dur":"8","name":"renderLine","ph":"X","pid":"0","tid":"0x117b365c0","ts":"365406314449"},{"cat":"function","dur":"16843","name":"loop","ph":"X","pid":"0","tid":"0x117b365c0","ts":"365406314055"},{"cat":"function","dur":"31","name":"renderCircle","ph":"X","pid":"0","tid":"0x117b365c0","ts":"365406330947"},{"cat":"function","dur":"10","name":"renderQuad","ph":"X","pid":"0","tid":"0x117b365c0","ts":"365406330990"},{"cat":"function","dur":"14","name":"renderLine","ph":"X","pid":"0","tid":"0x117b365c0","ts":"365406331020"},{"cat":"function","dur":"12","name":"render","ph":"X","pid":"0","tid":"0x117b365c0","ts":"365406331043"},{"cat":"function","dur":"8","name":"render","ph":"X","pid":"0","tid":"0x117b365c0","ts":"365406331063"},{"cat":"function","dur":"8","name":"render","ph":"X","pid":"0","tid":"0x117b365c0","ts":"365406331078"},{"cat":"function","dur":"216","name":"renderFrame","ph":"X","pid":"0","tid":"0x117b365c0","ts":"365406331043"},{"cat":"function","dur":"11","name":"renderLine","ph":"X","pid":"0","tid":"0x117b365c0","ts":"365406331273"},{"cat":"function","dur":"8","name":"renderLine","ph":"X","pid":"0","tid":"0x117b365c0","ts":"365406331293"},{"cat":"function","dur":"17955","name":"loop","ph":"X","pid":"0","tid":"0x117b365c0","ts":"365406330930"},{"cat":"function","dur":"37","name":"renderCircle","ph":"X","pid":"0","tid":"0x117b365c0","ts":"365406348947"},{"cat":"function","dur":"10","name":"renderQuad","ph":"X","pid":"0","tid":"0x117b365c0","ts":"365406348997"},{"cat":"function","dur":"17","name":"renderLine","ph":"X","pid":"0","tid":"0x117b365c0","ts":"365406349027"},{"cat":"function","dur":"13","name":"render","ph":"X","pid":"0","tid":"0x117b365c0","ts":"365406349074"},{"cat":"function","dur":"8","name":"render","ph":"X","pid":"0","tid":"0x117b365c0","ts":"365406349097"},{"cat":"function","dur":"8","name":"render","ph":"X","pid":"0","tid":"0x117b365c0","ts":"365406349113"},{"cat":"function","dur":"228","name":"renderFrame","ph":"X","pid":"0","tid":"0x117b365c0","ts":"365406349073"},{"cat":"function","dur":"11","name":"renderLine","ph":"X","pid":"0","tid":"0x117b365c0","ts":"365406349314"},{"cat":"function","dur":"8","name":"renderLine","ph":"X","pid":"0","tid":"0x117b365c0","ts":"365406349335"},{"cat":"function","dur":"17869","name":"loop","ph":"X","pid":"0","tid":"0x117b365c0","ts":"365406348924"},{"cat":"function","dur":"36","name":"renderCircle","ph":"X","pid":"0","tid":"0x117b365c0","ts":"365406366887"},{"cat":"function","dur":"11","name":"renderQuad","ph":"X","pid":"0","tid":"0x117b365c0","ts":"365406366935"},{"cat":"function","dur":"30","name":"renderLine","ph":"X","pid":"0","tid":"0x117b365c0","ts":"365406366966"},{"cat":"function","dur":"12","name":"render","ph":"X","pid":"0","tid":"0x117b365c0","ts":"365406367007"},{"cat":"function","dur":"8","name":"render","ph":"X","pid":"0","tid":"0x117b365c0","ts":"365406367028"},{"cat":"function","dur":"8","name":"render","ph":"X","pid":"0","tid":"0x117b365c0","ts":"365406367044"},{"cat":"function","dur":"232","name":"renderFrame","ph":"X","pid":"0","tid":"0x117b365c0","ts":"365406367006"},{"cat":"function","dur":"16","name":"renderLine","ph":"X","pid":"0","tid":"0x117b365c0","ts":"365406367258"},{"cat":"function","dur":"9","name":"renderLine","ph":"X","pid":"0","tid":"0x117b365c0","ts":"365406367286"},{"cat":"function","dur":"16204","name":"loop","ph":"X","pid":"0","tid":"0x117b365c0","ts":"365406366863"},{"cat":"function","dur":"37","name":"renderCircle","ph":"X","pid":"0","tid":"0x117b365c0","ts":"365406383128"},{"cat":"function","dur":"11","name":"renderQuad","ph":"X","pid":"0","tid":"0x117b365c0","ts":"365406383177"},{"cat":"function","dur":"17","name":"renderLine","ph":"X","pid":"0","tid":"0x117b365c0","ts":"365406383208"},{"cat":"function","dur":"12","name":"render","ph":"X","pid":"0","tid":"0x117b365c0","ts":"365406383236"},{"cat":"function","dur":"9","name":"render","ph":"X","pid":"0","tid":"0x117b365c0","ts":"365406383256"},{"cat":"function","dur":"8","name":"render","ph":"X","pid":"0","tid":"0x117b365c0","ts":"365406383272"},{"cat":"function","dur":"221","name":"renderFrame","ph":"X","pid":"0","tid":"0x117b365c0","ts":"365406383235"},{"cat":"function","dur":"11","name":"renderLine","ph":"X","pid":"0","tid":"0x117b365c0","ts":"365406383469"},{"cat":"function","dur":"8","name":"renderLine","ph":"X","pid":"0","tid":"0x117b365c0","ts":"365406383490"},{"cat":"function","dur":"16120","name":"loop","ph":"X","pid":"0","tid":"0x117b365c0","ts":"365406383106"},{"cat":"function","dur":"42","name":"renderCircle","ph":"X","pid":"0","tid":"0x117b365c0","ts":"365406399285"},{"cat":"function","dur":"12","name":"renderQuad","ph":"X","pid":"0","tid":"0x117b365c0","ts":"365406399342"},{"cat":"function","dur":"18","name":"renderLine","ph":"X","pid":"0","tid":"0x117b365c0","ts":"365406399374"},{"cat":"function","dur":"13","name":"render","ph":"X","pid":"0","tid":"0x117b365c0","ts":"365406399402"},{"cat":"function","dur":"9","name":"render","ph":"X","pid":"0","tid":"0x117b365c0","ts":"365406399423"},{"cat":"function","dur":"8","name":"render","ph":"X","pid":"0","tid":"0x117b365c0","ts":"365406399440"},{"cat":"function","dur":"217","name":"renderFrame","ph":"X","pid":"0","tid":"0x117b365c0","ts":"365406399401"},{"cat":"function","dur":"11","name":"renderLine","ph":"X","pid":"0","tid":"0x117b365c0","ts":"365406399631"},{"cat":"function","dur":"8","name":"renderLine","ph":"X","pid":"0","tid":"0x117b365c0","ts":"365406399651"},{"cat":"function","dur":"16405","name":"loop","ph":"X","pid":"0","tid":"0x117b365c0","ts":"365406399264"},{"cat":"function","dur":"33","name":"renderCircle","ph":"X","pid":"0","tid":"0x117b365c0","ts":"365406415753"},{"cat":"function","dur":"13","name":"renderQuad","ph":"X","pid":"0","tid":"0x117b365c0","ts":"365406415820"},{"cat":"function","dur":"15","name":"renderLine","ph":"X","pid":"0","tid":"0x117b365c0","ts":"365406415856"},{"cat":"function","dur":"14","name":"render","ph":"X","pid":"0","tid":"0x117b365c0","ts":"365406415883"},{"cat":"function","dur":"9","name":"render","ph":"X","pid":"0","tid":"0x117b365c0","ts":"365406415906"},{"cat":"function","dur":"8","name":"render","ph":"X","pid":"0","tid":"0x117b365c0","ts":"365406415924"},{"cat":"function","dur":"247","name":"renderFrame","ph":"X","pid":"0","tid":"0x117b365c0","ts":"365406415882"},{"cat":"function","dur":"11","name":"renderLine","ph":"X","pid":"0","tid":"0x117b365c0","ts":"365406416143"},{"cat":"function","dur":"8","name":"renderLine","ph":"X","pid":"0","tid":"0x117b365c0","ts":"365406416164"},{"cat":"function","dur":"16994","name":"loop","ph":"X","pid":"0","tid":"0x117b365c0","ts":"365406415731"},{"cat":"function","dur":"35","name":"renderCircle","ph":"X","pid":"0","tid":"0x117b365c0","ts":"365406432779"},{"cat":"function","dur":"11","name":"renderQuad","ph":"X","pid":"0","tid":"0x117b365c0","ts":"365406432827"},{"cat":"function","dur":"16","name":"renderLine","ph":"X","pid":"0","tid":"0x117b365c0","ts":"365406432858"},{"cat":"function","dur":"13","name":"render","ph":"X","pid":"0","tid":"0x117b365c0","ts":"365406432884"},{"cat":"function","dur":"8","name":"render","ph":"X","pid":"0","tid":"0x117b365c0","ts":"365406432905"},{"cat":"function","dur":"8","name":"render","ph":"X","pid":"0","tid":"0x117b365c0","ts":"365406432921"},{"cat":"function","dur":"214","name":"renderFrame","ph":"X","pid":"0","tid":"0x117b365c0","ts":"365406432884"},{"cat":"function","dur":"10","name":"renderLine","ph":"X","pid":"0","tid":"0x117b365c0","ts":"365406433111"},{"cat":"function","dur":"7","name":"renderLine","ph":"X","pid":"0","tid":"0x117b365c0","ts":"365406433131"},{"cat":"function","dur":"17120","name":"loop","ph":"X","pid":"0","tid":"0x117b365c0","ts":"365406432759"},{"cat":"function","dur":"39","name":"renderCircle","ph":"X","pid":"0","tid":"0x117b365c0","ts":"365406449943"},{"cat":"function","dur":"12","name":"renderQuad","ph":"X","pid":"0","tid":"0x117b365c0","ts":"365406449994"},{"cat":"function","dur":"17","name":"renderLine","ph":"X","pid":"0","tid":"0x117b365c0","ts":"365406450027"},{"cat":"function","dur":"14","name":"render","ph":"X","pid":"0","tid":"0x117b365c0","ts":"365406450055"},{"cat":"function","dur":"9","name":"render","ph":"X","pid":"0","tid":"0x117b365c0","ts":"365406450077"},{"cat":"function","dur":"22","name":"render","ph":"X","pid":"0","tid":"0x117b365c0","ts":"365406450094"},{"cat":"function","dur":"240","name":"renderFrame","ph":"X","pid":"0","tid":"0x117b365c0","ts":"365406450054"},{"cat":"function","dur":"12","name":"renderLine","ph":"X","pid":"0","tid":"0x117b365c0","ts":"365406450307"},{"cat":"function","dur":"7","name":"renderLine","ph":"X","pid":"0","tid":"0x117b365c0","ts":"365406450329"},{"cat":"function","dur":"17922","name":"loop","ph":"X","pid":"0","tid":"0x117b365c0","ts":"365406449920"},{"cat":"function","dur":"51","name":"renderCircle","ph":"X","pid":"0","tid":"0x117b365c0","ts":"365406467933"},{"cat":"function","dur":"11","name":"renderQuad","ph":"X","pid":"0","tid":"0x117b365c0","ts":"365406467997"},{"cat":"function","dur":"16","name":"renderLine","ph":"X","pid":"0","tid":"0x117b365c0","ts":"365406468029"},{"cat":"function","dur":"13","name":"render","ph":"X","pid":"0","tid":"0x117b365c0","ts":"365406468056"},{"cat":"function","dur":"9","name":"render","ph":"X","pid":"0","tid":"0x117b365c0","ts":"365406468077"},{"cat":"function","dur":"8","name":"render","ph":"X","pid":"0","tid":"0x117b365c0","ts":"365406468093"},{"cat":"function","dur":"227","name":"renderFrame","ph":"X","pid":"0","tid":"0x117b365c0","ts":"365406468055"},{"cat":"function","dur":"12","name":"renderLine","ph":"X","pid":"0","tid":"0x117b365c0","ts":"365406468298"},{"cat":"function","dur":"8","name":"renderLine","ph":"X","pid":"0","tid":"0x117b365c0","ts":"365406468321"},{"cat":"function","dur":"17310","name":"loop","ph":"X","pid":"0","tid":"0x117b365c0","ts":"365406467910"},{"cat":"function","dur":"37","name":"renderCircle","ph":"X","pid":"0","tid":"0x117b365c0","ts":"365406485306"},{"cat":"function","dur":"11","name":"renderQuad","ph":"X","pid":"0","tid":"0x117b365c0","ts":"365406485359"},{"cat":"function","dur":"17","name":"renderLine","ph":"X","pid":"0","tid":"0x117b365c0","ts":"365406485391"},{"cat":"function","dur":"14","name":"render","ph":"X","pid":"0","tid":"0x117b365c0","ts":"365406485418"},{"cat":"function","dur":"10","name":"render","ph":"X","pid":"0","tid":"0x117b365c0","ts":"365406485440"},{"cat":"function","dur":"9","name":"render","ph":"X","pid":"0","tid":"0x117b365c0","ts":"365406485457"},{"cat":"function","dur":"225","name":"renderFrame","ph":"X","pid":"0","tid":"0x117b365c0","ts":"365406485418"},{"cat":"function","dur":"11","name":"renderLine","ph":"X","pid":"0","tid":"0x117b365c0","ts":"365406485657"},{"cat":"function","dur":"8","name":"renderLine","ph":"X","pid":"0","tid":"0x117b365c0","ts":"365406485678"},{"cat":"function","dur":"17831","name":"loop","ph":"X","pid":"0","tid":"0x117b365c0","ts":"365406485281"},{"cat":"function","dur":"58","name":"renderCircle","ph":"X","pid":"0","tid":"0x117b365c0","ts":"365406503235"},{"cat":"function","dur":"25","name":"renderQuad","ph":"X","pid":"0","tid":"0x117b365c0","ts":"365406503326"},{"cat":"function","dur":"36","name":"renderLine","ph":"X","pid":"0","tid":"0x117b365c0","ts":"365406503398"},{"cat":"function","dur":"30","name":"render","ph":"X","pid":"0","tid":"0x117b365c0","ts":"365406503458"},{"cat":"function","dur":"20","name":"render","ph":"X","pid":"0","tid":"0x117b365c0","ts":"365406503508"},{"cat":"function","dur":"19","name":"render","ph":"X","pid":"0","tid":"0x117b365c0","ts":"365406503546"},{"cat":"function","dur":"391","name":"renderFrame","ph":"X","pid":"0","tid":"0x117b365c0","ts":"365406503457"},{"cat":"function","dur":"14","name":"renderLine","ph":"X","pid":"0","tid":"0x117b365c0","ts":"365406503863"},{"cat":"function","dur":"7","name":"renderLine","ph":"X","pid":"0","tid":"0x117b365c0","ts":"365406503888"},{"cat":"function","dur":"17145","name":"loop","ph":"X","pid":"0","tid":"0x117b365c0","ts":"365406503210"},{"cat":"function","dur":"36","name":"renderCircle","ph":"X","pid":"0","tid":"0x117b365c0","ts":"365406520415"},{"cat":"function","dur":"11","name":"renderQuad","ph":"X","pid":"0","tid":"0x117b365c0","ts":"365406520463"},{"cat":"function","dur":"17","name":"renderLine","ph":"X","pid":"0","tid":"0x117b365c0","ts":"365406520494"},{"cat":"function","dur":"13","name":"render","ph":"X","pid":"0","tid":"0x117b365c0","ts":"365406520521"},{"cat":"function","dur":"8","name":"render","ph":"X","pid":"0","tid":"0x117b365c0","ts":"365406520542"},{"cat":"function","dur":"8","name":"render","ph":"X","pid":"0","tid":"0x117b365c0","ts":"365406520558"},{"cat":"function","dur":"219","name":"renderFrame","ph":"X","pid":"0","tid":"0x117b365c0","ts":"365406520520"},{"cat":"function","dur":"11","name":"renderLine","ph":"X","pid":"0","tid":"0x117b365c0","ts":"365406520752"},{"cat":"function","dur":"8","name":"renderLine","ph":"X","pid":"0","tid":"0x117b365c0","ts":"365406520773"},{"cat":"function","dur":"17529","name":"loop","ph":"X","pid":"0","tid":"0x117b365c0","ts":"365406520392"},{"cat":"function","dur":"40","name":"renderCircle","ph":"X","pid":"0","tid":"0x117b365c0","ts":"365406538109"},{"cat":"function","dur":"12","name":"renderQuad","ph":"X","pid":"0","tid":"0x117b365c0","ts":"365406538175"},{"cat":"function","dur":"17","name":"renderLine","ph":"X","pid":"0","tid":"0x117b365c0","ts":"365406538213"},{"cat":"function","dur":"13","name":"render","ph":"X","pid":"0","tid":"0x117b365c0","ts":"365406538245"},{"cat":"function","dur":"9","name":"render","ph":"X","pid":"0","tid":"0x117b365c0","ts":"365406538270"},{"cat":"function","dur":"8","name":"render","ph":"X","pid":"0","tid":"0x117b365c0","ts":"365406538291"},{"cat":"function","dur":"253","name":"renderFrame","ph":"X","pid":"0","tid":"0x117b365c0","ts":"365406538244"},{"cat":"function","dur":"17","name":"renderLine","ph":"X","pid":"0","tid":"0x117b365c0","ts":"365406538547"},{"cat":"function","dur":"10","name":"renderLine","ph":"X","pid":"0","tid":"0x117b365c0","ts":"365406538584"},{"cat":"function","dur":"17169","name":"loop","ph":"X","pid":"0","tid":"0x117b365c0","ts":"365406538084"},{"cat":"function","dur":"36","name":"renderCircle","ph":"X","pid":"0","tid":"0x117b365c0","ts":"365406555313"},{"cat":"function","dur":"11","name":"renderQuad","ph":"X","pid":"0","tid":"0x117b365c0","ts":"365406555361"},{"cat":"function","dur":"16","name":"renderLine","ph":"X","pid":"0","tid":"0x117b365c0","ts":"365406555392"},{"cat":"function","dur":"13","name":"render","ph":"X","pid":"0","tid":"0x117b365c0","ts":"365406555418"},{"cat":"function","dur":"8","name":"render","ph":"X","pid":"0","tid":"0x117b365c0","ts":"365406555439"},{"cat":"function","dur":"7","name":"render","ph":"X","pid":"0","tid":"0x117b365c0","ts":"365406555455"},{"cat":"function","dur":"217","name":"renderFrame","ph":"X","pid":"0","tid":"0x117b365c0","ts":"365406555418"},{"cat":"function","dur":"11","name":"renderLine","ph":"X","pid":"0","tid":"0x117b365c0","ts":"365406555648"},{"cat":"function","dur":"8","name":"renderLine","ph":"X","pid":"0","tid":"0x117b365c0","ts":"365406555668"},{"cat":"function","dur":"17326","name":"loop","ph":"X","pid":"0","tid":"0x117b365c0","ts":"365406555291"},{"cat":"function","dur":"39","name":"renderCircle","ph":"X","pid":"0","tid":"0x117b365c0","ts":"365406572717"},{"cat":"function","dur":"12","name":"renderQuad","ph":"X","pid":"0","tid":"0x117b365c0","ts":"365406572771"},{"cat":"function","dur":"17","name":"renderLine","ph":"X","pid":"0","tid":"0x117b365c0","ts":"365406572805"},{"cat":"function","dur":"14","name":"render","ph":"X","pid":"0","tid":"0x117b365c0","ts":"365406572834"},{"cat":"function","dur":"9","name":"render","ph":"X","pid":"0","tid":"0x117b365c0","ts":"365406572868"},{"cat":"function","dur":"9","name":"render","ph":"X","pid":"0","tid":"0x117b365c0","ts":"365406572886"},{"cat":"function","dur":"297","name":"renderFrame","ph":"X","pid":"0","tid":"0x117b365c0","ts":"365406572834"},{"cat":"function","dur":"28","name":"renderLine","ph":"X","pid":"0","tid":"0x117b365c0","ts":"365406573172"},{"cat":"function","dur":"10","name":"renderLine","ph":"X","pid":"0","tid":"0x117b365c0","ts":"365406573219"},{"cat":"function","dur":"17503","name":"loop","ph":"X","pid":"0","tid":"0x117b365c0","ts":"365406572679"},{"cat":"function","dur":"38","name":"renderCircle","ph":"X","pid":"0","tid":"0x117b365c0","ts":"365406590246"},{"cat":"function","dur":"10","name":"renderQuad","ph":"X","pid":"0","tid":"0x117b365c0","ts":"365406590297"},{"cat":"function","dur":"17","name":"renderLine","ph":"X","pid":"0","tid":"0x117b365c0","ts":"365406590327"},{"cat":"function","dur":"13","name":"render","ph":"X","pid":"0","tid":"0x117b365c0","ts":"365406590354"},{"cat":"function","dur":"9","name":"render","ph":"X","pid":"0","tid":"0x117b365c0","ts":"365406590375"},{"cat":"function","dur":"8","name":"render","ph":"X","pid":"0","tid":"0x117b365c0","ts":"365406590391"},{"cat":"function","dur":"217","name":"renderFrame","ph":"X","pid":"0","tid":"0x117b365c0","ts":"365406590354"},{"cat":"function","dur":"11","name":"renderLine","ph":"X","pid":"0","tid":"0x117b365c0","ts":"365406590584"},{"cat":"function","dur":"7","name":"renderLine","ph":"X","pid":"0","tid":"0x117b365c0","ts":"365406590605"},{"cat":"function","dur":"63114","name":"loop","ph":"X","pid":"0","tid":"0x117b365c0","ts":"365406590223"},{"cat":"function","dur":"31","name":"renderCircle","ph":"X","pid":"0","tid":"0x117b365c0","ts":"365406653391"},{"cat":"function","dur":"27","name":"renderQuad","ph":"X","pid":"0","tid":"0x117b365c0","ts":"365406653434"},{"cat":"function","dur":"17","name":"renderLine","ph":"X","pid":"0","tid":"0x117b365c0","ts":"365406653493"},{"cat":"function","dur":"14","name":"render","ph":"X","pid":"0","tid":"0x117b365c0","ts":"365406653522"},{"cat":"function","dur":"9","name":"render","ph":"X","pid":"0","tid":"0x117b365c0","ts":"365406653545"},{"cat":"function","dur":"9","name":"render","ph":"X","pid":"0","tid":"0x117b365c0","ts":"365406653580"},{"cat":"function","dur":"237","name":"renderFrame","ph":"X","pid":"0","tid":"0x117b365c0","ts":"365406653522"},{"cat":"function","dur":"11","name":"renderLine","ph":"X","pid":"0","tid":"0x117b365c0","ts":"365406653772"},{"cat":"function","dur":"8","name":"renderLine","ph":"X","pid":"0","tid":"0x117b365c0","ts":"365406653792"},{"cat":"function","dur":"17479","name":"loop","ph":"X","pid":"0","tid":"0x117b365c0","ts":"365406653373"},{"cat":"function","dur":"38","name":"renderCircle","ph":"X","pid":"0","tid":"0x117b365c0","ts":"365406670912"},{"cat":"function","dur":"11","name":"renderQuad","ph":"X","pid":"0","tid":"0x117b365c0","ts":"365406670962"},{"cat":"function","dur":"16","name":"renderLine","ph":"X","pid":"0","tid":"0x117b365c0","ts":"365406670993"},{"cat":"function","dur":"12","name":"render","ph":"X","pid":"0","tid":"0x117b365c0","ts":"365406671019"},{"cat":"function","dur":"9","name":"render","ph":"X","pid":"0","tid":"0x117b365c0","ts":"365406671039"},{"cat":"function","dur":"8","name":"render","ph":"X","pid":"0","tid":"0x117b365c0","ts":"365406671055"},{"cat":"function","dur":"212","name":"renderFrame","ph":"X","pid":"0","tid":"0x117b365c0","ts":"365406671018"},{"cat":"function","dur":"10","name":"renderLine","ph":"X","pid":"0","tid":"0x117b365c0","ts":"365406671243"},{"cat":"function","dur":"7","name":"renderLine","ph":"X","pid":"0","tid":"0x117b365c0","ts":"365406671263"},{"cat":"function","dur":"16614","name":"loop","ph":"X","pid":"0","tid":"0x117b365c0","ts":"365406670890"},{"cat":"function","dur":"37","name":"renderCircle","ph":"X","pid":"0","tid":"0x117b365c0","ts":"365406687562"},{"cat":"function","dur":"11","name":"renderQuad","ph":"X","pid":"0","tid":"0x117b365c0","ts":"365406687611"},{"cat":"function","dur":"17","name":"renderLine","ph":"X","pid":"0","tid":"0x117b365c0","ts":"365406687641"},{"cat":"function","dur":"13","name":"render","ph":"X","pid":"0","tid":"0x117b365c0","ts":"365406687668"},{"cat":"function","dur":"9","name":"render","ph":"X","pid":"0","tid":"0x117b365c0","ts":"365406687690"},{"cat":"function","dur":"8","name":"render","ph":"X","pid":"0","tid":"0x117b365c0","ts":"365406687706"},{"cat":"function","dur":"221","name":"renderFrame","ph":"X","pid":"0","tid":"0x117b365c0","ts":"365406687667"},{"cat":"function","dur":"10","name":"renderLine","ph":"X","pid":"0","tid":"0x117b365c0","ts":"365406687902"},{"cat":"function","dur":"8","name":"renderLine","ph":"X","pid":"0","tid":"0x117b365c0","ts":"365406687923"},{"cat":"function","dur":"17592","name":"loop","ph":"X","pid":"0","tid":"0x117b365c0","ts":"365406687541"},{"cat":"function","dur":"35","name":"renderCircle","ph":"X","pid":"0","tid":"0x117b365c0","ts":"365406705188"},{"cat":"function","dur":"11","name":"renderQuad","ph":"X","pid":"0","tid":"0x117b365c0","ts":"365406705236"},{"cat":"function","dur":"16","name":"renderLine","ph":"X","pid":"0","tid":"0x117b365c0","ts":"365406705267"},{"cat":"function","dur":"12","name":"render","ph":"X","pid":"0","tid":"0x117b365c0","ts":"365406705293"},{"cat":"function","dur":"9","name":"render","ph":"X","pid":"0","tid":"0x117b365c0","ts":"365406705312"},{"cat":"function","dur":"8","name":"render","ph":"X","pid":"0","tid":"0x117b365c0","ts":"365406705328"},{"cat":"function","dur":"211","name":"renderFrame","ph":"X","pid":"0","tid":"0x117b365c0","ts":"365406705292"},{"cat":"function","dur":"11","name":"renderLine","ph":"X","pid":"0","tid":"0x117b365c0","ts":"365406705515"},{"cat":"function","dur":"7","name":"renderLine","ph":"X","pid":"0","tid":"0x117b365c0","ts":"365406705535"},{"cat":"function","dur":"17433","name":"loop","ph":"X","pid":"0","tid":"0x117b365c0","ts":"365406705166"},{"cat":"function","dur":"83","name":"renderCircle","ph":"X","pid":"0","tid":"0x117b365c0","ts":"365406722739"},{"cat":"function","dur":"30","name":"renderQuad","ph":"X","pid":"0","tid":"0x117b365c0","ts":"365406722864"},{"cat":"function","dur":"52","name":"renderLine","ph":"X","pid":"0","tid":"0x117b365c0","ts":"365406722949"},{"cat":"function","dur":"42","name":"render","ph":"X","pid":"0","tid":"0x117b365c0","ts":"365406723085"},{"cat":"function","dur":"24","name":"render","ph":"X","pid":"0","tid":"0x117b365c0","ts":"365406723155"},{"cat":"function","dur":"20","name":"render","ph":"X","pid":"0","tid":"0x117b365c0","ts":"365406723200"},{"cat":"function","dur":"613","name":"renderFrame","ph":"X","pid":"0","tid":"0x117b365c0","ts":"365406723084"},{"cat":"function","dur":"27","name":"renderLine","ph":"X","pid":"0","tid":"0x117b365c0","ts":"365406723735"},{"cat":"function","dur":"13","name":"renderLine","ph":"X","pid":"0","tid":"0x117b365c0","ts":"365406723780"},{"cat":"function","dur":"19538","name":"loop","ph":"X","pid":"0","tid":"0x117b365c0","ts":"365406722689"},{"cat":"function","dur":"30","name":"renderCircle","ph":"X","pid":"0","tid":"0x117b365c0","ts":"365406742277"},{"cat":"function","dur":"10","name":"renderQuad","ph":"X","pid":"0","tid":"0x117b365c0","ts":"365406742320"},{"cat":"function","dur":"16","name":"renderLine","ph":"X","pid":"0","tid":"0x117b365c0","ts":"365406742349"},{"cat":"function","dur":"12","name":"render","ph":"X","pid":"0","tid":"0x117b365c0","ts":"365406742375"},{"cat":"function","dur":"8","name":"render","ph":"X","pid":"0","tid":"0x117b365c0","ts":"365406742396"},{"cat":"function","dur":"7","name":"render","ph":"X","pid":"0","tid":"0x117b365c0","ts":"365406742412"},{"cat":"function","dur":"217","name":"renderFrame","ph":"X","pid":"0","tid":"0x117b365c0","ts":"365406742374"},{"cat":"function","dur":"11","name":"renderLine","ph":"X","pid":"0","tid":"0x117b365c0","ts":"365406742603"},{"cat":"function","dur":"7","name":"renderLine","ph":"X","pid":"0","tid":"0x117b365c0","ts":"365406742624"},{"cat":"function","dur":"17971","name":"loop","ph":"X","pid":"0","tid":"0x117b365c0","ts":"365406742262"},{"cat":"function","dur":"45","name":"renderCircle","ph":"X","pid":"0","tid":"0x117b365c0","ts":"365406760311"},{"cat":"function","dur":"12","name":"renderQuad","ph":"X","pid":"0","tid":"0x117b365c0","ts":"365406760370"},{"cat":"function","dur":"21","name":"renderLine","ph":"X","pid":"0","tid":"0x117b365c0","ts":"365406760404"},{"cat":"function","dur":"17","name":"render","ph":"X","pid":"0","tid":"0x117b365c0","ts":"365406760436"},{"cat":"function","dur":"10","name":"render","ph":"X","pid":"0","tid":"0x117b365c0","ts":"365406760461"},{"cat":"function","dur":"9","name":"render","ph":"X","pid":"0","tid":"0x117b365c0","ts":"365406760479"},{"cat":"function","dur":"232","name":"renderFrame","ph":"X","pid":"0","tid":"0x117b365c0","ts":"365406760435"},{"cat":"function","dur":"12","name":"renderLine","ph":"X","pid":"0","tid":"0x117b365c0","ts":"365406760681"},{"cat":"function","dur":"8","name":"renderLine","ph":"X","pid":"0","tid":"0x117b365c0","ts":"365406760704"},{"cat":"function","dur":"16392","name":"loop","ph":"X","pid":"0","tid":"0x117b365c0","ts":"365406760290"},{"cat":"function","dur":"30","name":"renderCircle","ph":"X","pid":"0","tid":"0x117b365c0","ts":"365406776733"},{"cat":"function","dur":"10","name":"renderQuad","ph":"X","pid":"0","tid":"0x117b365c0","ts":"365406776775"},{"cat":"function","dur":"15","name":"renderLine","ph":"X","pid":"0","tid":"0x117b365c0","ts":"365406776804"},{"cat":"function","dur":"12","name":"render","ph":"X","pid":"0","tid":"0x117b365c0","ts":"365406776829"},{"cat":"function","dur":"8","name":"render","ph":"X","pid":"0","tid":"0x117b365c0","ts":"365406776849"},{"cat":"function","dur":"8","name":"render","ph":"X","pid":"0","tid":"0x117b365c0","ts":"365406776864"},{"cat":"function","dur":"212","name":"renderFrame","ph":"X","pid":"0","tid":"0x117b365c0","ts":"365406776828"},{"cat":"function","dur":"10","name":"renderLine","ph":"X","pid":"0","tid":"0x117b365c0","ts":"365406777053"},{"cat":"function","dur":"7","name":"renderLine","ph":"X","pid":"0","tid":"0x117b365c0","ts":"365406777073"},{"cat":"function","dur":"17792","name":"loop","ph":"X","pid":"0","tid":"0x117b365c0","ts":"365406776717"},{"cat":"function","dur":"47","name":"renderCircle","ph":"X","pid":"0","tid":"0x117b365c0","ts":"365406794593"},{"cat":"function","dur":"15","name":"renderQuad","ph":"X","pid":"0","tid":"0x117b365c0","ts":"365406794681"},{"cat":"function","dur":"24","name":"renderLine","ph":"X","pid":"0","tid":"0x117b365c0","ts":"365406794721"},{"cat":"function","dur":"17","name":"render","ph":"X","pid":"0","tid":"0x117b365c0","ts":"365406794757"},{"cat":"function","dur":"11","name":"render","ph":"X","pid":"0","tid":"0x117b365c0","ts":"365406794784"},{"cat":"function","dur":"9","name":"render","ph":"X","pid":"0","tid":"0x117b365c0","ts":"365406794803"},{"cat":"function","dur":"250","name":"renderFrame","ph":"X","pid":"0","tid":"0x117b365c0","ts":"365406794756"},{"cat":"function","dur":"13","name":"renderLine","ph":"X","pid":"0","tid":"0x117b365c0","ts":"365406795021"},{"cat":"function","dur":"8","name":"renderLine","ph":"X","pid":"0","tid":"0x117b365c0","ts":"365406795046"},{"cat":"function","dur":"17202","name":"loop","ph":"X","pid":"0","tid":"0x117b365c0","ts":"365406794570"},{"cat":"function","dur":"31","name":"renderCircle","ph":"X","pid":"0","tid":"0x117b365c0","ts":"365406811823"},{"cat":"function","dur":"11","name":"renderQuad","ph":"X","pid":"0","tid":"0x117b365c0","ts":"365406811865"},{"cat":"function","dur":"16","name":"renderLine","ph":"X","pid":"0","tid":"0x117b365c0","ts":"365406811895"},{"cat":"function","dur":"13","name":"render","ph":"X","pid":"0","tid":"0x117b365c0","ts":"365406811920"},{"cat":"function","dur":"8","name":"render","ph":"X","pid":"0","tid":"0x117b365c0","ts":"365406811941"},{"cat":"function","dur":"7","name":"render","ph":"X","pid":"0","tid":"0x117b365c0","ts":"365406811957"},{"cat":"function","dur":"216","name":"renderFrame","ph":"X","pid":"0","tid":"0x117b365c0","ts":"365406811920"},{"cat":"function","dur":"10","name":"renderLine","ph":"X","pid":"0","tid":"0x117b365c0","ts":"365406812149"},{"cat":"function","dur":"7","name":"renderLine","ph":"X","pid":"0","tid":"0x117b365c0","ts":"365406812169"},{"cat":"function","dur":"16858","name":"loop","ph":"X","pid":"0","tid":"0x117b365c0","ts":"365406811807"},{"cat":"function","dur":"48","name":"renderCircle","ph":"X","pid":"0","tid":"0x117b365c0","ts":"365406828746"},{"cat":"function","dur":"14","name":"renderQuad","ph":"X","pid":"0","tid":"0x117b365c0","ts":"365406828809"},{"cat":"function","dur":"23","name":"renderLine","ph":"X","pid":"0","tid":"0x117b365c0","ts":"365406828845"},{"cat":"function","dur":"16","name":"render","ph":"X","pid":"0","tid":"0x117b365c0","ts":"365406828880"},{"cat":"function","dur":"10","name":"render","ph":"X","pid":"0","tid":"0x117b365c0","ts":"365406828905"},{"cat":"function","dur":"9","name":"render","ph":"X","pid":"0","tid":"0x117b365c0","ts":"365406828923"},{"cat":"function","dur":"252","name":"renderFrame","ph":"X","pid":"0","tid":"0x117b365c0","ts":"365406828879"},{"cat":"function","dur":"13","name":"renderLine","ph":"X","pid":"0","tid":"0x117b365c0","ts":"365406829146"},{"cat":"function","dur":"8","name":"renderLine","ph":"X","pid":"0","tid":"0x117b365c0","ts":"365406829170"},{"cat":"function","dur":"16899","name":"loop","ph":"X","pid":"0","tid":"0x117b365c0","ts":"365406828722"},{"cat":"function","dur":"31","name":"renderCircle","ph":"X","pid":"0","tid":"0x117b365c0","ts":"365406845672"},{"cat":"function","dur":"10","name":"renderQuad","ph":"X","pid":"0","tid":"0x117b365c0","ts":"365406845715"},{"cat":"function","dur":"16","name":"renderLine","ph":"X","pid":"0","tid":"0x117b365c0","ts":"365406845744"},{"cat":"function","dur":"12","name":"render","ph":"X","pid":"0","tid":"0x117b365c0","ts":"365406845770"},{"cat":"function","dur":"8","name":"render","ph":"X","pid":"0","tid":"0x117b365c0","ts":"365406845790"},{"cat":"function","dur":"8","name":"render","ph":"X","pid":"0","tid":"0x117b365c0","ts":"365406845805"},{"cat":"function","dur":"216","name":"renderFrame","ph":"X","pid":"0","tid":"0x117b365c0","ts":"365406845769"},{"cat":"function","dur":"11","name":"renderLine","ph":"X","pid":"0","tid":"0x117b365c0","ts":"365406845997"},{"cat":"function","dur":"7","name":"renderLine","ph":"X","pid":"0","tid":"0x117b365c0","ts":"365406846018"},{"cat":"function","dur":"16714","name":"loop","ph":"X","pid":"0","tid":"0x117b365c0","ts":"365406845656"},{"cat":"function","dur":"50","name":"renderCircle","ph":"X","pid":"0","tid":"0x117b365c0","ts":"365406862451"},{"cat":"function","dur":"13","name":"renderQuad","ph":"X","pid":"0","tid":"0x117b365c0","ts":"365406862515"},{"cat":"function","dur":"23","name":"renderLine","ph":"X","pid":"0","tid":"0x117b365c0","ts":"365406862551"},{"cat":"function","dur":"17","name":"render","ph":"X","pid":"0","tid":"0x117b365c0","ts":"365406862585"},{"cat":"function","dur":"10","name":"render","ph":"X","pid":"0","tid":"0x117b365c0","ts":"365406862611"},{"cat":"function","dur":"9","name":"render","ph":"X","pid":"0","tid":"0x117b365c0","ts":"365406862629"},{"cat":"function","dur":"248","name":"renderFrame","ph":"X","pid":"0","tid":"0x117b365c0","ts":"365406862584"},{"cat":"function","dur":"11","name":"renderLine","ph":"X","pid":"0","tid":"0x117b365c0","ts":"365406862847"},{"cat":"function","dur":"8","name":"renderLine","ph":"X","pid":"0","tid":"0x117b365c0","ts":"365406862870"},{"cat":"function","dur":"17448","name":"loop","ph":"X","pid":"0","tid":"0x117b365c0","ts":"365406862428"},{"cat":"function","dur":"33","name":"renderCircle","ph":"X","pid":"0","tid":"0x117b365c0","ts":"365406879932"},{"cat":"function","dur":"10","name":"renderQuad","ph":"X","pid":"0","tid":"0x117b365c0","ts":"365406879978"},{"cat":"function","dur":"16","name":"renderLine","ph":"X","pid":"0","tid":"0x117b365c0","ts":"365406880008"},{"cat":"function","dur":"13","name":"render","ph":"X","pid":"0","tid":"0x117b365c0","ts":"365406880034"},{"cat":"function","dur":"8","name":"render","ph":"X","pid":"0","tid":"0x117b365c0","ts":"365406880055"},{"cat":"function","dur":"8","name":"render","ph":"X","pid":"0","tid":"0x117b365c0","ts":"365406880071"},{"cat":"function","dur":"218","name":"renderFrame","ph":"X","pid":"0","tid":"0x117b365c0","ts":"365406880033"},{"cat":"function","dur":"11","name":"renderLine","ph":"X","pid":"0","tid":"0x117b365c0","ts":"365406880264"},{"cat":"function","dur":"8","name":"renderLine","ph":"X","pid":"0","tid":"0x117b365c0","ts":"365406880285"},{"cat":"function","dur":"16678","name":"loop","ph":"X","pid":"0","tid":"0x117b365c0","ts":"365406879913"},{"cat":"function","dur":"39","name":"renderCircle","ph":"X","pid":"0","tid":"0x117b365c0","ts":"365406896649"},{"cat":"function","dur":"12","name":"renderQuad","ph":"X","pid":"0","tid":"0x117b365c0","ts":"365406896701"},{"cat":"function","dur":"17","name":"renderLine","ph":"X","pid":"0","tid":"0x117b365c0","ts":"365406896735"},{"cat":"function","dur":"15","name":"render","ph":"X","pid":"0","tid":"0x117b365c0","ts":"365406896763"},{"cat":"function","dur":"9","name":"render","ph":"X","pid":"0","tid":"0x117b365c0","ts":"365406896787"},{"cat":"function","dur":"9","name":"render","ph":"X","pid":"0","tid":"0x117b365c0","ts":"365406896804"},{"cat":"function","dur":"237","name":"renderFrame","ph":"X","pid":"0","tid":"0x117b365c0","ts":"365406896762"},{"cat":"function","dur":"11","name":"renderLine","ph":"X","pid":"0","tid":"0x117b365c0","ts":"365406897013"},{"cat":"function","dur":"8","name":"renderLine","ph":"X","pid":"0","tid":"0x117b365c0","ts":"365406897035"},{"cat":"function","dur":"17252","name":"loop","ph":"X","pid":"0","tid":"0x117b365c0","ts":"365406896630"},{"cat":"function","dur":"77","name":"renderCircle","ph":"X","pid":"0","tid":"0x117b365c0","ts":"365406913933"},{"cat":"function","dur":"11","name":"renderQuad","ph":"X","pid":"0","tid":"0x117b365c0","ts":"365406914024"},{"cat":"function","dur":"15","name":"renderLine","ph":"X","pid":"0","tid":"0x117b365c0","ts":"365406914055"},{"cat":"function","dur":"12","name":"render","ph":"X","pid":"0","tid":"0x117b365c0","ts":"365406914080"},{"cat":"function","dur":"9","name":"render","ph":"X","pid":"0","tid":"0x117b365c0","ts":"365406914099"},{"cat":"function","dur":"8","name":"render","ph":"X","pid":"0","tid":"0x117b365c0","ts":"365406914115"},{"cat":"function","dur":"212","name":"renderFrame","ph":"X","pid":"0","tid":"0x117b365c0","ts":"365406914079"},{"cat":"function","dur":"11","name":"renderLine","ph":"X","pid":"0","tid":"0x117b365c0","ts":"365406914323"},{"cat":"function","dur":"7","name":"renderLine","ph":"X","pid":"0","tid":"0x117b365c0","ts":"365406914345"},{"cat":"function","dur":"16643","name":"loop","ph":"X","pid":"0","tid":"0x117b365c0","ts":"365406913915"},{"cat":"function","dur":"39","name":"renderCircle","ph":"X","pid":"0","tid":"0x117b365c0","ts":"365406930626"},{"cat":"function","dur":"12","name":"renderQuad","ph":"X","pid":"0","tid":"0x117b365c0","ts":"365406930679"},{"cat":"function","dur":"17","name":"renderLine","ph":"X","pid":"0","tid":"0x117b365c0","ts":"365406930712"},{"cat":"function","dur":"14","name":"render","ph":"X","pid":"0","tid":"0x117b365c0","ts":"365406930740"},{"cat":"function","dur":"9","name":"render","ph":"X","pid":"0","tid":"0x117b365c0","ts":"365406930763"},{"cat":"function","dur":"9","name":"render","ph":"X","pid":"0","tid":"0x117b365c0","ts":"365406930781"},{"cat":"function","dur":"308","name":"renderFrame","ph":"X","pid":"0","tid":"0x117b365c0","ts":"365406930739"},{"cat":"function","dur":"16","name":"renderLine","ph":"X","pid":"0","tid":"0x117b365c0","ts":"365406931073"},{"cat":"function","dur":"10","name":"renderLine","ph":"X","pid":"0","tid":"0x117b365c0","ts":"365406931102"},{"cat":"function","dur":"16799","name":"loop","ph":"X","pid":"0","tid":"0x117b365c0","ts":"365406930603"},{"cat":"function","dur":"25","name":"renderCircle","ph":"X","pid":"0","tid":"0x117b365c0","ts":"365406947448"},{"cat":"function","dur":"10","name":"renderQuad","ph":"X","pid":"0","tid":"0x117b365c0","ts":"365406947485"},{"cat":"function","dur":"14","name":"renderLine","ph":"X","pid":"0","tid":"0x117b365c0","ts":"365406947513"},{"cat":"function","dur":"11","name":"render","ph":"X","pid":"0","tid":"0x117b365c0","ts":"365406947537"},{"cat":"function","dur":"8","name":"render","ph":"X","pid":"0","tid":"0x117b365c0","ts":"365406947556"},{"cat":"function","dur":"7","name":"render","ph":"X","pid":"0","tid":"0x117b365c0","ts":"365406947571"},{"cat":"function","dur":"207","name":"renderFrame","ph":"X","pid":"0","tid":"0x117b365c0","ts":"365406947536"},{"cat":"function","dur":"10","name":"renderLine","ph":"X","pid":"0","tid":"0x117b365c0","ts":"365406947755"},{"cat":"function","dur":"7","name":"renderLine","ph":"X","pid":"0","tid":"0x117b365c0","ts":"365406947775"},{"cat":"function","dur":"16819","name":"loop","ph":"X","pid":"0","tid":"0x117b365c0","ts":"365406947431"},{"cat":"function","dur":"34","name":"renderCircle","ph":"X","pid":"0","tid":"0x117b365c0","ts":"365406964301"},{"cat":"function","dur":"11","name":"renderQuad","ph":"X","pid":"0","tid":"0x117b365c0","ts":"365406964347"},{"cat":"function","dur":"16","name":"renderLine","ph":"X","pid":"0","tid":"0x117b365c0","ts":"365406964378"},{"cat":"function","dur":"13","name":"render","ph":"X","pid":"0","tid":"0x117b365c0","ts":"365406964404"},{"cat":"function","dur":"9","name":"render","ph":"X","pid":"0","tid":"0x117b365c0","ts":"365406964425"},{"cat":"function","dur":"8","name":"render","ph":"X","pid":"0","tid":"0x117b365c0","ts":"365406964442"},{"cat":"function","dur":"235","name":"renderFrame","ph":"X","pid":"0","tid":"0x117b365c0","ts":"365406964403"},{"cat":"function","dur":"9","name":"renderLine","ph":"X","pid":"0","tid":"0x117b365c0","ts":"365406964650"},{"cat":"function","dur":"8","name":"renderLine","ph":"X","pid":"0","tid":"0x117b365c0","ts":"365406964689"},{"cat":"function","dur":"16781","name":"loop","ph":"X","pid":"0","tid":"0x117b365c0","ts":"365406964280"},{"cat":"function","dur":"30","name":"renderCircle","ph":"X","pid":"0","tid":"0x117b365c0","ts":"365406981117"},{"cat":"function","dur":"11","name":"renderQuad","ph":"X","pid":"0","tid":"0x117b365c0","ts":"365406981158"},{"cat":"function","dur":"15","name":"renderLine","ph":"X","pid":"0","tid":"0x117b365c0","ts":"365406981187"},{"cat":"function","dur":"12","name":"render","ph":"X","pid":"0","tid":"0x117b365c0","ts":"365406981212"},{"cat":"function","dur":"8","name":"render","ph":"X","pid":"0","tid":"0x117b365c0","ts":"365406981232"},{"cat":"function","dur":"8","name":"render","ph":"X","pid":"0","tid":"0x117b365c0","ts":"365406981250"},{"cat":"function","dur":"215","name":"renderFrame","ph":"X","pid":"0","tid":"0x117b365c0","ts":"365406981211"},{"cat":"function","dur":"10","name":"renderLine","ph":"X","pid":"0","tid":"0x117b365c0","ts":"365406981438"},{"cat":"function","dur":"7","name":"renderLine","ph":"X","pid":"0","tid":"0x117b365c0","ts":"365406981458"},{"cat":"function","dur":"16999","name":"loop","ph":"X","pid":"0","tid":"0x117b365c0","ts":"365406981098"},{"cat":"function","dur":"33","name":"renderCircle","ph":"X","pid":"0","tid":"0x117b365c0","ts":"365406998174"},{"cat":"function","dur":"12","name":"renderQuad","ph":"X","pid":"0","tid":"0x117b365c0","ts":"365406998220"},{"cat":"function","dur":"17","name":"renderLine","ph":"X","pid":"0","tid":"0x117b365c0","ts":"365406998252"},{"cat":"function","dur":"13","name":"render","ph":"X","pid":"0","tid":"0x117b365c0","ts":"365406998280"},{"cat":"function","dur":"9","name":"render","ph":"X","pid":"0","tid":"0x117b365c0","ts":"365406998302"},{"cat":"function","dur":"8","name":"render","ph":"X","pid":"0","tid":"0x117b365c0","ts":"365406998320"},{"cat":"function","dur":"235","name":"renderFrame","ph":"X","pid":"0","tid":"0x117b365c0","ts":"365406998279"},{"cat":"function","dur":"11","name":"renderLine","ph":"X","pid":"0","tid":"0x117b365c0","ts":"365406998529"},{"cat":"function","dur":"8","name":"renderLine","ph":"X","pid":"0","tid":"0x117b365c0","ts":"365406998551"},{"cat":"function","dur":"16252","name":"loop","ph":"X","pid":"0","tid":"0x117b365c0","ts":"365406998153"},{"cat":"function","dur":"28","name":"renderCircle","ph":"X","pid":"0","tid":"0x117b365c0","ts":"365407014454"},{"cat":"function","dur":"9","name":"renderQuad","ph":"X","pid":"0","tid":"0x117b365c0","ts":"365407014494"},{"cat":"function","dur":"14","name":"renderLine","ph":"X","pid":"0","tid":"0x117b365c0","ts":"365407014522"},{"cat":"function","dur":"11","name":"render","ph":"X","pid":"0","tid":"0x117b365c0","ts":"365407014546"},{"cat":"function","dur":"8","name":"render","ph":"X","pid":"0","tid":"0x117b365c0","ts":"365407014565"},{"cat":"function","dur":"8","name":"render","ph":"X","pid":"0","tid":"0x117b365c0","ts":"365407014580"},{"cat":"function","dur":"207","name":"renderFrame","ph":"X","pid":"0","tid":"0x117b365c0","ts":"365407014545"},{"cat":"function","dur":"10","name":"renderLine","ph":"X","pid":"0","tid":"0x117b365c0","ts":"365407014764"},{"cat":"function","dur":"7","name":"renderLine","ph":"X","pid":"0","tid":"0x117b365c0","ts":"365407014784"},{"cat":"function","dur":"96985","name":"loop","ph":"X","pid":"0","tid":"0x117b365c0","ts":"365407014437"}],"displayTimeUnit":"ns"}