{"traceEvents": [{"cat": "function","dur": "8102578","name": "renderCircle","ph": "X","pid": "0x109db95c0","tid": "0","ts": "97391593223461"},{"cat": "function","dur": "2744263","name": "render","ph": "X","pid": "0x109db95c0","tid": "0","ts": "97391602413986"},{"cat": "function","dur": "102635","name": "render","ph": "X","pid": "0x109db95c0","tid": "0","ts": "97391605238205"},{"cat": "function","dur": "53259","name": "computeLineOfSightVertices","ph": "X","pid": "0x70000b0cc000","tid": "0","ts": "97391605530807"},{"cat": "function","dur": "2233111","name": "getShadowMesh","ph": "X","pid": "0x109db95c0","tid": "0","ts": "97391605418418"},{"cat": "function","dur": "8614337","name": "renderAntiShadows","ph": "X","pid": "0x109db95c0","tid": "0","ts": "97391605417960"},{"cat": "function","dur": "2038839","name": "renderOutline","ph": "X","pid": "0x109db95c0","tid": "0","ts": "97391614136286"},{"cat": "function","dur": "96365","name": "renderOutline","ph": "X","pid": "0x109db95c0","tid": "0","ts": "97391616343299"},{"cat": "function","dur": "14146048","name": "renderFrame","ph": "X","pid": "0x109db95c0","tid": "0","ts": "97391602400658"},{"cat": "function","dur": "2689928","name": "renderLine","ph": "X","pid": "0x109db95c0","tid": "0","ts": "97391616645144"},{"cat": "function","dur": "553235","name": "renderLine","ph": "X","pid": "0x109db95c0","tid": "0","ts": "97391619647649"},{"cat": "function","dur": "213858493","name": "loop","ph": "X","pid": "0x109db95c0","tid": "0","ts": "97391593035524"},{"cat": "function","dur": "124794","name": "getShadowMesh","ph": "X","pid": "0x109db95c0","tid": "0","ts": "97391807039527"},{"cat": "function","dur": "194591","name": "renderAntiShadows","ph": "X","pid": "0x109db95c0","tid": "0","ts": "97391807039350"},{"cat": "function","dur": "265767","name": "renderFrame","ph": "X","pid": "0x109db95c0","tid": "0","ts": "97391807007698"},{"cat": "function","dur": "8637340","name": "loop","ph": "X","pid": "0x109db95c0","tid": "0","ts": "97391806936745"},{"cat": "function","dur": "60391","name": "renderCircle","ph": "X","pid": "0x109db95c0","tid": "0","ts": "97391815649029"},{"cat": "function","dur": "190929","name": "getShadowMesh","ph": "X","pid": "0x109db95c0","tid": "0","ts": "97391815805265"},{"cat": "function","dur": "294868","name": "renderAntiShadows","ph": "X","pid": "0x109db95c0","tid": "0","ts": "97391815804916"},{"cat": "function","dur": "424268","name": "renderFrame","ph": "X","pid": "0x109db95c0","tid": "0","ts": "97391815748700"},{"cat": "function","dur": "239241","name": "renderLine","ph": "X","pid": "0x109db95c0","tid": "0","ts": "97391816234144"},{"cat": "function","dur": "8710023","name": "loop","ph": "X","pid": "0x109db95c0","tid": "0","ts": "97391815620689"},{"cat": "function","dur": "104697","name": "getShadowMesh","ph": "X","pid": "0x109db95c0","tid": "0","ts": "97391824496538"},{"cat": "function","dur": "189309","name": "renderAntiShadows","ph": "X","pid": "0x109db95c0","tid": "0","ts": "97391824496369"},{"cat": "function","dur": "286589","name": "renderFrame","ph": "X","pid": "0x109db95c0","tid": "0","ts": "97391824460208"},{"cat": "function","dur": "11636315","name": "loop","ph": "X","pid": "0x109db95c0","tid": "0","ts": "97391824384017"},{"cat": "function","dur": "113112","name": "getShadowMesh","ph": "X","pid": "0x109db95c0","tid": "0","ts": "97391836157475"},{"cat": "function","dur": "174980","name": "renderAntiShadows","ph": "X","pid": "0x109db95c0","tid": "0","ts": "97391836156990"},{"cat": "function","dur": "239706","name": "renderFrame","ph": "X","pid": "0x109db95c0","tid": "0","ts": "97391836128430"},{"cat": "function","dur": "6747269","name": "loop","ph": "X","pid": "0x109db95c0","tid": "0","ts": "97391836066450"},{"cat": "function","dur": "855655","name": "getShadowMesh","ph": "X","pid": "0x109db95c0","tid": "0","ts": "97391843020155"},{"cat": "function","dur": "972003","name": "renderAntiShadows","ph": "X","pid": "0x109db95c0","tid": "0","ts": "97391843019955"},{"cat": "function","dur": "1089797","name": "renderFrame","ph": "X","pid": "0x109db95c0","tid": "0","ts": "97391842963740"},{"cat": "function","dur": "10188015","name": "loop","ph": "X","pid": "0x109db95c0","tid": "0","ts": "97391842877937"},{"cat": "function","dur": "570117","name": "getShadowMesh","ph": "X","pid": "0x109db95c0","tid": "0","ts": "97391853229880"},{"cat": "function","dur": "755582","name": "renderAntiShadows","ph": "X","pid": "0x109db95c0","tid": "0","ts": "97391853229700"},{"cat": "function","dur": "888981","name": "renderFrame","ph": "X","pid": "0x109db95c0","tid": "0","ts": "97391853187544"},{"cat": "function","dur": "7042842","name": "loop","ph": "X","pid": "0x109db95c0","tid": "0","ts": "97391853112387"},{"cat": "function","dur": "59500","name": "renderCircle","ph": "X","pid": "0x109db95c0","tid": "0","ts": "97391860265180"},{"cat": "function","dur": "175500","name": "getShadowMesh","ph": "X","pid": "0x109db95c0","tid": "0","ts": "97391860399606"},{"cat": "function","dur": "247874","name": "renderAntiShadows","ph": "X","pid": "0x109db95c0","tid": "0","ts": "97391860399410"},{"cat": "function","dur": "392820","name": "renderFrame","ph": "X","pid": "0x109db95c0","tid": "0","ts": "97391860351681"},{"cat": "function","dur": "9616510","name": "loop","ph": "X","pid": "0x109db95c0","tid": "0","ts": "97391860217979"},{"cat": "function","dur": "177321","name": "getShadowMesh","ph": "X","pid": "0x109db95c0","tid": "0","ts": "97391870016209"},{"cat": "function","dur": "240796","name": "renderAntiShadows","ph": "X","pid": "0x109db95c0","tid": "0","ts": "97391870016001"},{"cat": "function","dur": "359570","name": "renderFrame","ph": "X","pid": "0x109db95c0","tid": "0","ts": "97391869964240"},{"cat": "function","dur": "6998625","name": "loop","ph": "X","pid": "0x109db95c0","tid": "0","ts": "97391869877836"},{"cat": "function","dur": "51688","name": "renderCircle","ph": "X","pid": "0x109db95c0","tid": "0","ts": "97391876978818"},{"cat": "function","dur": "203123","name": "getShadowMesh","ph": "X","pid": "0x109db95c0","tid": "0","ts": "97391877120737"},{"cat": "function","dur": "291544","name": "renderAntiShadows","ph": "X","pid": "0x109db95c0","tid": "0","ts": "97391877120432"},{"cat": "function","dur": "406944","name": "renderFrame","ph": "X","pid": "0x109db95c0","tid": "0","ts": "97391877059024"},{"cat": "function","dur": "10294466","name": "loop","ph": "X","pid": "0x109db95c0","tid": "0","ts": "97391876938546"},{"cat": "function","dur": "132149","name": "getShadowMesh","ph": "X","pid": "0x109db95c0","tid": "0","ts": "97391887357398"},{"cat": "function","dur": "178383","name": "renderAntiShadows","ph": "X","pid": "0x109db95c0","tid": "0","ts": "97391887357232"},{"cat": "function","dur": "244848","name": "renderFrame","ph": "X","pid": "0x109db95c0","tid": "0","ts": "97391887328344"},{"cat": "function","dur": "6846582","name": "loop","ph": "X","pid": "0x109db95c0","tid": "0","ts": "97391887270182"},{"cat": "function","dur": "54705","name": "renderCircle","ph": "X","pid": "0x109db95c0","tid": "0","ts": "97391894227169"},{"cat": "function","dur": "165307","name": "getShadowMesh","ph": "X","pid": "0x109db95c0","tid": "0","ts": "97391894359022"},{"cat": "function","dur": "253240","name": "renderAntiShadows","ph": "X","pid": "0x109db95c0","tid": "0","ts": "97391894358818"},{"cat": "function","dur": "349800","name": "renderFrame","ph": "X","pid": "0x109db95c0","tid": "0","ts": "97391894311554"},{"cat": "function","dur": "6591515","name": "loop","ph": "X","pid": "0x109db95c0","tid": "0","ts": "97391894181584"},{"cat": "function","dur": "137067","name": "getShadowMesh","ph": "X","pid": "0x109db95c0","tid": "0","ts": "97391900958339"},{"cat": "function","dur": "184898","name": "renderAntiShadows","ph": "X","pid": "0x109db95c0","tid": "0","ts": "97391900958096"},{"cat": "function","dur": "261665","name": "renderFrame","ph": "X","pid": "0x109db95c0","tid": "0","ts": "97391900915432"},{"cat": "function","dur": "5999171","name": "loop","ph": "X","pid": "0x109db95c0","tid": "0","ts": "97391900828477"},{"cat": "function","dur": "53535","name": "renderCircle","ph": "X","pid": "0x109db95c0","tid": "0","ts": "97391906923149"},{"cat": "function","dur": "1169430","name": "getShadowMesh","ph": "X","pid": "0x109db95c0","tid": "0","ts": "97391907077070"},{"cat": "function","dur": "1371705","name": "renderAntiShadows","ph": "X","pid": "0x109db95c0","tid": "0","ts": "97391907076834"},{"cat": "function","dur": "1537551","name": "renderFrame","ph": "X","pid": "0x109db95c0","tid": "0","ts": "97391907005115"},{"cat": "function","dur": "82023","name": "renderLine","ph": "X","pid": "0x109db95c0","tid": "0","ts": "97391908571822"},{"cat": "function","dur": "12725064","name": "loop","ph": "X","pid": "0x109db95c0","tid": "0","ts": "97391906884795"},{"cat": "function","dur": "60285","name": "renderCircle","ph": "X","pid": "0x109db95c0","tid": "0","ts": "97391919708199"},{"cat": "function","dur": "63475","name": "computeLineOfSightVertices","ph": "X","pid": "0x70000b0cc000","tid": "0","ts": "97391919923744"},{"cat": "function","dur": "191442","name": "getShadowMesh","ph": "X","pid": "0x109db95c0","tid": "0","ts": "97391919878019"},{"cat": "function","dur": "272713","name": "renderAntiShadows","ph": "X","pid": "0x109db95c0","tid": "0","ts": "97391919877704"},{"cat": "function","dur": "406081","name": "renderFrame","ph": "X","pid": "0x109db95c0","tid": "0","ts": "97391919804719"},{"cat": "function","dur": "7445007","name": "loop","ph": "X","pid": "0x109db95c0","tid": "0","ts": "97391919651722"},{"cat": "function","dur": "56884","name": "computeLineOfSightVertices","ph": "X","pid": "0x70000b0cc000","tid": "0","ts": "97391927337244"},{"cat": "function","dur": "203952","name": "getShadowMesh","ph": "X","pid": "0x109db95c0","tid": "0","ts": "97391927276008"},{"cat": "function","dur": "259504","name": "renderAntiShadows","ph": "X","pid": "0x109db95c0","tid": "0","ts": "97391927275760"},{"cat": "function","dur": "371925","name": "renderFrame","ph": "X","pid": "0x109db95c0","tid": "0","ts": "97391927230460"},{"cat": "function","dur": "12761509","name": "loop","ph": "X","pid": "0x109db95c0","tid": "0","ts": "97391927143118"},{"cat": "function","dur": "158953","name": "getShadowMesh","ph": "X","pid": "0x109db95c0","tid": "0","ts": "97391940077329"},{"cat": "function","dur": "219700","name": "renderAntiShadows","ph": "X","pid": "0x109db95c0","tid": "0","ts": "97391940077102"},{"cat": "function","dur": "306586","name": "renderFrame","ph": "X","pid": "0x109db95c0","tid": "0","ts": "97391940025806"},{"cat": "function","dur": "7431554","name": "loop","ph": "X","pid": "0x109db95c0","tid": "0","ts": "97391939941650"},{"cat": "function","dur": "66545","name": "computeLineOfSightVertices","ph": "X","pid": "0x70000b0cc000","tid": "0","ts": "97391947666206"},{"cat": "function","dur": "304073","name": "getShadowMesh","ph": "X","pid": "0x109db95c0","tid": "0","ts": "97391947573788"},{"cat": "function","dur": "396966","name": "renderAntiShadows","ph": "X","pid": "0x109db95c0","tid": "0","ts": "97391947573471"},{"cat": "function","dur": "516569","name": "renderFrame","ph": "X","pid": "0x109db95c0","tid": "0","ts": "97391947518859"},{"cat": "function","dur": "71115","name": "renderLine","ph": "X","pid": "0x109db95c0","tid": "0","ts": "97391948091924"},{"cat": "function","dur": "9677807","name": "loop","ph": "X","pid": "0x109db95c0","tid": "0","ts": "97391947422522"},{"cat": "function","dur": "114139","name": "getShadowMesh","ph": "X","pid": "0x109db95c0","tid": "0","ts": "97391957260407"},{"cat": "function","dur": "169152","name": "renderAntiShadows","ph": "X","pid": "0x109db95c0","tid": "0","ts": "97391957260178"},{"cat": "function","dur": "238961","name": "renderFrame","ph": "X","pid": "0x109db95c0","tid": "0","ts": "97391957225655"},{"cat": "function","dur": "7827129","name": "loop","ph": "X","pid": "0x109db95c0","tid": "0","ts": "97391957145665"},{"cat": "function","dur": "154335","name": "renderCircle","ph": "X","pid": "0x109db95c0","tid": "0","ts": "97391965391665"},{"cat": "function","dur": "116337","name": "getShadowMesh","ph": "X","pid": "0x109db95c0","tid": "0","ts": "97391965631104"},{"cat": "function","dur": "168325","name": "renderAntiShadows","ph": "X","pid": "0x109db95c0","tid": "0","ts": "97391965630882"},{"cat": "function","dur": "274633","name": "renderFrame","ph": "X","pid": "0x109db95c0","tid": "0","ts": "97391965579874"},{"cat": "function","dur": "7678359","name": "loop","ph": "X","pid": "0x109db95c0","tid": "0","ts": "97391965267047"},{"cat": "function","dur": "93278","name": "computeLineOfSightVertices","ph": "X","pid": "0x70000b0cc000","tid": "0","ts": "97391973197179"},{"cat": "function","dur": "265170","name": "getShadowMesh","ph": "X","pid": "0x109db95c0","tid": "0","ts": "97391973140541"},{"cat": "function","dur": "367524","name": "renderAntiShadows","ph": "X","pid": "0x109db95c0","tid": "0","ts": "97391973140258"},{"cat": "function","dur": "569593","name": "renderFrame","ph": "X","pid": "0x109db95c0","tid": "0","ts": "97391973084686"},{"cat": "function","dur": "63210","name": "renderLine","ph": "X","pid": "0x109db95c0","tid": "0","ts": "97391973678330"},{"cat": "function","dur": "8285798","name": "loop","ph": "X","pid": "0x109db95c0","tid": "0","ts": "97391972996309"},{"cat": "function","dur": "92729","name": "renderCircle","ph": "X","pid": "0x109db95c0","tid": "0","ts": "97391981406641"},{"cat": "function","dur": "105783","name": "render","ph": "X","pid": "0x109db95c0","tid": "0","ts": "97391981570156"},{"cat": "function","dur": "79719","name": "computeLineOfSightVertices","ph": "X","pid": "0x70000b0cc000","tid": "0","ts": "97391982109481"},{"cat": "function","dur": "2378215","name": "getShadowMesh","ph": "X","pid": "0x109db95c0","tid": "0","ts": "97391981824111"},{"cat": "function","dur": "2667203","name": "renderAntiShadows","ph": "X","pid": "0x109db95c0","tid": "0","ts": "97391981823544"},{"cat": "function","dur": "2995933","name": "renderFrame","ph": "X","pid": "0x109db95c0","tid": "0","ts": "97391981569165"},{"cat": "function","dur": "10501337","name": "loop","ph": "X","pid": "0x109db95c0","tid": "0","ts": "97391981354751"},{"cat": "function","dur": "282536","name": "getShadowMesh","ph": "X","pid": "0x109db95c0","tid": "0","ts": "97391992061122"},{"cat": "function","dur": "452975","name": "renderAntiShadows","ph": "X","pid": "0x109db95c0","tid": "0","ts": "97391992060929"},{"cat": "function","dur": "579427","name": "renderFrame","ph": "X","pid": "0x109db95c0","tid": "0","ts": "97391992000928"},{"cat": "function","dur": "13876346","name": "loop","ph": "X","pid": "0x109db95c0","tid": "0","ts": "97391991913404"},{"cat": "function","dur": "53663","name": "renderCircle","ph": "X","pid": "0x109db95c0","tid": "0","ts": "97392005955028"},{"cat": "function","dur": "2157474","name": "getShadowMesh","ph": "X","pid": "0x109db95c0","tid": "0","ts": "97392006069738"},{"cat": "function","dur": "2265100","name": "renderAntiShadows","ph": "X","pid": "0x109db95c0","tid": "0","ts": "97392006069590"},{"cat": "function","dur": "2362957","name": "renderFrame","ph": "X","pid": "0x109db95c0","tid": "0","ts": "97392006033817"},{"cat": "function","dur": "15847268","name": "loop","ph": "X","pid": "0x109db95c0","tid": "0","ts": "97392005834000"},{"cat": "function","dur": "115935","name": "getShadowMesh","ph": "X","pid": "0x109db95c0","tid": "0","ts": "97392021831729"},{"cat": "function","dur": "172347","name": "renderAntiShadows","ph": "X","pid": "0x109db95c0","tid": "0","ts": "97392021831562"},{"cat": "function","dur": "252432","name": "renderFrame","ph": "X","pid": "0x109db95c0","tid": "0","ts": "97392021788188"},{"cat": "function","dur": "6922261","name": "loop","ph": "X","pid": "0x109db95c0","tid": "0","ts": "97392021724080"},{"cat": "function","dur": "56127","name": "renderCircle","ph": "X","pid": "0x109db95c0","tid": "0","ts": "97392028734745"},{"cat": "function","dur": "1304482","name": "getShadowMesh","ph": "X","pid": "0x109db95c0","tid": "0","ts": "97392028912937"},{"cat": "function","dur": "1422962","name": "renderAntiShadows","ph": "X","pid": "0x109db95c0","tid": "0","ts": "97392028912715"},{"cat": "function","dur": "1553695","name": "renderFrame","ph": "X","pid": "0x109db95c0","tid": "0","ts": "97392028834035"},{"cat": "function","dur": "8538457","name": "loop","ph": "X","pid": "0x109db95c0","tid": "0","ts": "97392028698488"},{"cat": "function","dur": "55160","name": "computeLineOfSightVertices","ph": "X","pid": "0x70000b0cc000","tid": "0","ts": "97392037516209"},{"cat": "function","dur": "280230","name": "getShadowMesh","ph": "X","pid": "0x109db95c0","tid": "0","ts": "97392037463839"},{"cat": "function","dur": "413938","name": "renderAntiShadows","ph": "X","pid": "0x109db95c0","tid": "0","ts": "97392037463611"},{"cat": "function","dur": "543843","name": "renderFrame","ph": "X","pid": "0x109db95c0","tid": "0","ts": "97392037413874"},{"cat": "function","dur": "7626701","name": "loop","ph": "X","pid": "0x109db95c0","tid": "0","ts": "97392037312825"},{"cat": "function","dur": "130962","name": "getShadowMesh","ph": "X","pid": "0x109db95c0","tid": "0","ts": "97392045178950"},{"cat": "function","dur": "201096","name": "renderAntiShadows","ph": "X","pid": "0x109db95c0","tid": "0","ts": "97392045178668"},{"cat": "function","dur": "285084","name": "renderFrame","ph": "X","pid": "0x109db95c0","tid": "0","ts": "97392045130645"},{"cat": "function","dur": "10318456","name": "loop","ph": "X","pid": "0x109db95c0","tid": "0","ts": "97392045038742"},{"cat": "function","dur": "144818","name": "getShadowMesh","ph": "X","pid": "0x109db95c0","tid": "0","ts": "97392055516381"},{"cat": "function","dur": "206248","name": "renderAntiShadows","ph": "X","pid": "0x109db95c0","tid": "0","ts": "97392055516149"},{"cat": "function","dur": "299281","name": "renderFrame","ph": "X","pid": "0x109db95c0","tid": "0","ts": "97392055471625"},{"cat": "function","dur": "7332471","name": "loop","ph": "X","pid": "0x109db95c0","tid": "0","ts": "97392055392988"},{"cat": "function","dur": "56109","name": "render","ph": "X","pid": "0x109db95c0","tid": "0","ts": "97392062855639"},{"cat": "function","dur": "165509","name": "getShadowMesh","ph": "X","pid": "0x109db95c0","tid": "0","ts": "97392062977860"},{"cat": "function","dur": "283066","name": "renderAntiShadows","ph": "X","pid": "0x109db95c0","tid": "0","ts": "97392062977646"},{"cat": "function","dur": "473883","name": "renderFrame","ph": "X","pid": "0x109db95c0","tid": "0","ts": "97392062854757"},{"cat": "function","dur": "8265551","name": "loop","ph": "X","pid": "0x109db95c0","tid": "0","ts": "97392062777955"},{"cat": "function","dur": "118886","name": "getShadowMesh","ph": "X","pid": "0x109db95c0","tid": "0","ts": "97392071211021"},{"cat": "function","dur": "177685","name": "renderAntiShadows","ph": "X","pid": "0x109db95c0","tid": "0","ts": "97392071210826"},{"cat": "function","dur": "246532","name": "renderFrame","ph": "X","pid": "0x109db95c0","tid": "0","ts": "97392071178106"},{"cat": "function","dur": "7575102","name": "loop","ph": "X","pid": "0x109db95c0","tid": "0","ts": "97392071102850"},{"cat": "function","dur": "55054","name": "renderCircle","ph": "X","pid": "0x109db95c0","tid": "0","ts": "97392078807036"},{"cat": "function","dur": "233228","name": "getShadowMesh","ph": "X","pid": "0x109db95c0","tid": "0","ts": "97392078970098"},{"cat": "function","dur": "597201","name": "renderAntiShadows","ph": "X","pid": "0x109db95c0","tid": "0","ts": "97392078969788"},{"cat": "function","dur": "75648","name": "renderOutline","ph": "X","pid": "0x109db95c0","tid": "0","ts": "97392079666809"},{"cat": "function","dur": "986518","name": "renderFrame","ph": "X","pid": "0x109db95c0","tid": "0","ts": "97392078900280"},{"cat": "function","dur": "7933605","name": "loop","ph": "X","pid": "0x109db95c0","tid": "0","ts": "97392078740149"},{"cat": "function","dur": "116031","name": "getShadowMesh","ph": "X","pid": "0x109db95c0","tid": "0","ts": "97392086834047"},{"cat": "function","dur": "171381","name": "renderAntiShadows","ph": "X","pid": "0x109db95c0","tid": "0","ts": "97392086833891"},{"cat": "function","dur": "241062","name": "renderFrame","ph": "X","pid": "0x109db95c0","tid": "0","ts": "97392086799858"},{"cat": "function","dur": "7829754","name": "loop","ph": "X","pid": "0x109db95c0","tid": "0","ts": "97392086734255"},{"cat": "function","dur": "58875","name": "renderCircle","ph": "X","pid": "0x109db95c0","tid": "0","ts": "97392094669520"},{"cat": "function","dur": "2600168","name": "getShadowMesh","ph": "X","pid": "0x109db95c0","tid": "0","ts": "97392094840109"},{"cat": "function","dur": "2857967","name": "renderAntiShadows","ph": "X","pid": "0x109db95c0","tid": "0","ts": "97392094839878"},{"cat": "function","dur": "2977637","name": "renderFrame","ph": "X","pid": "0x109db95c0","tid": "0","ts": "97392094789357"},{"cat": "function","dur": "61403","name": "renderLine","ph": "X","pid": "0x109db95c0","tid": "0","ts": "97392097818188"},{"cat": "function","dur": "9776536","name": "loop","ph": "X","pid": "0x109db95c0","tid": "0","ts": "97392094630400"},{"cat": "function","dur": "54408","name": "renderCircle","ph": "X","pid": "0x109db95c0","tid": "0","ts": "97392104493180"},{"cat": "function","dur": "143770","name": "getShadowMesh","ph": "X","pid": "0x109db95c0","tid": "0","ts": "97392104631579"},{"cat": "function","dur": "218360","name": "renderAntiShadows","ph": "X","pid": "0x109db95c0","tid": "0","ts": "97392104631369"},{"cat": "function","dur": "304460","name": "renderFrame","ph": "X","pid": "0x109db95c0","tid": "0","ts": "97392104581939"},{"cat": "function","dur": "6561260","name": "loop","ph": "X","pid": "0x109db95c0","tid": "0","ts": "97392104457455"},{"cat": "function","dur": "140246","name": "getShadowMesh","ph": "X","pid": "0x109db95c0","tid": "0","ts": "97392111196119"},{"cat": "function","dur": "208443","name": "renderAntiShadows","ph": "X","pid": "0x109db95c0","tid": "0","ts": "97392111195962"},{"cat": "function","dur": "291299","name": "renderFrame","ph": "X","pid": "0x109db95c0","tid": "0","ts": "97392111154882"},{"cat": "function","dur": "11307042","name": "loop","ph": "X","pid": "0x109db95c0","tid": "0","ts": "97392111080526"},{"cat": "function","dur": "138155","name": "renderCircle","ph": "X","pid": "0x109db95c0","tid": "0","ts": "97392122715337"},{"cat": "function","dur": "93426","name": "render","ph": "X","pid": "0x109db95c0","tid": "0","ts": "97392122997765"},{"cat": "function","dur": "142929","name": "getShadowMesh","ph": "X","pid": "0x109db95c0","tid": "0","ts": "97392123203290"},{"cat": "function","dur": "234703","name": "renderAntiShadows","ph": "X","pid": "0x109db95c0","tid": "0","ts": "97392123203136"},{"cat": "function","dur": "480929","name": "renderFrame","ph": "X","pid": "0x109db95c0","tid": "0","ts": "97392122995878"},{"cat": "function","dur": "7093890","name": "loop","ph": "X","pid": "0x109db95c0","tid": "0","ts": "97392122599949"},{"cat": "function","dur": "219418","name": "getShadowMesh","ph": "X","pid": "0x109db95c0","tid": "0","ts": "97392129932039"},{"cat": "function","dur": "297864","name": "renderAntiShadows","ph": "X","pid": "0x109db95c0","tid": "0","ts": "97392129931850"},{"cat": "function","dur": "387615","name": "renderFrame","ph": "X","pid": "0x109db95c0","tid": "0","ts": "97392129882062"},{"cat": "function","dur": "8662756","name": "loop","ph": "X","pid": "0x109db95c0","tid": "0","ts": "97392129795109"},{"cat": "function","dur": "53854","name": "renderCircle","ph": "X","pid": "0x109db95c0","tid": "0","ts": "97392138540267"},{"cat": "function","dur": "106467","name": "getShadowMesh","ph": "X","pid": "0x109db95c0","tid": "0","ts": "97392138655774"},{"cat": "function","dur": "153599","name": "renderAntiShadows","ph": "X","pid": "0x109db95c0","tid": "0","ts": "97392138655582"},{"cat": "function","dur": "223147","name": "renderFrame","ph": "X","pid": "0x109db95c0","tid": "0","ts": "97392138619628"},{"cat": "function","dur": "7554062","name": "loop","ph": "X","pid": "0x109db95c0","tid": "0","ts": "97392138505955"},{"cat": "function","dur": "100973","name": "renderCircle","ph": "X","pid": "0x109db95c0","tid": "0","ts": "97392146196836"},{"cat": "function","dur": "53405","name": "computeLineOfSightVertices","ph": "X","pid": "0x70000b0cc000","tid": "0","ts": "97392146525264"},{"cat": "function","dur": "1044832","name": "getShadowMesh","ph": "X","pid": "0x109db95c0","tid": "0","ts": "97392146451566"},{"cat": "function","dur": "1254072","name": "renderAntiShadows","ph": "X","pid": "0x109db95c0","tid": "0","ts": "97392146451394"},{"cat": "function","dur": "68543","name": "renderOutline","ph": "X","pid": "0x109db95c0","tid": "0","ts": "97392147759686"},{"cat": "function","dur": "1516329","name": "renderFrame","ph": "X","pid": "0x109db95c0","tid": "0","ts": "97392146376397"},{"cat": "function","dur": "7378605","name": "loop","ph": "X","pid": "0x109db95c0","tid": "0","ts": "97392146135167"},{"cat": "function","dur": "50338","name": "renderCircle","ph": "X","pid": "0x109db95c0","tid": "0","ts": "97392153611258"},{"cat": "function","dur": "123382","name": "getShadowMesh","ph": "X","pid": "0x109db95c0","tid": "0","ts": "97392153762982"},{"cat": "function","dur": "180311","name": "renderAntiShadows","ph": "X","pid": "0x109db95c0","tid": "0","ts": "97392153762708"},{"cat": "function","dur": "287750","name": "renderFrame","ph": "X","pid": "0x109db95c0","tid": "0","ts": "97392153690602"},{"cat": "function","dur": "7222586","name": "loop","ph": "X","pid": "0x109db95c0","tid": "0","ts": "97392153568711"},{"cat": "function","dur": "51985","name": "renderCircle","ph": "X","pid": "0x109db95c0","tid": "0","ts": "97392160941504"},{"cat": "function","dur": "299880","name": "getShadowMesh","ph": "X","pid": "0x109db95c0","tid": "0","ts": "97392161187191"},{"cat": "function","dur": "402036","name": "renderAntiShadows","ph": "X","pid": "0x109db95c0","tid": "0","ts": "97392161186982"},{"cat": "function","dur": "526193","name": "renderFrame","ph": "X","pid": "0x109db95c0","tid": "0","ts": "97392161122955"},{"cat": "function","dur": "9539452","name": "loop","ph": "X","pid": "0x109db95c0","tid": "0","ts": "97392160897726"},{"cat": "function","dur": "143515","name": "getShadowMesh","ph": "X","pid": "0x109db95c0","tid": "0","ts": "97392171427095"},{"cat": "function","dur": "215268","name": "renderAntiShadows","ph": "X","pid": "0x109db95c0","tid": "0","ts": "97392171426820"},{"cat": "function","dur": "351360","name": "renderFrame","ph": "X","pid": "0x109db95c0","tid": "0","ts": "97392171353867"},{"cat": "function","dur": "7994555","name": "loop","ph": "X","pid": "0x109db95c0","tid": "0","ts": "97392171273205"},{"cat": "function","dur": "83211","name": "computeLineOfSightVertices","ph": "X","pid": "0x70000b0cc000","tid": "0","ts": "97392179622836"},{"cat": "function","dur": "772288","name": "getShadowMesh","ph": "X","pid": "0x109db95c0","tid": "0","ts": "97392179527362"},{"cat": "function","dur": "1201865","name": "renderAntiShadows","ph": "X","pid": "0x109db95c0","tid": "0","ts": "97392179527152"},{"cat": "function","dur": "1472395","name": "renderFrame","ph": "X","pid": "0x109db95c0","tid": "0","ts": "97392179422480"},{"cat": "function","dur": "7895251","name": "loop","ph": "X","pid": "0x109db95c0","tid": "0","ts": "97392179340201"},{"cat": "function","dur": "135302","name": "getShadowMesh","ph": "X","pid": "0x109db95c0","tid": "0","ts": "97392187423217"},{"cat": "function","dur": "223155","name": "renderAntiShadows","ph": "X","pid": "0x109db95c0","tid": "0","ts": "97392187422931"},{"cat": "function","dur": "332464","name": "renderFrame","ph": "X","pid": "0x109db95c0","tid": "0","ts": "97392187379637"},{"cat": "function","dur": "360910","name": "renderLine","ph": "X","pid": "0x109db95c0","tid": "0","ts": "97392187769898"},{"cat": "function","dur": "7446494","name": "loop","ph": "X","pid": "0x109db95c0","tid": "0","ts": "97392187295970"},{"cat": "function","dur": "51474","name": "renderCircle","ph": "X","pid": "0x109db95c0","tid": "0","ts": "97392194856147"},{"cat": "function","dur": "173384","name": "getShadowMesh","ph": "X","pid": "0x109db95c0","tid": "0","ts": "97392195008461"},{"cat": "function","dur": "271604","name": "renderAntiShadows","ph": "X","pid": "0x109db95c0","tid": "0","ts": "97392195008077"},{"cat": "function","dur": "416690","name": "renderFrame","ph": "X","pid": "0x109db95c0","tid": "0","ts": "97392194942929"},{"cat": "function","dur": "10010679","name": "loop","ph": "X","pid": "0x109db95c0","tid": "0","ts": "97392194815870"},{"cat": "function","dur": "127838","name": "getShadowMesh","ph": "X","pid": "0x109db95c0","tid": "0","ts": "97392204959620"},{"cat": "function","dur": "207609","name": "renderAntiShadows","ph": "X","pid": "0x109db95c0","tid": "0","ts": "97392204959388"},{"cat": "function","dur": "271520","name": "renderFrame","ph": "X","pid": "0x109db95c0","tid": "0","ts": "97392204931328"},{"cat": "function","dur": "7034276","name": "loop","ph": "X","pid": "0x109db95c0","tid": "0","ts": "97392204872348"},{"cat": "function","dur": "156365","name": "getShadowMesh","ph": "X","pid": "0x109db95c0","tid": "0","ts": "97392212075801"},{"cat": "function","dur": "222062","name": "renderAntiShadows","ph": "X","pid": "0x109db95c0","tid": "0","ts": "97392212075605"},{"cat": "function","dur": "330114","name": "renderFrame","ph": "X","pid": "0x109db95c0","tid": "0","ts": "97392212034112"},{"cat": "function","dur": "9952244","name": "loop","ph": "X","pid": "0x109db95c0","tid": "0","ts": "97392211958089"},{"cat": "function","dur": "115004","name": "getShadowMesh","ph": "X","pid": "0x109db95c0","tid": "0","ts": "97392222034073"},{"cat": "function","dur": "162094","name": "renderAntiShadows","ph": "X","pid": "0x109db95c0","tid": "0","ts": "97392222033858"},{"cat": "function","dur": "221794","name": "renderFrame","ph": "X","pid": "0x109db95c0","tid": "0","ts": "97392222006515"},{"cat": "function","dur": "7359376","name": "loop","ph": "X","pid": "0x109db95c0","tid": "0","ts": "97392221948693"},{"cat": "function","dur": "51523","name": "renderCircle","ph": "X","pid": "0x109db95c0","tid": "0","ts": "97392229454558"},{"cat": "function","dur": "74402","name": "computeLineOfSightVertices","ph": "X","pid": "0x70000b0cc000","tid": "0","ts": "97392229648787"},{"cat": "function","dur": "344846","name": "getShadowMesh","ph": "X","pid": "0x109db95c0","tid": "0","ts": "97392229579162"},{"cat": "function","dur": "568655","name": "renderAntiShadows","ph": "X","pid": "0x109db95c0","tid": "0","ts": "97392229578992"},{"cat": "function","dur": "712071","name": "renderFrame","ph": "X","pid": "0x109db95c0","tid": "0","ts": "97392229540067"},{"cat": "function","dur": "7770730","name": "loop","ph": "X","pid": "0x109db95c0","tid": "0","ts": "97392229394110"},{"cat": "function","dur": "112498","name": "getShadowMesh","ph": "X","pid": "0x109db95c0","tid": "0","ts": "97392237308180"},{"cat": "function","dur": "167185","name": "renderAntiShadows","ph": "X","pid": "0x109db95c0","tid": "0","ts": "97392237308032"},{"cat": "function","dur": "234884","name": "renderFrame","ph": "X","pid": "0x109db95c0","tid": "0","ts": "97392237275815"},{"cat": "function","dur": "7118919","name": "loop","ph": "X","pid": "0x109db95c0","tid": "0","ts": "97392237205680"},{"cat": "function","dur": "183122","name": "getShadowMesh","ph": "X","pid": "0x109db95c0","tid": "0","ts": "97392244515316"},{"cat": "function","dur": "394617","name": "renderAntiShadows","ph": "X","pid": "0x109db95c0","tid": "0","ts": "97392244515105"},{"cat": "function","dur": "101356","name": "renderOutline","ph": "X","pid": "0x109db95c0","tid": "0","ts": "97392244986927"},{"cat": "function","dur": "643870","name": "renderFrame","ph": "X","pid": "0x109db95c0","tid": "0","ts": "97392244465069"},{"cat": "function","dur": "10144680","name": "loop","ph": "X","pid": "0x109db95c0","tid": "0","ts": "97392244378039"},{"cat": "function","dur": "116284","name": "getShadowMesh","ph": "X","pid": "0x109db95c0","tid": "0","ts": "97392254650578"},{"cat": "function","dur": "172800","name": "renderAntiShadows","ph": "X","pid": "0x109db95c0","tid": "0","ts": "97392254650427"},{"cat": "function","dur": "240173","name": "renderFrame","ph": "X","pid": "0x109db95c0","tid": "0","ts": "97392254618118"},{"cat": "function","dur": "6498947","name": "loop","ph": "X","pid": "0x109db95c0","tid": "0","ts": "97392254555799"},{"cat": "function","dur": "63488","name": "renderCircle","ph": "X","pid": "0x109db95c0","tid": "0","ts": "97392261161082"},{"cat": "function","dur": "370596","name": "getShadowMesh","ph": "X","pid": "0x109db95c0","tid": "0","ts": "97392261325970"},{"cat": "function","dur": "466551","name": "renderAntiShadows","ph": "X","pid": "0x109db95c0","tid": "0","ts": "97392261325756"},{"cat": "function","dur": "618777","name": "renderFrame","ph": "X","pid": "0x109db95c0","tid": "0","ts": "97392261257343"},{"cat": "function","dur": "10061652","name": "loop","ph": "X","pid": "0x109db95c0","tid": "0","ts": "97392261119598"},{"cat": "function","dur": "139913","name": "getShadowMesh","ph": "X","pid": "0x109db95c0","tid": "0","ts": "97392271307913"},{"cat": "function","dur": "184824","name": "renderAntiShadows","ph": "X","pid": "0x109db95c0","tid": "0","ts": "97392271307751"},{"cat": "function","dur": "246469","name": "renderFrame","ph": "X","pid": "0x109db95c0","tid": "0","ts": "97392271278501"},{"cat": "function","dur": "7480249","name": "loop","ph": "X","pid": "0x109db95c0","tid": "0","ts": "97392271217661"},{"cat": "function","dur": "56616","name": "renderCircle","ph": "X","pid": "0x109db95c0","tid": "0","ts": "97392278792137"},{"cat": "function","dur": "50721","name": "computeLineOfSightVertices","ph": "X","pid": "0x70000b0cc000","tid": "0","ts": "97392279110879"},{"cat": "function","dur": "238171","name": "getShadowMesh","ph": "X","pid": "0x109db95c0","tid": "0","ts": "97392279004519"},{"cat": "function","dur": "408488","name": "renderAntiShadows","ph": "X","pid": "0x109db95c0","tid": "0","ts": "97392279004270"},{"cat": "function","dur": "50178","name": "renderOutline","ph": "X","pid": "0x109db95c0","tid": "0","ts": "97392279448381"},{"cat": "function","dur": "715913","name": "renderFrame","ph": "X","pid": "0x109db95c0","tid": "0","ts": "97392278884367"},{"cat": "function","dur": "70192","name": "renderLine","ph": "X","pid": "0x109db95c0","tid": "0","ts": "97392279643873"},{"cat": "function","dur": "9422479","name": "loop","ph": "X","pid": "0x109db95c0","tid": "0","ts": "97392278743780"},{"cat": "function","dur": "53096","name": "renderCircle","ph": "X","pid": "0x109db95c0","tid": "0","ts": "97392288256856"},{"cat": "function","dur": "51381","name": "computeLineOfSightVertices","ph": "X","pid": "0x70000b0cc000","tid": "0","ts": "97392288454812"},{"cat": "function","dur": "218068","name": "getShadowMesh","ph": "X","pid": "0x109db95c0","tid": "0","ts": "97392288398198"},{"cat": "function","dur": "305015","name": "renderAntiShadows","ph": "X","pid": "0x109db95c0","tid": "0","ts": "97392288397918"},{"cat": "function","dur": "431568","name": "renderFrame","ph": "X","pid": "0x109db95c0","tid": "0","ts": "97392288335709"},{"cat": "function","dur": "7693925","name": "loop","ph": "X","pid": "0x109db95c0","tid": "0","ts": "97392288218593"},{"cat": "function","dur": "50222","name": "renderCircle","ph": "X","pid": "0x109db95c0","tid": "0","ts": "97392296007283"},{"cat": "function","dur": "67122","name": "computeLineOfSightVertices","ph": "X","pid": "0x70000b0cc000","tid": "0","ts": "97392296322818"},{"cat": "function","dur": "1422906","name": "getShadowMesh","ph": "X","pid": "0x109db95c0","tid": "0","ts": "97392296184059"},{"cat": "function","dur": "1536363","name": "renderAntiShadows","ph": "X","pid": "0x109db95c0","tid": "0","ts": "97392296183786"},{"cat": "function","dur": "1670328","name": "renderFrame","ph": "X","pid": "0x109db95c0","tid": "0","ts": "97392296112823"},{"cat": "function","dur": "7858016","name": "loop","ph": "X","pid": "0x109db95c0","tid": "0","ts": "97392295973410"},{"cat": "function","dur": "165340","name": "getShadowMesh","ph": "X","pid": "0x109db95c0","tid": "0","ts": "97392304107162"},{"cat": "function","dur": "236870","name": "renderAntiShadows","ph": "X","pid": "0x109db95c0","tid": "0","ts": "97392304106920"},{"cat": "function","dur": "396759","name": "renderFrame","ph": "X","pid": "0x109db95c0","tid": "0","ts": "97392304007108"},{"cat": "function","dur": "7666654","name": "loop","ph": "X","pid": "0x109db95c0","tid": "0","ts": "97392303924221"},{"cat": "function","dur": "110188","name": "renderCircle","ph": "X","pid": "0x109db95c0","tid": "0","ts": "97392311703753"},{"cat": "function","dur": "51311","name": "computeLineOfSightVertices","ph": "X","pid": "0x70000b0cc000","tid": "0","ts": "97392312381756"},{"cat": "function","dur": "677199","name": "getShadowMesh","ph": "X","pid": "0x109db95c0","tid": "0","ts": "97392311933958"},{"cat": "function","dur": "943764","name": "renderAntiShadows","ph": "X","pid": "0x109db95c0","tid": "0","ts": "97392311933705"},{"cat": "function","dur": "64168","name": "renderOutline","ph": "X","pid": "0x109db95c0","tid": "0","ts": "97392312943370"},{"cat": "function","dur": "1199398","name": "renderFrame","ph": "X","pid": "0x109db95c0","tid": "0","ts": "97392311855232"},{"cat": "function","dur": "8420207","name": "loop","ph": "X","pid": "0x109db95c0","tid": "0","ts": "97392311657690"},{"cat": "function","dur": "60855","name": "renderCircle","ph": "X","pid": "0x109db95c0","tid": "0","ts": "97392320187060"},{"cat": "function","dur": "66535","name": "computeLineOfSightVertices","ph": "X","pid": "0x70000b0cc000","tid": "0","ts": "97392320397356"},{"cat": "function","dur": "276546","name": "getShadowMesh","ph": "X","pid": "0x109db95c0","tid": "0","ts": "97392320340702"},{"cat": "function","dur": "369256","name": "renderAntiShadows","ph": "X","pid": "0x109db95c0","tid": "0","ts": "97392320340490"},{"cat": "function","dur": "498209","name": "renderFrame","ph": "X","pid": "0x109db95c0","tid": "0","ts": "97392320278118"},{"cat": "function","dur": "7560340","name": "loop","ph": "X","pid": "0x109db95c0","tid": "0","ts": "97392320127726"},{"cat": "function","dur": "51120","name": "renderCircle","ph": "X","pid": "0x109db95c0","tid": "0","ts": "97392327782312"},{"cat": "function","dur": "255197","name": "getShadowMesh","ph": "X","pid": "0x109db95c0","tid": "0","ts": "97392327924159"},{"cat": "function","dur": "372873","name": "renderAntiShadows","ph": "X","pid": "0x109db95c0","tid": "0","ts": "97392327923957"},{"cat": "function","dur": "510920","name": "renderFrame","ph": "X","pid": "0x109db95c0","tid": "0","ts": "97392327859232"},{"cat": "function","dur": "9784522","name": "loop","ph": "X","pid": "0x109db95c0","tid": "0","ts": "97392327742978"},{"cat": "function","dur": "109611","name": "getShadowMesh","ph": "X","pid": "0x109db95c0","tid": "0","ts": "97392337652011"},{"cat": "function","dur": "162243","name": "renderAntiShadows","ph": "X","pid": "0x109db95c0","tid": "0","ts": "97392337651815"},{"cat": "function","dur": "223725","name": "renderFrame","ph": "X","pid": "0x109db95c0","tid": "0","ts": "97392337624367"},{"cat": "function","dur": "7261173","name": "loop","ph": "X","pid": "0x109db95c0","tid": "0","ts": "97392337565585"},{"cat": "function","dur": "51690","name": "renderCircle","ph": "X","pid": "0x109db95c0","tid": "0","ts": "97392344922778"},{"cat": "function","dur": "281666","name": "getShadowMesh","ph": "X","pid": "0x109db95c0","tid": "0","ts": "97392345061836"},{"cat": "function","dur": "360826","name": "renderAntiShadows","ph": "X","pid": "0x109db95c0","tid": "0","ts": "97392345061549"},{"cat": "function","dur": "66965","name": "renderOutline","ph": "X","pid": "0x109db95c0","tid": "0","ts": "97392345443692"},{"cat": "function","dur": "55598","name": "renderOutline","ph": "X","pid": "0x109db95c0","tid": "0","ts": "97392345560599"},{"cat": "function","dur": "685851","name": "renderFrame","ph": "X","pid": "0x109db95c0","tid": "0","ts": "97392345003538"},{"cat": "function","dur": "10037329","name": "loop","ph": "X","pid": "0x109db95c0","tid": "0","ts": "97392344884180"},{"cat": "function","dur": "146963","name": "getShadowMesh","ph": "X","pid": "0x109db95c0","tid": "0","ts": "97392355084680"},{"cat": "function","dur": "234720","name": "renderAntiShadows","ph": "X","pid": "0x109db95c0","tid": "0","ts": "97392355084539"},{"cat": "function","dur": "329342","name": "renderFrame","ph": "X","pid": "0x109db95c0","tid": "0","ts": "97392355052718"},{"cat": "function","dur": "6945213","name": "loop","ph": "X","pid": "0x109db95c0","tid": "0","ts": "97392354968489"},{"cat": "function","dur": "51391","name": "renderCircle","ph": "X","pid": "0x109db95c0","tid": "0","ts": "97392362021578"},{"cat": "function","dur": "160604","name": "getShadowMesh","ph": "X","pid": "0x109db95c0","tid": "0","ts": "97392362169721"},{"cat": "function","dur": "224847","name": "renderAntiShadows","ph": "X","pid": "0x109db95c0","tid": "0","ts": "97392362169511"},{"cat": "function","dur": "344150","name": "renderFrame","ph": "X","pid": "0x109db95c0","tid": "0","ts": "97392362106339"},{"cat": "function","dur": "10908304","name": "loop","ph": "X","pid": "0x109db95c0","tid": "0","ts": "97392361984025"},{"cat": "function","dur": "55953","name": "renderCircle","ph": "X","pid": "0x109db95c0","tid": "0","ts": "97392373729388"},{"cat": "function","dur": "280121","name": "getShadowMesh","ph": "X","pid": "0x109db95c0","tid": "0","ts": "97392373866421"},{"cat": "function","dur": "372489","name": "renderAntiShadows","ph": "X","pid": "0x109db95c0","tid": "0","ts": "97392373866168"},{"cat": "function","dur": "482201","name": "renderFrame","ph": "X","pid": "0x109db95c0","tid": "0","ts": "97392373817590"},{"cat": "function","dur": "7416496","name": "loop","ph": "X","pid": "0x109db95c0","tid": "0","ts": "97392373691309"},{"cat": "function","dur": "50736","name": "renderCircle","ph": "X","pid": "0x109db95c0","tid": "0","ts": "97392381363446"},{"cat": "function","dur": "234651","name": "getShadowMesh","ph": "X","pid": "0x109db95c0","tid": "0","ts": "97392381551471"},{"cat": "function","dur": "330872","name": "renderAntiShadows","ph": "X","pid": "0x109db95c0","tid": "0","ts": "97392381551199"},{"cat": "function","dur": "467724","name": "renderFrame","ph": "X","pid": "0x109db95c0","tid": "0","ts": "97392381481401"},{"cat": "function","dur": "8381342","name": "loop","ph": "X","pid": "0x109db95c0","tid": "0","ts": "97392381276745"},{"cat": "function","dur": "137629","name": "getShadowMesh","ph": "X","pid": "0x109db95c0","tid": "0","ts": "97392389817989"},{"cat": "function","dur": "211761","name": "renderAntiShadows","ph": "X","pid": "0x109db95c0","tid": "0","ts": "97392389817778"},{"cat": "function","dur": "286914","name": "renderFrame","ph": "X","pid": "0x109db95c0","tid": "0","ts": "97392389782567"},{"cat": "function","dur": "7296620","name": "loop","ph": "X","pid": "0x109db95c0","tid": "0","ts": "97392389707051"},{"cat": "function","dur": "130710","name": "getShadowMesh","ph": "X","pid": "0x109db95c0","tid": "0","ts": "97392397194655"},{"cat": "function","dur": "196510","name": "renderAntiShadows","ph": "X","pid": "0x109db95c0","tid": "0","ts": "97392397194486"},{"cat": "function","dur": "277870","name": "renderFrame","ph": "X","pid": "0x109db95c0","tid": "0","ts": "97392397157119"},{"cat": "function","dur": "7227293","name": "loop","ph": "X","pid": "0x109db95c0","tid": "0","ts": "97392397068147"},{"cat": "function","dur": "200888","name": "getShadowMesh","ph": "X","pid": "0x109db95c0","tid": "0","ts": "97392404439159"},{"cat": "function","dur": "291106","name": "renderAntiShadows","ph": "X","pid": "0x109db95c0","tid": "0","ts": "97392404438951"},{"cat": "function","dur": "385423","name": "renderFrame","ph": "X","pid": "0x109db95c0","tid": "0","ts": "97392404406580"},{"cat": "function","dur": "7985000","name": "loop","ph": "X","pid": "0x109db95c0","tid": "0","ts": "97392404342240"},{"cat": "function","dur": "124522","name": "getShadowMesh","ph": "X","pid": "0x109db95c0","tid": "0","ts": "97392412523270"},{"cat": "function","dur": "187967","name": "renderAntiShadows","ph": "X","pid": "0x109db95c0","tid": "0","ts": "97392412523110"},{"cat": "function","dur": "265052","name": "renderFrame","ph": "X","pid": "0x109db95c0","tid": "0","ts": "97392412487546"},{"cat": "function","dur": "7759697","name": "loop","ph": "X","pid": "0x109db95c0","tid": "0","ts": "97392412401092"},{"cat": "function","dur": "139625","name": "getShadowMesh","ph": "X","pid": "0x109db95c0","tid": "0","ts": "97392420380641"},{"cat": "function","dur": "209800","name": "renderAntiShadows","ph": "X","pid": "0x109db95c0","tid": "0","ts": "97392420380322"},{"cat": "function","dur": "323812","name": "renderFrame","ph": "X","pid": "0x109db95c0","tid": "0","ts": "97392420312689"},{"cat": "function","dur": "7987897","name": "loop","ph": "X","pid": "0x109db95c0","tid": "0","ts": "97392420222169"},{"cat": "function","dur": "192567","name": "renderCircle","ph": "X","pid": "0x109db95c0","tid": "0","ts": "97392428581858"},{"cat": "function","dur": "113617","name": "getShadowMesh","ph": "X","pid": "0x109db95c0","tid": "0","ts": "97392428994600"},{"cat": "function","dur": "171982","name": "renderAntiShadows","ph": "X","pid": "0x109db95c0","tid": "0","ts": "97392428994370"},{"cat": "function","dur": "290470","name": "renderFrame","ph": "X","pid": "0x109db95c0","tid": "0","ts": "97392428911035"},{"cat": "function","dur": "6977650","name": "loop","ph": "X","pid": "0x109db95c0","tid": "0","ts": "97392428430937"},{"cat": "function","dur": "53665","name": "renderCircle","ph": "X","pid": "0x109db95c0","tid": "0","ts": "97392435509840"},{"cat": "function","dur": "205028","name": "getShadowMesh","ph": "X","pid": "0x109db95c0","tid": "0","ts": "97392435648947"},{"cat": "function","dur": "316612","name": "renderAntiShadows","ph": "X","pid": "0x109db95c0","tid": "0","ts": "97392435648571"},{"cat": "function","dur": "428924","name": "renderFrame","ph": "X","pid": "0x109db95c0","tid": "0","ts": "97392435594381"},{"cat": "function","dur": "7565007","name": "loop","ph": "X","pid": "0x109db95c0","tid": "0","ts": "97392435470162"},{"cat": "function","dur": "105871","name": "renderCircle","ph": "X","pid": "0x109db95c0","tid": "0","ts": "97392443122088"},{"cat": "function","dur": "654325","name": "getShadowMesh","ph": "X","pid": "0x109db95c0","tid": "0","ts": "97392443338360"},{"cat": "function","dur": "1084169","name": "renderAntiShadows","ph": "X","pid": "0x109db95c0","tid": "0","ts": "97392443338120"},{"cat": "function","dur": "108196","name": "renderOutline","ph": "X","pid": "0x109db95c0","tid": "0","ts": "97392444564459"},{"cat": "function","dur": "65798","name": "renderOutline","ph": "X","pid": "0x109db95c0","tid": "0","ts": "97392444761040"},{"cat": "function","dur": "1638348","name": "renderFrame","ph": "X","pid": "0x109db95c0","tid": "0","ts": "97392443270511"},{"cat": "function","dur": "62718","name": "renderLine","ph": "X","pid": "0x109db95c0","tid": "0","ts": "97392444955431"},{"cat": "function","dur": "8577261","name": "loop","ph": "X","pid": "0x109db95c0","tid": "0","ts": "97392443087379"},{"cat": "function","dur": "109363","name": "getShadowMesh","ph": "X","pid": "0x109db95c0","tid": "0","ts": "97392451820265"},{"cat": "function","dur": "158370","name": "renderAntiShadows","ph": "X","pid": "0x109db95c0","tid": "0","ts": "97392451820090"},{"cat": "function","dur": "220343","name": "renderFrame","ph": "X","pid": "0x109db95c0","tid": "0","ts": "97392451790499"},{"cat": "function","dur": "8006307","name": "loop","ph": "X","pid": "0x109db95c0","tid": "0","ts": "97392451712103"},{"cat": "function","dur": "150373","name": "getShadowMesh","ph": "X","pid": "0x109db95c0","tid": "0","ts": "97392459915956"},{"cat": "function","dur": "216185","name": "renderAntiShadows","ph": "X","pid": "0x109db95c0","tid": "0","ts": "97392459915761"},{"cat": "function","dur": "312906","name": "renderFrame","ph": "X","pid": "0x109db95c0","tid": "0","ts": "97392459856490"},{"cat": "function","dur": "10083863","name": "loop","ph": "X","pid": "0x109db95c0","tid": "0","ts": "97392459772886"},{"cat": "function","dur": "135182","name": "getShadowMesh","ph": "X","pid": "0x109db95c0","tid": "0","ts": "97392469997145"},{"cat": "function","dur": "188181","name": "renderAntiShadows","ph": "X","pid": "0x109db95c0","tid": "0","ts": "97392469996916"},{"cat": "function","dur": "249915","name": "renderFrame","ph": "X","pid": "0x109db95c0","tid": "0","ts": "97392469967905"},{"cat": "function","dur": "6450905","name": "loop","ph": "X","pid": "0x109db95c0","tid": "0","ts": "97392469901502"},{"cat": "function","dur": "182647","name": "getShadowMesh","ph": "X","pid": "0x109db95c0","tid": "0","ts": "97392476546029"},{"cat": "function","dur": "279679","name": "renderAntiShadows","ph": "X","pid": "0x109db95c0","tid": "0","ts": "97392476545801"},{"cat": "function","dur": "453753","name": "renderFrame","ph": "X","pid": "0x109db95c0","tid": "0","ts": "97392476492633"},{"cat": "function","dur": "51036","name": "renderLine","ph": "X","pid": "0x109db95c0","tid": "0","ts": "97392476985355"},{"cat": "function","dur": "7021005","name": "loop","ph": "X","pid": "0x109db95c0","tid": "0","ts": "97392476406757"},{"cat": "function","dur": "59130","name": "renderCircle","ph": "X","pid": "0x109db95c0","tid": "0","ts": "97392483530688"},{"cat": "function","dur": "114160","name": "getShadowMesh","ph": "X","pid": "0x109db95c0","tid": "0","ts": "97392483655636"},{"cat": "function","dur": "167647","name": "renderAntiShadows","ph": "X","pid": "0x109db95c0","tid": "0","ts": "97392483655461"},{"cat": "function","dur": "241597","name": "renderFrame","ph": "X","pid": "0x109db95c0","tid": "0","ts": "97392483617340"},{"cat": "function","dur": "7677704","name": "loop","ph": "X","pid": "0x109db95c0","tid": "0","ts": "97392483493275"},{"cat": "function","dur": "119931","name": "getShadowMesh","ph": "X","pid": "0x109db95c0","tid": "0","ts": "97392491298337"},{"cat": "function","dur": "165922","name": "renderAntiShadows","ph": "X","pid": "0x109db95c0","tid": "0","ts": "97392491298178"},{"cat": "function","dur": "226654","name": "renderFrame","ph": "X","pid": "0x109db95c0","tid": "0","ts": "97392491269401"},{"cat": "function","dur": "7370554","name": "loop","ph": "X","pid": "0x109db95c0","tid": "0","ts": "97392491209478"},{"cat": "function","dur": "63986","name": "renderCircle","ph": "X","pid": "0x109db95c0","tid": "0","ts": "97392498705285"},{"cat": "function","dur": "116802","name": "getShadowMesh","ph": "X","pid": "0x109db95c0","tid": "0","ts": "97392498849671"},{"cat": "function","dur": "175122","name": "renderAntiShadows","ph": "X","pid": "0x109db95c0","tid": "0","ts": "97392498849525"},{"cat": "function","dur": "257069","name": "renderFrame","ph": "X","pid": "0x109db95c0","tid": "0","ts": "97392498806716"},{"cat": "function","dur": "7972559","name": "loop","ph": "X","pid": "0x109db95c0","tid": "0","ts": "97392498663429"},{"cat": "function","dur": "136185","name": "getShadowMesh","ph": "X","pid": "0x109db95c0","tid": "0","ts": "97392506811443"},{"cat": "function","dur": "208303","name": "renderAntiShadows","ph": "X","pid": "0x109db95c0","tid": "0","ts": "97392506811142"},{"cat": "function","dur": "298189","name": "renderFrame","ph": "X","pid": "0x109db95c0","tid": "0","ts": "97392506760349"},{"cat": "function","dur": "7227086","name": "loop","ph": "X","pid": "0x109db95c0","tid": "0","ts": "97392506682649"},{"cat": "function","dur": "207654","name": "getShadowMesh","ph": "X","pid": "0x109db95c0","tid": "0","ts": "97392514127935"},{"cat": "function","dur": "301118","name": "renderAntiShadows","ph": "X","pid": "0x109db95c0","tid": "0","ts": "97392514127711"},{"cat": "function","dur": "392265","name": "renderFrame","ph": "X","pid": "0x109db95c0","tid": "0","ts": "97392514079215"},{"cat": "function","dur": "7366285","name": "loop","ph": "X","pid": "0x109db95c0","tid": "0","ts": "97392513986892"},{"cat": "function","dur": "111074","name": "getShadowMesh","ph": "X","pid": "0x109db95c0","tid": "0","ts": "97392521477573"},{"cat": "function","dur": "157825","name": "renderAntiShadows","ph": "X","pid": "0x109db95c0","tid": "0","ts": "97392521477346"},{"cat": "function","dur": "222651","name": "renderFrame","ph": "X","pid": "0x109db95c0","tid": "0","ts": "97392521449149"},{"cat": "function","dur": "6886231","name": "loop","ph": "X","pid": "0x109db95c0","tid": "0","ts": "97392521390039"},{"cat": "function","dur": "70150","name": "renderCircle","ph": "X","pid": "0x109db95c0","tid": "0","ts": "97392528628619"},{"cat": "function","dur": "55999","name": "render","ph": "X","pid": "0x109db95c0","tid": "0","ts": "97392528754020"},{"cat": "function","dur": "260853","name": "getShadowMesh","ph": "X","pid": "0x109db95c0","tid": "0","ts": "97392528883499"},{"cat": "function","dur": "348878","name": "renderAntiShadows","ph": "X","pid": "0x109db95c0","tid": "0","ts": "97392528883287"},{"cat": "function","dur": "538490","name": "renderFrame","ph": "X","pid": "0x109db95c0","tid": "0","ts": "97392528752795"},{"cat": "function","dur": "7772212","name": "loop","ph": "X","pid": "0x109db95c0","tid": "0","ts": "97392528537537"},{"cat": "function","dur": "102723","name": "getShadowMesh","ph": "X","pid": "0x109db95c0","tid": "0","ts": "97392536454669"},{"cat": "function","dur": "177658","name": "renderAntiShadows","ph": "X","pid": "0x109db95c0","tid": "0","ts": "97392536454510"},{"cat": "function","dur": "247640","name": "renderFrame","ph": "X","pid": "0x109db95c0","tid": "0","ts": "97392536424969"},{"cat": "function","dur": "6530764","name": "loop","ph": "X","pid": "0x109db95c0","tid": "0","ts": "97392536352257"},{"cat": "function","dur": "286016","name": "getShadowMesh","ph": "X","pid": "0x109db95c0","tid": "0","ts": "97392543073342"},{"cat": "function","dur": "377483","name": "renderAntiShadows","ph": "X","pid": "0x109db95c0","tid": "0","ts": "97392543072957"},{"cat": "function","dur": "515191","name": "renderFrame","ph": "X","pid": "0x109db95c0","tid": "0","ts": "97392543015157"},{"cat": "function","dur": "7605616","name": "loop","ph": "X","pid": "0x109db95c0","tid": "0","ts": "97392542937467"},{"cat": "function","dur": "121234","name": "getShadowMesh","ph": "X","pid": "0x109db95c0","tid": "0","ts": "97392550685126"},{"cat": "function","dur": "226745","name": "renderAntiShadows","ph": "X","pid": "0x109db95c0","tid": "0","ts": "97392550684982"},{"cat": "function","dur": "332055","name": "renderFrame","ph": "X","pid": "0x109db95c0","tid": "0","ts": "97392550656825"},{"cat": "function","dur": "7548979","name": "loop","ph": "X","pid": "0x109db95c0","tid": "0","ts": "97392550590421"},{"cat": "function","dur": "168882","name": "getShadowMesh","ph": "X","pid": "0x109db95c0","tid": "0","ts": "97392558282303"},{"cat": "function","dur": "238974","name": "renderAntiShadows","ph": "X","pid": "0x109db95c0","tid": "0","ts": "97392558282096"},{"cat": "function","dur": "313997","name": "renderFrame","ph": "X","pid": "0x109db95c0","tid": "0","ts": "97392558249390"},{"cat": "function","dur": "10375148","name": "loop","ph": "X","pid": "0x109db95c0","tid": "0","ts": "97392558181898"},{"cat": "function","dur": "76775","name": "computeLineOfSightVertices","ph": "X","pid": "0x70000b0cc000","tid": "0","ts": "97392568727747"},{"cat": "function","dur": "194922","name": "getShadowMesh","ph": "X","pid": "0x109db95c0","tid": "0","ts": "97392568680508"},{"cat": "function","dur": "246245","name": "renderAntiShadows","ph": "X","pid": "0x109db95c0","tid": "0","ts": "97392568680302"},{"cat": "function","dur": "308049","name": "renderFrame","ph": "X","pid": "0x109db95c0","tid": "0","ts": "97392568652779"},{"cat": "function","dur": "9156905","name": "loop","ph": "X","pid": "0x109db95c0","tid": "0","ts": "97392568594327"},{"cat": "function","dur": "93169","name": "renderCircle","ph": "X","pid": "0x109db95c0","tid": "0","ts": "97392578045020"},{"cat": "function","dur": "145901","name": "getShadowMesh","ph": "X","pid": "0x109db95c0","tid": "0","ts": "97392578215057"},{"cat": "function","dur": "196170","name": "renderAntiShadows","ph": "X","pid": "0x109db95c0","tid": "0","ts": "97392578214906"},{"cat": "function","dur": "291636","name": "renderFrame","ph": "X","pid": "0x109db95c0","tid": "0","ts": "97392578152422"},{"cat": "function","dur": "7004096","name": "loop","ph": "X","pid": "0x109db95c0","tid": "0","ts": "97392577928666"},{"cat": "function","dur": "104670","name": "getShadowMesh","ph": "X","pid": "0x109db95c0","tid": "0","ts": "97392585065836"},{"cat": "function","dur": "152168","name": "renderAntiShadows","ph": "X","pid": "0x109db95c0","tid": "0","ts": "97392585065619"},{"cat": "function","dur": "220130","name": "renderFrame","ph": "X","pid": "0x109db95c0","tid": "0","ts": "97392585030599"},{"cat": "function","dur": "7467299","name": "loop","ph": "X","pid": "0x109db95c0","tid": "0","ts": "97392584971196"},{"cat": "function","dur": "106669","name": "getShadowMesh","ph": "X","pid": "0x109db95c0","tid": "0","ts": "97392592563338"},{"cat": "function","dur": "160628","name": "renderAntiShadows","ph": "X","pid": "0x109db95c0","tid": "0","ts": "97392592563130"},{"cat": "function","dur": "221129","name": "renderFrame","ph": "X","pid": "0x109db95c0","tid": "0","ts": "97392592535109"},{"cat": "function","dur": "10505006","name": "loop","ph": "X","pid": "0x109db95c0","tid": "0","ts": "97392592475665"},{"cat": "function","dur": "140507","name": "getShadowMesh","ph": "X","pid": "0x109db95c0","tid": "0","ts": "97392603135898"},{"cat": "function","dur": "189558","name": "renderAntiShadows","ph": "X","pid": "0x109db95c0","tid": "0","ts": "97392603135739"},{"cat": "function","dur": "260507","name": "renderFrame","ph": "X","pid": "0x109db95c0","tid": "0","ts": "97392603106791"},{"cat": "function","dur": "7257948","name": "loop","ph": "X","pid": "0x109db95c0","tid": "0","ts": "97392603040199"},{"cat": "function","dur": "159722","name": "getShadowMesh","ph": "X","pid": "0x109db95c0","tid": "0","ts": "97392610490285"},{"cat": "function","dur": "252286","name": "renderAntiShadows","ph": "X","pid": "0x109db95c0","tid": "0","ts": "97392610490062"},{"cat": "function","dur": "364090","name": "renderFrame","ph": "X","pid": "0x109db95c0","tid": "0","ts": "97392610441903"},{"cat": "function","dur": "6968002","name": "loop","ph": "X","pid": "0x109db95c0","tid": "0","ts": "97392610351823"},{"cat": "function","dur": "178736","name": "getShadowMesh","ph": "X","pid": "0x109db95c0","tid": "0","ts": "97392617504915"},{"cat": "function","dur": "239662","name": "renderAntiShadows","ph": "X","pid": "0x109db95c0","tid": "0","ts": "97392617504670"},{"cat": "function","dur": "320918","name": "renderFrame","ph": "X","pid": "0x109db95c0","tid": "0","ts": "97392617458529"},{"cat": "function","dur": "7376515","name": "loop","ph": "X","pid": "0x109db95c0","tid": "0","ts": "97392617381267"},{"cat": "function","dur": "117518","name": "getShadowMesh","ph": "X","pid": "0x109db95c0","tid": "0","ts": "97392624890149"},{"cat": "function","dur": "200280","name": "renderAntiShadows","ph": "X","pid": "0x109db95c0","tid": "0","ts": "97392624889931"},{"cat": "function","dur": "292912","name": "renderFrame","ph": "X","pid": "0x109db95c0","tid": "0","ts": "97392624859969"},{"cat": "function","dur": "9428486","name": "loop","ph": "X","pid": "0x109db95c0","tid": "0","ts": "97392624795871"},{"cat": "function","dur": "132760","name": "getShadowMesh","ph": "X","pid": "0x109db95c0","tid": "0","ts": "97392634353713"},{"cat": "function","dur": "193972","name": "renderAntiShadows","ph": "X","pid": "0x109db95c0","tid": "0","ts": "97392634353385"},{"cat": "function","dur": "262210","name": "renderFrame","ph": "X","pid": "0x109db95c0","tid": "0","ts": "97392634319938"},{"cat": "function","dur": "7505642","name": "loop","ph": "X","pid": "0x109db95c0","tid": "0","ts": "97392634261801"},{"cat": "function","dur": "104950","name": "getShadowMesh","ph": "X","pid": "0x109db95c0","tid": "0","ts": "97392641896949"},{"cat": "function","dur": "156030","name": "renderAntiShadows","ph": "X","pid": "0x109db95c0","tid": "0","ts": "97392641896800"},{"cat": "function","dur": "216200","name": "renderFrame","ph": "X","pid": "0x109db95c0","tid": "0","ts": "97392641869685"},{"cat": "function","dur": "9448175","name": "loop","ph": "X","pid": "0x109db95c0","tid": "0","ts": "97392641810326"},{"cat": "function","dur": "278050","name": "getShadowMesh","ph": "X","pid": "0x109db95c0","tid": "0","ts": "97392651408718"},{"cat": "function","dur": "365709","name": "renderAntiShadows","ph": "X","pid": "0x109db95c0","tid": "0","ts": "97392651408527"},{"cat": "function","dur": "444995","name": "renderFrame","ph": "X","pid": "0x109db95c0","tid": "0","ts": "97392651378605"},{"cat": "function","dur": "7784848","name": "loop","ph": "X","pid": "0x109db95c0","tid": "0","ts": "97392651306537"},{"cat": "function","dur": "154919","name": "getShadowMesh","ph": "X","pid": "0x109db95c0","tid": "0","ts": "97392659257316"},{"cat": "function","dur": "220375","name": "renderAntiShadows","ph": "X","pid": "0x109db95c0","tid": "0","ts": "97392659257048"},{"cat": "function","dur": "343064","name": "renderFrame","ph": "X","pid": "0x109db95c0","tid": "0","ts": "97392659189989"},{"cat": "function","dur": "10088232","name": "loop","ph": "X","pid": "0x109db95c0","tid": "0","ts": "97392659130928"},{"cat": "function","dur": "134375","name": "getShadowMesh","ph": "X","pid": "0x109db95c0","tid": "0","ts": "97392669382315"},{"cat": "function","dur": "204918","name": "renderAntiShadows","ph": "X","pid": "0x109db95c0","tid": "0","ts": "97392669382169"},{"cat": "function","dur": "276227","name": "renderFrame","ph": "X","pid": "0x109db95c0","tid": "0","ts": "97392669350062"},{"cat": "function","dur": "6993516","name": "loop","ph": "X","pid": "0x109db95c0","tid": "0","ts": "97392669266120"},{"cat": "function","dur": "134883","name": "getShadowMesh","ph": "X","pid": "0x109db95c0","tid": "0","ts": "97392676430202"},{"cat": "function","dur": "189838","name": "renderAntiShadows","ph": "X","pid": "0x109db95c0","tid": "0","ts": "97392676430038"},{"cat": "function","dur": "269428","name": "renderFrame","ph": "X","pid": "0x109db95c0","tid": "0","ts": "97392676384527"},{"cat": "function","dur": "10485248","name": "loop","ph": "X","pid": "0x109db95c0","tid": "0","ts": "97392676311993"},{"cat": "function","dur": "340309","name": "getShadowMesh","ph": "X","pid": "0x109db95c0","tid": "0","ts": "97392686993601"},{"cat": "function","dur": "441371","name": "renderAntiShadows","ph": "X","pid": "0x109db95c0","tid": "0","ts": "97392686993366"},{"cat": "function","dur": "566950","name": "renderFrame","ph": "X","pid": "0x109db95c0","tid": "0","ts": "97392686927243"},{"cat": "function","dur": "7166246","name": "loop","ph": "X","pid": "0x109db95c0","tid": "0","ts": "97392686848060"},{"cat": "function","dur": "51404","name": "computeLineOfSightVertices","ph": "X","pid": "0x70000b0cc000","tid": "0","ts": "97392694284269"},{"cat": "function","dur": "200249","name": "getShadowMesh","ph": "X","pid": "0x109db95c0","tid": "0","ts": "97392694215050"},{"cat": "function","dur": "312991","name": "renderAntiShadows","ph": "X","pid": "0x109db95c0","tid": "0","ts": "97392694214807"},{"cat": "function","dur": "502602","name": "renderFrame","ph": "X","pid": "0x109db95c0","tid": "0","ts": "97392694150336"},{"cat": "function","dur": "8661608","name": "loop","ph": "X","pid": "0x109db95c0","tid": "0","ts": "97392694066583"},{"cat": "function","dur": "54046","name": "renderCircle","ph": "X","pid": "0x109db95c0","tid": "0","ts": "97392702857607"},{"cat": "function","dur": "50297","name": "render","ph": "X","pid": "0x109db95c0","tid": "0","ts": "97392702953329"},{"cat": "function","dur": "165714","name": "getShadowMesh","ph": "X","pid": "0x109db95c0","tid": "0","ts": "97392703088351"},{"cat": "function","dur": "246810","name": "renderAntiShadows","ph": "X","pid": "0x109db95c0","tid": "0","ts": "97392703088067"},{"cat": "function","dur": "446919","name": "renderFrame","ph": "X","pid": "0x109db95c0","tid": "0","ts": "97392702952306"},{"cat": "function","dur": "7329021","name": "loop","ph": "X","pid": "0x109db95c0","tid": "0","ts": "97392702810921"},{"cat": "function","dur": "287595","name": "getShadowMesh","ph": "X","pid": "0x109db95c0","tid": "0","ts": "97392710404572"},{"cat": "function","dur": "377498","name": "renderAntiShadows","ph": "X","pid": "0x109db95c0","tid": "0","ts": "97392710404329"},{"cat": "function","dur": "485251","name": "renderFrame","ph": "X","pid": "0x109db95c0","tid": "0","ts": "97392710356885"},{"cat": "function","dur": "9959311","name": "loop","ph": "X","pid": "0x109db95c0","tid": "0","ts": "97392710265746"},{"cat": "function","dur": "123511","name": "getShadowMesh","ph": "X","pid": "0x109db95c0","tid": "0","ts": "97392720388366"},{"cat": "function","dur": "191507","name": "renderAntiShadows","ph": "X","pid": "0x109db95c0","tid": "0","ts": "97392720388118"},{"cat": "function","dur": "269603","name": "renderFrame","ph": "X","pid": "0x109db95c0","tid": "0","ts": "97392720346603"},{"cat": "function","dur": "7444468","name": "loop","ph": "X","pid": "0x109db95c0","tid": "0","ts": "97392720283041"},{"cat": "function","dur": "54543","name": "renderCircle","ph": "X","pid": "0x109db95c0","tid": "0","ts": "97392727830360"},{"cat": "function","dur": "61693","name": "computeLineOfSightVertices","ph": "X","pid": "0x70000b0cc000","tid": "0","ts": "97392728058218"},{"cat": "function","dur": "267130","name": "getShadowMesh","ph": "X","pid": "0x109db95c0","tid": "0","ts": "97392727971897"},{"cat": "function","dur": "435112","name": "renderAntiShadows","ph": "X","pid": "0x109db95c0","tid": "0","ts": "97392727971717"},{"cat": "function","dur": "64358","name": "renderOutline","ph": "X","pid": "0x109db95c0","tid": "0","ts": "97392728481139"},{"cat": "function","dur": "51478","name": "renderOutline","ph": "X","pid": "0x109db95c0","tid": "0","ts": "97392728588749"},{"cat": "function","dur": "815762","name": "renderFrame","ph": "X","pid": "0x109db95c0","tid": "0","ts": "97392727910818"},{"cat": "function","dur": "95803","name": "renderLine","ph": "X","pid": "0x109db95c0","tid": "0","ts": "97392728773549"},{"cat": "function","dur": "67908","name": "renderLine","ph": "X","pid": "0x109db95c0","tid": "0","ts": "97392728929075"},{"cat": "function","dur": "7407089","name": "loop","ph": "X","pid": "0x109db95c0","tid": "0","ts": "97392727789550"},{"cat": "function","dur": "54704","name": "renderCircle","ph": "X","pid": "0x109db95c0","tid": "0","ts": "97392735298128"},{"cat": "function","dur": "94836","name": "computeLineOfSightVertices","ph": "X","pid": "0x70000b0cc000","tid": "0","ts": "97392735475026"},{"cat": "function","dur": "221759","name": "getShadowMesh","ph": "X","pid": "0x109db95c0","tid": "0","ts": "97392735432123"},{"cat": "function","dur": "279064","name": "renderAntiShadows","ph": "X","pid": "0x109db95c0","tid": "0","ts": "97392735431949"},{"cat": "function","dur": "367856","name": "renderFrame","ph": "X","pid": "0x109db95c0","tid": "0","ts": "97392735389527"},{"cat": "function","dur": "7338365","name": "loop","ph": "X","pid": "0x109db95c0","tid": "0","ts": "97392735252170"},{"cat": "function","dur": "91858","name": "computeLineOfSightVertices","ph": "X","pid": "0x70000b14f000","tid": "0","ts": "97392742868173"},{"cat": "function","dur": "273199","name": "getShadowMesh","ph": "X","pid": "0x109db95c0","tid": "0","ts": "97392742765226"},{"cat": "function","dur": "340334","name": "renderAntiShadows","ph": "X","pid": "0x109db95c0","tid": "0","ts": "97392742765022"},{"cat": "function","dur": "438572","name": "renderFrame","ph": "X","pid": "0x109db95c0","tid": "0","ts": "97392742723020"},{"cat": "function","dur": "10271364","name": "loop","ph": "X","pid": "0x109db95c0","tid": "0","ts": "97392742638998"},{"cat": "function","dur": "108211","name": "getShadowMesh","ph": "X","pid": "0x109db95c0","tid": "0","ts": "97392753044041"},{"cat": "function","dur": "163448","name": "renderAntiShadows","ph": "X","pid": "0x109db95c0","tid": "0","ts": "97392753043889"},{"cat": "function","dur": "230058","name": "renderFrame","ph": "X","pid": "0x109db95c0","tid": "0","ts": "97392753013782"},{"cat": "function","dur": "6891499","name": "loop","ph": "X","pid": "0x109db95c0","tid": "0","ts": "97392752948842"},{"cat": "function","dur": "52501","name": "renderCircle","ph": "X","pid": "0x109db95c0","tid": "0","ts": "97392759922657"},{"cat": "function","dur": "77706","name": "computeLineOfSightVertices","ph": "X","pid": "0x70000b0cc000","tid": "0","ts": "97392760109857"},{"cat": "function","dur": "224169","name": "getShadowMesh","ph": "X","pid": "0x109db95c0","tid": "0","ts": "97392760045517"},{"cat": "function","dur": "345541","name": "renderAntiShadows","ph": "X","pid": "0x109db95c0","tid": "0","ts": "97392760045285"},{"cat": "function","dur": "475699","name": "renderFrame","ph": "X","pid": "0x109db95c0","tid": "0","ts": "97392759997377"},{"cat": "function","dur": "7187306","name": "loop","ph": "X","pid": "0x109db95c0","tid": "0","ts": "97392759889085"},{"cat": "function","dur": "55333","name": "computeLineOfSightVertices","ph": "X","pid": "0x70000b0cc000","tid": "0","ts": "97392767341900"},{"cat": "function","dur": "299497","name": "getShadowMesh","ph": "X","pid": "0x109db95c0","tid": "0","ts": "97392767286686"},{"cat": "function","dur": "353754","name": "renderAntiShadows","ph": "X","pid": "0x109db95c0","tid": "0","ts": "97392767286428"},{"cat": "function","dur": "457049","name": "renderFrame","ph": "X","pid": "0x109db95c0","tid": "0","ts": "97392767220541"},{"cat": "function","dur": "7913380","name": "loop","ph": "X","pid": "0x109db95c0","tid": "0","ts": "97392767134502"},{"cat": "function","dur": "107045","name": "getShadowMesh","ph": "X","pid": "0x109db95c0","tid": "0","ts": "97392775238502"},{"cat": "function","dur": "166888","name": "renderAntiShadows","ph": "X","pid": "0x109db95c0","tid": "0","ts": "97392775238337"},{"cat": "function","dur": "243058","name": "renderFrame","ph": "X","pid": "0x109db95c0","tid": "0","ts": "97392775198928"},{"cat": "function","dur": "10077922","name": "loop","ph": "X","pid": "0x109db95c0","tid": "0","ts": "97392775103447"},{"cat": "function","dur": "103845","name": "getShadowMesh","ph": "X","pid": "0x109db95c0","tid": "0","ts": "97392785310147"},{"cat": "function","dur": "155570","name": "renderAntiShadows","ph": "X","pid": "0x109db95c0","tid": "0","ts": "97392785310007"},{"cat": "function","dur": "222631","name": "renderFrame","ph": "X","pid": "0x109db95c0","tid": "0","ts": "97392785281920"},{"cat": "function","dur": "6857351","name": "loop","ph": "X","pid": "0x109db95c0","tid": "0","ts": "97392785220990"},{"cat": "function","dur": "128450","name": "getShadowMesh","ph": "X","pid": "0x109db95c0","tid": "0","ts": "97392792226397"},{"cat": "function","dur": "180167","name": "renderAntiShadows","ph": "X","pid": "0x109db95c0","tid": "0","ts": "97392792226178"},{"cat": "function","dur": "253319","name": "renderFrame","ph": "X","pid": "0x109db95c0","tid": "0","ts": "97392792185703"},{"cat": "function","dur": "9088285","name": "loop","ph": "X","pid": "0x109db95c0","tid": "0","ts": "97392792121447"},{"cat": "function","dur": "105647","name": "getShadowMesh","ph": "X","pid": "0x109db95c0","tid": "0","ts": "97392801367772"},{"cat": "function","dur": "153642","name": "renderAntiShadows","ph": "X","pid": "0x109db95c0","tid": "0","ts": "97392801367621"},{"cat": "function","dur": "225454","name": "renderFrame","ph": "X","pid": "0x109db95c0","tid": "0","ts": "97392801331608"},{"cat": "function","dur": "7584473","name": "loop","ph": "X","pid": "0x109db95c0","tid": "0","ts": "97392801253242"},{"cat": "function","dur": "119911","name": "getShadowMesh","ph": "X","pid": "0x109db95c0","tid": "0","ts": "97392808967791"},{"cat": "function","dur": "182411","name": "renderAntiShadows","ph": "X","pid": "0x109db95c0","tid": "0","ts": "97392808967638"},{"cat": "function","dur": "254257","name": "renderFrame","ph": "X","pid": "0x109db95c0","tid": "0","ts": "97392808932472"},{"cat": "function","dur": "10064491","name": "loop","ph": "X","pid": "0x109db95c0","tid": "0","ts": "97392808872869"},{"cat": "function","dur": "165490","name": "getShadowMesh","ph": "X","pid": "0x109db95c0","tid": "0","ts": "97392819109445"},{"cat": "function","dur": "227930","name": "renderAntiShadows","ph": "X","pid": "0x109db95c0","tid": "0","ts": "97392819109270"},{"cat": "function","dur": "293986","name": "renderFrame","ph": "X","pid": "0x109db95c0","tid": "0","ts": "97392819077487"},{"cat": "function","dur": "6808260","name": "loop","ph": "X","pid": "0x109db95c0","tid": "0","ts": "97392819008910"},{"cat": "function","dur": "63249","name": "computeLineOfSightVertices","ph": "X","pid": "0x70000b0cc000","tid": "0","ts": "97392826024570"},{"cat": "function","dur": "190873","name": "getShadowMesh","ph": "X","pid": "0x109db95c0","tid": "0","ts": "97392825974796"},{"cat": "function","dur": "261406","name": "renderAntiShadows","ph": "X","pid": "0x109db95c0","tid": "0","ts": "97392825974617"},{"cat": "function","dur": "332834","name": "renderFrame","ph": "X","pid": "0x109db95c0","tid": "0","ts": "97392825944819"},{"cat": "function","dur": "50798","name": "renderLine","ph": "X","pid": "0x109db95c0","tid": "0","ts": "97392826302798"},{"cat": "function","dur": "9587573","name": "loop","ph": "X","pid": "0x109db95c0","tid": "0","ts": "97392825879915"},{"cat": "function","dur": "67783","name": "compute","ph": "X","pid": "0x109db95c0","tid": "0","ts": "97392835584170"},{"cat": "function","dur": "56260","name": "renderCircle","ph": "X","pid": "0x109db95c0","tid": "0","ts": "97392835689718"},{"cat": "function","dur": "74100","name": "computeLineOfSightVertices","ph": "X","pid": "0x70000b14f000","tid": "0","ts": "97392836018963"},{"cat": "function","dur": "316528","name": "getShadowMesh","ph": "X","pid": "0x109db95c0","tid": "0","ts": "97392835856350"},{"cat": "function","dur": "385582","name": "renderAntiShadows","ph": "X","pid": "0x109db95c0","tid": "0","ts": "97392835856068"},{"cat": "function","dur": "501565","name": "renderFrame","ph": "X","pid": "0x109db95c0","tid": "0","ts": "97392835800703"},{"cat": "function","dur": "7466229","name": "loop","ph": "X","pid": "0x109db95c0","tid": "0","ts": "97392835545976"},{"cat": "function","dur": "689722","name": "getShadowMesh","ph": "X","pid": "0x109db95c0","tid": "0","ts": "97392843217992"},{"cat": "function","dur": "925921","name": "renderAntiShadows","ph": "X","pid": "0x109db95c0","tid": "0","ts": "97392843217775"},{"cat": "function","dur": "1071712","name": "renderFrame","ph": "X","pid": "0x109db95c0","tid": "0","ts": "97392843165713"},{"cat": "function","dur": "7509159","name": "loop","ph": "X","pid": "0x109db95c0","tid": "0","ts": "97392843069515"},{"cat": "function","dur": "184633","name": "getShadowMesh","ph": "X","pid": "0x109db95c0","tid": "0","ts": "97392850732553"},{"cat": "function","dur": "237945","name": "renderAntiShadows","ph": "X","pid": "0x109db95c0","tid": "0","ts": "97392850732322"},{"cat": "function","dur": "309292","name": "renderFrame","ph": "X","pid": "0x109db95c0","tid": "0","ts": "97392850696069"},{"cat": "function","dur": "6794182","name": "loop","ph": "X","pid": "0x109db95c0","tid": "0","ts": "97392850632647"},{"cat": "function","dur": "54799","name": "computeLineOfSightVertices","ph": "X","pid": "0x70000b14f000","tid": "0","ts": "97392857682830"},{"cat": "function","dur": "219226","name": "getShadowMesh","ph": "X","pid": "0x109db95c0","tid": "0","ts": "97392857575010"},{"cat": "function","dur": "277273","name": "renderAntiShadows","ph": "X","pid": "0x109db95c0","tid": "0","ts": "97392857574787"},{"cat": "function","dur": "342896","name": "renderFrame","ph": "X","pid": "0x109db95c0","tid": "0","ts": "97392857544920"},{"cat": "function","dur": "88133785","name": "loop","ph": "X","pid": "0x109db95c0","tid": "0","ts": "97392857477541"}