{"traceEvents":[{"cat":"function","dur":"5687","name":"renderCircle","ph":"X","pid":"0","tid":"0x11d4615c0","ts":"365456622177"},{"cat":"function","dur":"1544","name":"renderQuad","ph":"X","pid":"0","tid":"0x11d4615c0","ts":"365456627984"},{"cat":"function","dur":"920","name":"renderLine","ph":"X","pid":"0","tid":"0x11d4615c0","ts":"365456629586"},{"cat":"function","dur":"1669","name":"render","ph":"X","pid":"0","tid":"0x11d4615c0","ts":"365456630530"},{"cat":"function","dur":"31","name":"render","ph":"X","pid":"0","tid":"0x11d4615c0","ts":"365456632220"},{"cat":"function","dur":"24","name":"render","ph":"X","pid":"0","tid":"0x11d4615c0","ts":"365456632267"},{"cat":"function","dur":"1996","name":"renderFrame","ph":"X","pid":"0","tid":"0x11d4615c0","ts":"365456630530"},{"cat":"function","dur":"46","name":"renderLine","ph":"X","pid":"0","tid":"0x11d4615c0","ts":"365456632549"},{"cat":"function","dur":"39","name":"renderLine","ph":"X","pid":"0","tid":"0x11d4615c0","ts":"365456632621"},{"cat":"function","dur":"117471","name":"loop","ph":"X","pid":"0","tid":"0x11d4615c0","ts":"365456622145"},{"cat":"function","dur":"39","name":"renderCircle","ph":"X","pid":"0","tid":"0x11d4615c0","ts":"365456739680"},{"cat":"function","dur":"12","name":"renderQuad","ph":"X","pid":"0","tid":"0x11d4615c0","ts":"365456739737"},{"cat":"function","dur":"18","name":"renderLine","ph":"X","pid":"0","tid":"0x11d4615c0","ts":"365456739773"},{"cat":"function","dur":"15","name":"render","ph":"X","pid":"0","tid":"0x11d4615c0","ts":"365456739805"},{"cat":"function","dur":"9","name":"render","ph":"X","pid":"0","tid":"0x11d4615c0","ts":"365456739832"},{"cat":"function","dur":"8","name":"render","ph":"X","pid":"0","tid":"0x11d4615c0","ts":"365456739853"},{"cat":"function","dur":"244","name":"renderFrame","ph":"X","pid":"0","tid":"0x11d4615c0","ts":"365456739805"},{"cat":"function","dur":"12","name":"renderLine","ph":"X","pid":"0","tid":"0x11d4615c0","ts":"365456740070"},{"cat":"function","dur":"64","name":"renderLine","ph":"X","pid":"0","tid":"0x11d4615c0","ts":"365456740096"},{"cat":"function","dur":"17268","name":"loop","ph":"X","pid":"0","tid":"0x11d4615c0","ts":"365456739662"},{"cat":"function","dur":"77","name":"renderCircle","ph":"X","pid":"0","tid":"0x11d4615c0","ts":"365456757080"},{"cat":"function","dur":"17","name":"renderQuad","ph":"X","pid":"0","tid":"0x11d4615c0","ts":"365456757177"},{"cat":"function","dur":"25","name":"renderLine","ph":"X","pid":"0","tid":"0x11d4615c0","ts":"365456757224"},{"cat":"function","dur":"18","name":"render","ph":"X","pid":"0","tid":"0x11d4615c0","ts":"365456757263"},{"cat":"function","dur":"11","name":"render","ph":"X","pid":"0","tid":"0x11d4615c0","ts":"365456757293"},{"cat":"function","dur":"9","name":"render","ph":"X","pid":"0","tid":"0x11d4615c0","ts":"365456757315"},{"cat":"function","dur":"267","name":"renderFrame","ph":"X","pid":"0","tid":"0x11d4615c0","ts":"365456757262"},{"cat":"function","dur":"15","name":"renderLine","ph":"X","pid":"0","tid":"0x11d4615c0","ts":"365456757551"},{"cat":"function","dur":"10","name":"renderLine","ph":"X","pid":"0","tid":"0x11d4615c0","ts":"365456757597"},{"cat":"function","dur":"17702","name":"loop","ph":"X","pid":"0","tid":"0x11d4615c0","ts":"365456757031"},{"cat":"function","dur":"31","name":"renderCircle","ph":"X","pid":"0","tid":"0x11d4615c0","ts":"365456774788"},{"cat":"function","dur":"10","name":"renderQuad","ph":"X","pid":"0","tid":"0x11d4615c0","ts":"365456774834"},{"cat":"function","dur":"15","name":"renderLine","ph":"X","pid":"0","tid":"0x11d4615c0","ts":"365456774867"},{"cat":"function","dur":"12","name":"render","ph":"X","pid":"0","tid":"0x11d4615c0","ts":"365456774895"},{"cat":"function","dur":"8","name":"render","ph":"X","pid":"0","tid":"0x11d4615c0","ts":"365456774918"},{"cat":"function","dur":"8","name":"render","ph":"X","pid":"0","tid":"0x11d4615c0","ts":"365456774937"},{"cat":"function","dur":"220","name":"renderFrame","ph":"X","pid":"0","tid":"0x11d4615c0","ts":"365456774894"},{"cat":"function","dur":"11","name":"renderLine","ph":"X","pid":"0","tid":"0x11d4615c0","ts":"365456775129"},{"cat":"function","dur":"8","name":"renderLine","ph":"X","pid":"0","tid":"0x11d4615c0","ts":"365456775166"},{"cat":"function","dur":"16581","name":"loop","ph":"X","pid":"0","tid":"0x11d4615c0","ts":"365456774773"},{"cat":"function","dur":"41","name":"renderCircle","ph":"X","pid":"0","tid":"0x11d4615c0","ts":"365456791421"},{"cat":"function","dur":"12","name":"renderQuad","ph":"X","pid":"0","tid":"0x11d4615c0","ts":"365456791475"},{"cat":"function","dur":"16","name":"renderLine","ph":"X","pid":"0","tid":"0x11d4615c0","ts":"365456791507"},{"cat":"function","dur":"12","name":"render","ph":"X","pid":"0","tid":"0x11d4615c0","ts":"365456791534"},{"cat":"function","dur":"9","name":"render","ph":"X","pid":"0","tid":"0x11d4615c0","ts":"365456791554"},{"cat":"function","dur":"8","name":"render","ph":"X","pid":"0","tid":"0x11d4615c0","ts":"365456791571"},{"cat":"function","dur":"217","name":"renderFrame","ph":"X","pid":"0","tid":"0x11d4615c0","ts":"365456791533"},{"cat":"function","dur":"11","name":"renderLine","ph":"X","pid":"0","tid":"0x11d4615c0","ts":"365456791763"},{"cat":"function","dur":"7","name":"renderLine","ph":"X","pid":"0","tid":"0x11d4615c0","ts":"365456791784"},{"cat":"function","dur":"16951","name":"loop","ph":"X","pid":"0","tid":"0x11d4615c0","ts":"365456791396"},{"cat":"function","dur":"32","name":"renderCircle","ph":"X","pid":"0","tid":"0x11d4615c0","ts":"365456808401"},{"cat":"function","dur":"10","name":"renderQuad","ph":"X","pid":"0","tid":"0x11d4615c0","ts":"365456808445"},{"cat":"function","dur":"16","name":"renderLine","ph":"X","pid":"0","tid":"0x11d4615c0","ts":"365456808473"},{"cat":"function","dur":"12","name":"render","ph":"X","pid":"0","tid":"0x11d4615c0","ts":"365456808499"},{"cat":"function","dur":"8","name":"render","ph":"X","pid":"0","tid":"0x11d4615c0","ts":"365456808519"},{"cat":"function","dur":"7","name":"render","ph":"X","pid":"0","tid":"0x11d4615c0","ts":"365456808535"},{"cat":"function","dur":"212","name":"renderFrame","ph":"X","pid":"0","tid":"0x11d4615c0","ts":"365456808498"},{"cat":"function","dur":"11","name":"renderLine","ph":"X","pid":"0","tid":"0x11d4615c0","ts":"365456808722"},{"cat":"function","dur":"7","name":"renderLine","ph":"X","pid":"0","tid":"0x11d4615c0","ts":"365456808742"},{"cat":"function","dur":"17193","name":"loop","ph":"X","pid":"0","tid":"0x11d4615c0","ts":"365456808382"},{"cat":"function","dur":"38","name":"renderCircle","ph":"X","pid":"0","tid":"0x11d4615c0","ts":"365456825659"},{"cat":"function","dur":"12","name":"renderQuad","ph":"X","pid":"0","tid":"0x11d4615c0","ts":"365456825710"},{"cat":"function","dur":"18","name":"renderLine","ph":"X","pid":"0","tid":"0x11d4615c0","ts":"365456825742"},{"cat":"function","dur":"12","name":"render","ph":"X","pid":"0","tid":"0x11d4615c0","ts":"365456825770"},{"cat":"function","dur":"8","name":"render","ph":"X","pid":"0","tid":"0x11d4615c0","ts":"365456825791"},{"cat":"function","dur":"8","name":"render","ph":"X","pid":"0","tid":"0x11d4615c0","ts":"365456825807"},{"cat":"function","dur":"213","name":"renderFrame","ph":"X","pid":"0","tid":"0x11d4615c0","ts":"365456825769"},{"cat":"function","dur":"11","name":"renderLine","ph":"X","pid":"0","tid":"0x11d4615c0","ts":"365456825994"},{"cat":"function","dur":"8","name":"renderLine","ph":"X","pid":"0","tid":"0x11d4615c0","ts":"365456826014"},{"cat":"function","dur":"17203","name":"loop","ph":"X","pid":"0","tid":"0x11d4615c0","ts":"365456825639"},{"cat":"function","dur":"36","name":"renderCircle","ph":"X","pid":"0","tid":"0x11d4615c0","ts":"365456842902"},{"cat":"function","dur":"12","name":"renderQuad","ph":"X","pid":"0","tid":"0x11d4615c0","ts":"365456842951"},{"cat":"function","dur":"18","name":"renderLine","ph":"X","pid":"0","tid":"0x11d4615c0","ts":"365456842983"},{"cat":"function","dur":"14","name":"render","ph":"X","pid":"0","tid":"0x11d4615c0","ts":"365456843012"},{"cat":"function","dur":"9","name":"render","ph":"X","pid":"0","tid":"0x11d4615c0","ts":"365456843035"},{"cat":"function","dur":"8","name":"render","ph":"X","pid":"0","tid":"0x11d4615c0","ts":"365456843053"},{"cat":"function","dur":"256","name":"renderFrame","ph":"X","pid":"0","tid":"0x11d4615c0","ts":"365456843011"},{"cat":"function","dur":"11","name":"renderLine","ph":"X","pid":"0","tid":"0x11d4615c0","ts":"365456843281"},{"cat":"function","dur":"8","name":"renderLine","ph":"X","pid":"0","tid":"0x11d4615c0","ts":"365456843303"},{"cat":"function","dur":"16940","name":"loop","ph":"X","pid":"0","tid":"0x11d4615c0","ts":"365456842882"},{"cat":"function","dur":"32","name":"renderCircle","ph":"X","pid":"0","tid":"0x11d4615c0","ts":"365456859874"},{"cat":"function","dur":"12","name":"renderQuad","ph":"X","pid":"0","tid":"0x11d4615c0","ts":"365456859920"},{"cat":"function","dur":"16","name":"renderLine","ph":"X","pid":"0","tid":"0x11d4615c0","ts":"365456859953"},{"cat":"function","dur":"12","name":"render","ph":"X","pid":"0","tid":"0x11d4615c0","ts":"365456859980"},{"cat":"function","dur":"9","name":"render","ph":"X","pid":"0","tid":"0x11d4615c0","ts":"365456860001"},{"cat":"function","dur":"8","name":"render","ph":"X","pid":"0","tid":"0x11d4615c0","ts":"365456860018"},{"cat":"function","dur":"224","name":"renderFrame","ph":"X","pid":"0","tid":"0x11d4615c0","ts":"365456859979"},{"cat":"function","dur":"12","name":"renderLine","ph":"X","pid":"0","tid":"0x11d4615c0","ts":"365456860216"},{"cat":"function","dur":"7","name":"renderLine","ph":"X","pid":"0","tid":"0x11d4615c0","ts":"365456860238"},{"cat":"function","dur":"16798","name":"loop","ph":"X","pid":"0","tid":"0x11d4615c0","ts":"365456859856"},{"cat":"function","dur":"31","name":"renderCircle","ph":"X","pid":"0","tid":"0x11d4615c0","ts":"365456876710"},{"cat":"function","dur":"10","name":"renderQuad","ph":"X","pid":"0","tid":"0x11d4615c0","ts":"365456876754"},{"cat":"function","dur":"16","name":"renderLine","ph":"X","pid":"0","tid":"0x11d4615c0","ts":"365456876784"},{"cat":"function","dur":"12","name":"render","ph":"X","pid":"0","tid":"0x11d4615c0","ts":"365456876811"},{"cat":"function","dur":"8","name":"render","ph":"X","pid":"0","tid":"0x11d4615c0","ts":"365456876832"},{"cat":"function","dur":"8","name":"render","ph":"X","pid":"0","tid":"0x11d4615c0","ts":"365456876848"},{"cat":"function","dur":"219","name":"renderFrame","ph":"X","pid":"0","tid":"0x11d4615c0","ts":"365456876810"},{"cat":"function","dur":"11","name":"renderLine","ph":"X","pid":"0","tid":"0x11d4615c0","ts":"365456877041"},{"cat":"function","dur":"7","name":"renderLine","ph":"X","pid":"0","tid":"0x11d4615c0","ts":"365456877062"},{"cat":"function","dur":"16389","name":"loop","ph":"X","pid":"0","tid":"0x11d4615c0","ts":"365456876692"},{"cat":"function","dur":"34","name":"renderCircle","ph":"X","pid":"0","tid":"0x11d4615c0","ts":"365456893135"},{"cat":"function","dur":"11","name":"renderQuad","ph":"X","pid":"0","tid":"0x11d4615c0","ts":"365456893182"},{"cat":"function","dur":"16","name":"renderLine","ph":"X","pid":"0","tid":"0x11d4615c0","ts":"365456893213"},{"cat":"function","dur":"12","name":"render","ph":"X","pid":"0","tid":"0x11d4615c0","ts":"365456893240"},{"cat":"function","dur":"9","name":"render","ph":"X","pid":"0","tid":"0x11d4615c0","ts":"365456893260"},{"cat":"function","dur":"8","name":"render","ph":"X","pid":"0","tid":"0x11d4615c0","ts":"365456893276"},{"cat":"function","dur":"212","name":"renderFrame","ph":"X","pid":"0","tid":"0x11d4615c0","ts":"365456893239"},{"cat":"function","dur":"11","name":"renderLine","ph":"X","pid":"0","tid":"0x11d4615c0","ts":"365456893463"},{"cat":"function","dur":"7","name":"renderLine","ph":"X","pid":"0","tid":"0x11d4615c0","ts":"365456893484"},{"cat":"function","dur":"17412","name":"loop","ph":"X","pid":"0","tid":"0x11d4615c0","ts":"365456893115"},{"cat":"function","dur":"37","name":"renderCircle","ph":"X","pid":"0","tid":"0x11d4615c0","ts":"365456910590"},{"cat":"function","dur":"10","name":"renderQuad","ph":"X","pid":"0","tid":"0x11d4615c0","ts":"365456910639"},{"cat":"function","dur":"16","name":"renderLine","ph":"X","pid":"0","tid":"0x11d4615c0","ts":"365456910669"},{"cat":"function","dur":"12","name":"render","ph":"X","pid":"0","tid":"0x11d4615c0","ts":"365456910695"},{"cat":"function","dur":"9","name":"render","ph":"X","pid":"0","tid":"0x11d4615c0","ts":"365456910734"},{"cat":"function","dur":"8","name":"render","ph":"X","pid":"0","tid":"0x11d4615c0","ts":"365456910752"},{"cat":"function","dur":"233","name":"renderFrame","ph":"X","pid":"0","tid":"0x11d4615c0","ts":"365456910695"},{"cat":"function","dur":"10","name":"renderLine","ph":"X","pid":"0","tid":"0x11d4615c0","ts":"365456910940"},{"cat":"function","dur":"7","name":"renderLine","ph":"X","pid":"0","tid":"0x11d4615c0","ts":"365456910960"},{"cat":"function","dur":"17563","name":"loop","ph":"X","pid":"0","tid":"0x11d4615c0","ts":"365456910567"},{"cat":"function","dur":"39","name":"renderCircle","ph":"X","pid":"0","tid":"0x11d4615c0","ts":"365456928195"},{"cat":"function","dur":"11","name":"renderQuad","ph":"X","pid":"0","tid":"0x11d4615c0","ts":"365456928247"},{"cat":"function","dur":"17","name":"renderLine","ph":"X","pid":"0","tid":"0x11d4615c0","ts":"365456928279"},{"cat":"function","dur":"13","name":"render","ph":"X","pid":"0","tid":"0x11d4615c0","ts":"365456928307"},{"cat":"function","dur":"8","name":"render","ph":"X","pid":"0","tid":"0x11d4615c0","ts":"365456928329"},{"cat":"function","dur":"7","name":"render","ph":"X","pid":"0","tid":"0x11d4615c0","ts":"365456928345"},{"cat":"function","dur":"244","name":"renderFrame","ph":"X","pid":"0","tid":"0x11d4615c0","ts":"365456928306"},{"cat":"function","dur":"13","name":"renderLine","ph":"X","pid":"0","tid":"0x11d4615c0","ts":"365456928566"},{"cat":"function","dur":"7","name":"renderLine","ph":"X","pid":"0","tid":"0x11d4615c0","ts":"365456928590"},{"cat":"function","dur":"17790","name":"loop","ph":"X","pid":"0","tid":"0x11d4615c0","ts":"365456928172"},{"cat":"function","dur":"32","name":"renderCircle","ph":"X","pid":"0","tid":"0x11d4615c0","ts":"365456946017"},{"cat":"function","dur":"10","name":"renderQuad","ph":"X","pid":"0","tid":"0x11d4615c0","ts":"365456946061"},{"cat":"function","dur":"15","name":"renderLine","ph":"X","pid":"0","tid":"0x11d4615c0","ts":"365456946090"},{"cat":"function","dur":"12","name":"render","ph":"X","pid":"0","tid":"0x11d4615c0","ts":"365456946115"},{"cat":"function","dur":"8","name":"render","ph":"X","pid":"0","tid":"0x11d4615c0","ts":"365456946135"},{"cat":"function","dur":"7","name":"render","ph":"X","pid":"0","tid":"0x11d4615c0","ts":"365456946151"},{"cat":"function","dur":"210","name":"renderFrame","ph":"X","pid":"0","tid":"0x11d4615c0","ts":"365456946115"},{"cat":"function","dur":"10","name":"renderLine","ph":"X","pid":"0","tid":"0x11d4615c0","ts":"365456946337"},{"cat":"function","dur":"7","name":"renderLine","ph":"X","pid":"0","tid":"0x11d4615c0","ts":"365456946356"},{"cat":"function","dur":"16190","name":"loop","ph":"X","pid":"0","tid":"0x11d4615c0","ts":"365456945998"},{"cat":"function","dur":"34","name":"renderCircle","ph":"X","pid":"0","tid":"0x11d4615c0","ts":"365456962242"},{"cat":"function","dur":"11","name":"renderQuad","ph":"X","pid":"0","tid":"0x11d4615c0","ts":"365456962290"},{"cat":"function","dur":"17","name":"renderLine","ph":"X","pid":"0","tid":"0x11d4615c0","ts":"365456962321"},{"cat":"function","dur":"12","name":"render","ph":"X","pid":"0","tid":"0x11d4615c0","ts":"365456962349"},{"cat":"function","dur":"8","name":"render","ph":"X","pid":"0","tid":"0x11d4615c0","ts":"365456962370"},{"cat":"function","dur":"8","name":"render","ph":"X","pid":"0","tid":"0x11d4615c0","ts":"365456962386"},{"cat":"function","dur":"216","name":"renderFrame","ph":"X","pid":"0","tid":"0x11d4615c0","ts":"365456962348"},{"cat":"function","dur":"11","name":"renderLine","ph":"X","pid":"0","tid":"0x11d4615c0","ts":"365456962577"},{"cat":"function","dur":"7","name":"renderLine","ph":"X","pid":"0","tid":"0x11d4615c0","ts":"365456962598"},{"cat":"function","dur":"16542","name":"loop","ph":"X","pid":"0","tid":"0x11d4615c0","ts":"365456962222"},{"cat":"function","dur":"34","name":"renderCircle","ph":"X","pid":"0","tid":"0x11d4615c0","ts":"365456978824"},{"cat":"function","dur":"12","name":"renderQuad","ph":"X","pid":"0","tid":"0x11d4615c0","ts":"365456978871"},{"cat":"function","dur":"17","name":"renderLine","ph":"X","pid":"0","tid":"0x11d4615c0","ts":"365456978918"},{"cat":"function","dur":"13","name":"render","ph":"X","pid":"0","tid":"0x11d4615c0","ts":"365456978946"},{"cat":"function","dur":"9","name":"render","ph":"X","pid":"0","tid":"0x11d4615c0","ts":"365456978967"},{"cat":"function","dur":"8","name":"render","ph":"X","pid":"0","tid":"0x11d4615c0","ts":"365456978984"},{"cat":"function","dur":"218","name":"renderFrame","ph":"X","pid":"0","tid":"0x11d4615c0","ts":"365456978945"},{"cat":"function","dur":"11","name":"renderLine","ph":"X","pid":"0","tid":"0x11d4615c0","ts":"365456979176"},{"cat":"function","dur":"7","name":"renderLine","ph":"X","pid":"0","tid":"0x11d4615c0","ts":"365456979196"},{"cat":"function","dur":"17981","name":"loop","ph":"X","pid":"0","tid":"0x11d4615c0","ts":"365456978801"},{"cat":"function","dur":"40","name":"renderCircle","ph":"X","pid":"0","tid":"0x11d4615c0","ts":"365456996887"},{"cat":"function","dur":"12","name":"renderQuad","ph":"X","pid":"0","tid":"0x11d4615c0","ts":"365456996943"},{"cat":"function","dur":"18","name":"renderLine","ph":"X","pid":"0","tid":"0x11d4615c0","ts":"365456996978"},{"cat":"function","dur":"13","name":"render","ph":"X","pid":"0","tid":"0x11d4615c0","ts":"365456997008"},{"cat":"function","dur":"10","name":"render","ph":"X","pid":"0","tid":"0x11d4615c0","ts":"365456997030"},{"cat":"function","dur":"9","name":"render","ph":"X","pid":"0","tid":"0x11d4615c0","ts":"365456997048"},{"cat":"function","dur":"243","name":"renderFrame","ph":"X","pid":"0","tid":"0x11d4615c0","ts":"365456997007"},{"cat":"function","dur":"14","name":"renderLine","ph":"X","pid":"0","tid":"0x11d4615c0","ts":"365456997265"},{"cat":"function","dur":"8","name":"renderLine","ph":"X","pid":"0","tid":"0x11d4615c0","ts":"365456997291"},{"cat":"function","dur":"17619","name":"loop","ph":"X","pid":"0","tid":"0x11d4615c0","ts":"365456996861"},{"cat":"function","dur":"36","name":"renderCircle","ph":"X","pid":"0","tid":"0x11d4615c0","ts":"365457014542"},{"cat":"function","dur":"11","name":"renderQuad","ph":"X","pid":"0","tid":"0x11d4615c0","ts":"365457014591"},{"cat":"function","dur":"17","name":"renderLine","ph":"X","pid":"0","tid":"0x11d4615c0","ts":"365457014622"},{"cat":"function","dur":"13","name":"render","ph":"X","pid":"0","tid":"0x11d4615c0","ts":"365457014649"},{"cat":"function","dur":"9","name":"render","ph":"X","pid":"0","tid":"0x11d4615c0","ts":"365457014670"},{"cat":"function","dur":"8","name":"render","ph":"X","pid":"0","tid":"0x11d4615c0","ts":"365457014687"},{"cat":"function","dur":"218","name":"renderFrame","ph":"X","pid":"0","tid":"0x11d4615c0","ts":"365457014648"},{"cat":"function","dur":"11","name":"renderLine","ph":"X","pid":"0","tid":"0x11d4615c0","ts":"365457014879"},{"cat":"function","dur":"8","name":"renderLine","ph":"X","pid":"0","tid":"0x11d4615c0","ts":"365457014899"},{"cat":"function","dur":"17065","name":"loop","ph":"X","pid":"0","tid":"0x11d4615c0","ts":"365457014521"},{"cat":"function","dur":"40","name":"renderCircle","ph":"X","pid":"0","tid":"0x11d4615c0","ts":"365457031672"},{"cat":"function","dur":"16","name":"renderQuad","ph":"X","pid":"0","tid":"0x11d4615c0","ts":"365457031734"},{"cat":"function","dur":"24","name":"renderLine","ph":"X","pid":"0","tid":"0x11d4615c0","ts":"365457031789"},{"cat":"function","dur":"25","name":"render","ph":"X","pid":"0","tid":"0x11d4615c0","ts":"365457031829"},{"cat":"function","dur":"16","name":"render","ph":"X","pid":"0","tid":"0x11d4615c0","ts":"365457031870"},{"cat":"function","dur":"15","name":"render","ph":"X","pid":"0","tid":"0x11d4615c0","ts":"365457031901"},{"cat":"function","dur":"429","name":"renderFrame","ph":"X","pid":"0","tid":"0x11d4615c0","ts":"365457031828"},{"cat":"function","dur":"33","name":"renderLine","ph":"X","pid":"0","tid":"0x11d4615c0","ts":"365457032307"},{"cat":"function","dur":"11","name":"renderLine","ph":"X","pid":"0","tid":"0x11d4615c0","ts":"365457032360"},{"cat":"function","dur":"16585","name":"loop","ph":"X","pid":"0","tid":"0x11d4615c0","ts":"365457031648"},{"cat":"function","dur":"37","name":"renderCircle","ph":"X","pid":"0","tid":"0x11d4615c0","ts":"365457048300"},{"cat":"function","dur":"13","name":"renderQuad","ph":"X","pid":"0","tid":"0x11d4615c0","ts":"365457048370"},{"cat":"function","dur":"18","name":"renderLine","ph":"X","pid":"0","tid":"0x11d4615c0","ts":"365457048404"},{"cat":"function","dur":"13","name":"render","ph":"X","pid":"0","tid":"0x11d4615c0","ts":"365457048433"},{"cat":"function","dur":"8","name":"render","ph":"X","pid":"0","tid":"0x11d4615c0","ts":"365457048455"},{"cat":"function","dur":"8","name":"render","ph":"X","pid":"0","tid":"0x11d4615c0","ts":"365457048472"},{"cat":"function","dur":"230","name":"renderFrame","ph":"X","pid":"0","tid":"0x11d4615c0","ts":"365457048432"},{"cat":"function","dur":"12","name":"renderLine","ph":"X","pid":"0","tid":"0x11d4615c0","ts":"365457048675"},{"cat":"function","dur":"8","name":"renderLine","ph":"X","pid":"0","tid":"0x11d4615c0","ts":"365457048698"},{"cat":"function","dur":"17368","name":"loop","ph":"X","pid":"0","tid":"0x11d4615c0","ts":"365457048276"},{"cat":"function","dur":"112","name":"renderCircle","ph":"X","pid":"0","tid":"0x11d4615c0","ts":"365457065863"},{"cat":"function","dur":"17","name":"renderQuad","ph":"X","pid":"0","tid":"0x11d4615c0","ts":"365457066012"},{"cat":"function","dur":"34","name":"renderLine","ph":"X","pid":"0","tid":"0x11d4615c0","ts":"365457066066"},{"cat":"function","dur":"20","name":"render","ph":"X","pid":"0","tid":"0x11d4615c0","ts":"365457066113"},{"cat":"function","dur":"12","name":"render","ph":"X","pid":"0","tid":"0x11d4615c0","ts":"365457066142"},{"cat":"function","dur":"10","name":"render","ph":"X","pid":"0","tid":"0x11d4615c0","ts":"365457066162"},{"cat":"function","dur":"266","name":"renderFrame","ph":"X","pid":"0","tid":"0x11d4615c0","ts":"365457066112"},{"cat":"function","dur":"18","name":"renderLine","ph":"X","pid":"0","tid":"0x11d4615c0","ts":"365457066396"},{"cat":"function","dur":"8","name":"renderLine","ph":"X","pid":"0","tid":"0x11d4615c0","ts":"365457066426"},{"cat":"function","dur":"17888","name":"loop","ph":"X","pid":"0","tid":"0x11d4615c0","ts":"365457065784"},{"cat":"function","dur":"38","name":"renderCircle","ph":"X","pid":"0","tid":"0x11d4615c0","ts":"365457083730"},{"cat":"function","dur":"15","name":"renderQuad","ph":"X","pid":"0","tid":"0x11d4615c0","ts":"365457083784"},{"cat":"function","dur":"17","name":"renderLine","ph":"X","pid":"0","tid":"0x11d4615c0","ts":"365457083823"},{"cat":"function","dur":"12","name":"render","ph":"X","pid":"0","tid":"0x11d4615c0","ts":"365457083851"},{"cat":"function","dur":"9","name":"render","ph":"X","pid":"0","tid":"0x11d4615c0","ts":"365457083871"},{"cat":"function","dur":"8","name":"render","ph":"X","pid":"0","tid":"0x11d4615c0","ts":"365457083887"},{"cat":"function","dur":"261","name":"renderFrame","ph":"X","pid":"0","tid":"0x11d4615c0","ts":"365457083850"},{"cat":"function","dur":"16","name":"renderLine","ph":"X","pid":"0","tid":"0x11d4615c0","ts":"365457084134"},{"cat":"function","dur":"8","name":"renderLine","ph":"X","pid":"0","tid":"0x11d4615c0","ts":"365457084162"},{"cat":"function","dur":"17032","name":"loop","ph":"X","pid":"0","tid":"0x11d4615c0","ts":"365457083708"},{"cat":"function","dur":"68","name":"renderCircle","ph":"X","pid":"0","tid":"0x11d4615c0","ts":"365457100842"},{"cat":"function","dur":"13","name":"renderQuad","ph":"X","pid":"0","tid":"0x11d4615c0","ts":"365457100925"},{"cat":"function","dur":"24","name":"renderLine","ph":"X","pid":"0","tid":"0x11d4615c0","ts":"365457100962"},{"cat":"function","dur":"19","name":"render","ph":"X","pid":"0","tid":"0x11d4615c0","ts":"365457100996"},{"cat":"function","dur":"10","name":"render","ph":"X","pid":"0","tid":"0x11d4615c0","ts":"365457101023"},{"cat":"function","dur":"9","name":"render","ph":"X","pid":"0","tid":"0x11d4615c0","ts":"365457101041"},{"cat":"function","dur":"237","name":"renderFrame","ph":"X","pid":"0","tid":"0x11d4615c0","ts":"365457100995"},{"cat":"function","dur":"11","name":"renderLine","ph":"X","pid":"0","tid":"0x11d4615c0","ts":"365457101245"},{"cat":"function","dur":"7","name":"renderLine","ph":"X","pid":"0","tid":"0x11d4615c0","ts":"365457101267"},{"cat":"function","dur":"17059","name":"loop","ph":"X","pid":"0","tid":"0x11d4615c0","ts":"365457100805"},{"cat":"function","dur":"37","name":"renderCircle","ph":"X","pid":"0","tid":"0x11d4615c0","ts":"365457117923"},{"cat":"function","dur":"10","name":"renderQuad","ph":"X","pid":"0","tid":"0x11d4615c0","ts":"365457117972"},{"cat":"function","dur":"17","name":"renderLine","ph":"X","pid":"0","tid":"0x11d4615c0","ts":"365457118001"},{"cat":"function","dur":"13","name":"render","ph":"X","pid":"0","tid":"0x11d4615c0","ts":"365457118028"},{"cat":"function","dur":"8","name":"render","ph":"X","pid":"0","tid":"0x11d4615c0","ts":"365457118049"},{"cat":"function","dur":"8","name":"render","ph":"X","pid":"0","tid":"0x11d4615c0","ts":"365457118065"},{"cat":"function","dur":"212","name":"renderFrame","ph":"X","pid":"0","tid":"0x11d4615c0","ts":"365457118027"},{"cat":"function","dur":"10","name":"renderLine","ph":"X","pid":"0","tid":"0x11d4615c0","ts":"365457118252"},{"cat":"function","dur":"6","name":"renderLine","ph":"X","pid":"0","tid":"0x11d4615c0","ts":"365457118272"},{"cat":"function","dur":"16719","name":"loop","ph":"X","pid":"0","tid":"0x11d4615c0","ts":"365457117902"},{"cat":"function","dur":"74","name":"renderCircle","ph":"X","pid":"0","tid":"0x11d4615c0","ts":"365457134750"},{"cat":"function","dur":"16","name":"renderQuad","ph":"X","pid":"0","tid":"0x11d4615c0","ts":"365457134843"},{"cat":"function","dur":"28","name":"renderLine","ph":"X","pid":"0","tid":"0x11d4615c0","ts":"365457134885"},{"cat":"function","dur":"20","name":"render","ph":"X","pid":"0","tid":"0x11d4615c0","ts":"365457134925"},{"cat":"function","dur":"10","name":"render","ph":"X","pid":"0","tid":"0x11d4615c0","ts":"365457134954"},{"cat":"function","dur":"9","name":"render","ph":"X","pid":"0","tid":"0x11d4615c0","ts":"365457134973"},{"cat":"function","dur":"250","name":"renderFrame","ph":"X","pid":"0","tid":"0x11d4615c0","ts":"365457134924"},{"cat":"function","dur":"13","name":"renderLine","ph":"X","pid":"0","tid":"0x11d4615c0","ts":"365457135188"},{"cat":"function","dur":"8","name":"renderLine","ph":"X","pid":"0","tid":"0x11d4615c0","ts":"365457135212"},{"cat":"function","dur":"16707","name":"loop","ph":"X","pid":"0","tid":"0x11d4615c0","ts":"365457134704"},{"cat":"function","dur":"37","name":"renderCircle","ph":"X","pid":"0","tid":"0x11d4615c0","ts":"365457151469"},{"cat":"function","dur":"11","name":"renderQuad","ph":"X","pid":"0","tid":"0x11d4615c0","ts":"365457151519"},{"cat":"function","dur":"17","name":"renderLine","ph":"X","pid":"0","tid":"0x11d4615c0","ts":"365457151550"},{"cat":"function","dur":"13","name":"render","ph":"X","pid":"0","tid":"0x11d4615c0","ts":"365457151578"},{"cat":"function","dur":"10","name":"render","ph":"X","pid":"0","tid":"0x11d4615c0","ts":"365457151599"},{"cat":"function","dur":"8","name":"render","ph":"X","pid":"0","tid":"0x11d4615c0","ts":"365457151617"},{"cat":"function","dur":"226","name":"renderFrame","ph":"X","pid":"0","tid":"0x11d4615c0","ts":"365457151577"},{"cat":"function","dur":"12","name":"renderLine","ph":"X","pid":"0","tid":"0x11d4615c0","ts":"365457151816"},{"cat":"function","dur":"7","name":"renderLine","ph":"X","pid":"0","tid":"0x11d4615c0","ts":"365457151838"},{"cat":"function","dur":"17256","name":"loop","ph":"X","pid":"0","tid":"0x11d4615c0","ts":"365457151447"},{"cat":"function","dur":"75","name":"renderCircle","ph":"X","pid":"0","tid":"0x11d4615c0","ts":"365457168816"},{"cat":"function","dur":"14","name":"renderQuad","ph":"X","pid":"0","tid":"0x11d4615c0","ts":"365457168908"},{"cat":"function","dur":"25","name":"renderLine","ph":"X","pid":"0","tid":"0x11d4615c0","ts":"365457168950"},{"cat":"function","dur":"18","name":"render","ph":"X","pid":"0","tid":"0x11d4615c0","ts":"365457168986"},{"cat":"function","dur":"12","name":"render","ph":"X","pid":"0","tid":"0x11d4615c0","ts":"365457169013"},{"cat":"function","dur":"9","name":"render","ph":"X","pid":"0","tid":"0x11d4615c0","ts":"365457169033"},{"cat":"function","dur":"251","name":"renderFrame","ph":"X","pid":"0","tid":"0x11d4615c0","ts":"365457168986"},{"cat":"function","dur":"12","name":"renderLine","ph":"X","pid":"0","tid":"0x11d4615c0","ts":"365457169277"},{"cat":"function","dur":"7","name":"renderLine","ph":"X","pid":"0","tid":"0x11d4615c0","ts":"365457169302"},{"cat":"function","dur":"17271","name":"loop","ph":"X","pid":"0","tid":"0x11d4615c0","ts":"365457168769"},{"cat":"function","dur":"35","name":"renderCircle","ph":"X","pid":"0","tid":"0x11d4615c0","ts":"365457186097"},{"cat":"function","dur":"10","name":"renderQuad","ph":"X","pid":"0","tid":"0x11d4615c0","ts":"365457186144"},{"cat":"function","dur":"16","name":"renderLine","ph":"X","pid":"0","tid":"0x11d4615c0","ts":"365457186174"},{"cat":"function","dur":"12","name":"render","ph":"X","pid":"0","tid":"0x11d4615c0","ts":"365457186200"},{"cat":"function","dur":"8","name":"render","ph":"X","pid":"0","tid":"0x11d4615c0","ts":"365457186221"},{"cat":"function","dur":"8","name":"render","ph":"X","pid":"0","tid":"0x11d4615c0","ts":"365457186237"},{"cat":"function","dur":"217","name":"renderFrame","ph":"X","pid":"0","tid":"0x11d4615c0","ts":"365457186200"},{"cat":"function","dur":"10","name":"renderLine","ph":"X","pid":"0","tid":"0x11d4615c0","ts":"365457186430"},{"cat":"function","dur":"7","name":"renderLine","ph":"X","pid":"0","tid":"0x11d4615c0","ts":"365457186450"},{"cat":"function","dur":"17699","name":"loop","ph":"X","pid":"0","tid":"0x11d4615c0","ts":"365457186076"},{"cat":"function","dur":"62","name":"renderCircle","ph":"X","pid":"0","tid":"0x11d4615c0","ts":"365457203853"},{"cat":"function","dur":"11","name":"renderQuad","ph":"X","pid":"0","tid":"0x11d4615c0","ts":"365457203926"},{"cat":"function","dur":"20","name":"renderLine","ph":"X","pid":"0","tid":"0x11d4615c0","ts":"365457203972"},{"cat":"function","dur":"15","name":"render","ph":"X","pid":"0","tid":"0x11d4615c0","ts":"365457204003"},{"cat":"function","dur":"12","name":"render","ph":"X","pid":"0","tid":"0x11d4615c0","ts":"365457204032"},{"cat":"function","dur":"9","name":"render","ph":"X","pid":"0","tid":"0x11d4615c0","ts":"365457204054"},{"cat":"function","dur":"21","name":"ModelMatrixTransform","ph":"X","pid":"0","tid":"0x11d4615c0","ts":"365457204173"},{"cat":"function","dur":"308","name":"renderFrame","ph":"X","pid":"0","tid":"0x11d4615c0","ts":"365457204002"},{"cat":"function","dur":"17","name":"renderLine","ph":"X","pid":"0","tid":"0x11d4615c0","ts":"365457204325"},{"cat":"function","dur":"10","name":"renderLine","ph":"X","pid":"0","tid":"0x11d4615c0","ts":"365457204354"},{"cat":"function","dur":"16647","name":"loop","ph":"X","pid":"0","tid":"0x11d4615c0","ts":"365457203819"},{"cat":"function","dur":"37","name":"renderCircle","ph":"X","pid":"0","tid":"0x11d4615c0","ts":"365457220523"},{"cat":"function","dur":"11","name":"renderQuad","ph":"X","pid":"0","tid":"0x11d4615c0","ts":"365457220574"},{"cat":"function","dur":"17","name":"renderLine","ph":"X","pid":"0","tid":"0x11d4615c0","ts":"365457220606"},{"cat":"function","dur":"14","name":"render","ph":"X","pid":"0","tid":"0x11d4615c0","ts":"365457220634"},{"cat":"function","dur":"10","name":"render","ph":"X","pid":"0","tid":"0x11d4615c0","ts":"365457220657"},{"cat":"function","dur":"8","name":"render","ph":"X","pid":"0","tid":"0x11d4615c0","ts":"365457220675"},{"cat":"function","dur":"233","name":"renderFrame","ph":"X","pid":"0","tid":"0x11d4615c0","ts":"365457220634"},{"cat":"function","dur":"12","name":"renderLine","ph":"X","pid":"0","tid":"0x11d4615c0","ts":"365457220880"},{"cat":"function","dur":"7","name":"renderLine","ph":"X","pid":"0","tid":"0x11d4615c0","ts":"365457220903"},{"cat":"function","dur":"17242","name":"loop","ph":"X","pid":"0","tid":"0x11d4615c0","ts":"365457220502"},{"cat":"function","dur":"51","name":"renderCircle","ph":"X","pid":"0","tid":"0x11d4615c0","ts":"365457237818"},{"cat":"function","dur":"12","name":"renderQuad","ph":"X","pid":"0","tid":"0x11d4615c0","ts":"365457237882"},{"cat":"function","dur":"31","name":"renderLine","ph":"X","pid":"0","tid":"0x11d4615c0","ts":"365457237919"},{"cat":"function","dur":"16","name":"render","ph":"X","pid":"0","tid":"0x11d4615c0","ts":"365457237995"},{"cat":"function","dur":"9","name":"render","ph":"X","pid":"0","tid":"0x11d4615c0","ts":"365457238022"},{"cat":"function","dur":"9","name":"render","ph":"X","pid":"0","tid":"0x11d4615c0","ts":"365457238039"},{"cat":"function","dur":"234","name":"renderFrame","ph":"X","pid":"0","tid":"0x11d4615c0","ts":"365457237994"},{"cat":"function","dur":"12","name":"renderLine","ph":"X","pid":"0","tid":"0x11d4615c0","ts":"365457238243"},{"cat":"function","dur":"9","name":"renderLine","ph":"X","pid":"0","tid":"0x11d4615c0","ts":"365457238270"},{"cat":"function","dur":"16141","name":"loop","ph":"X","pid":"0","tid":"0x11d4615c0","ts":"365457237791"},{"cat":"function","dur":"36","name":"renderCircle","ph":"X","pid":"0","tid":"0x11d4615c0","ts":"365457253987"},{"cat":"function","dur":"11","name":"renderQuad","ph":"X","pid":"0","tid":"0x11d4615c0","ts":"365457254035"},{"cat":"function","dur":"17","name":"renderLine","ph":"X","pid":"0","tid":"0x11d4615c0","ts":"365457254065"},{"cat":"function","dur":"12","name":"render","ph":"X","pid":"0","tid":"0x11d4615c0","ts":"365457254093"},{"cat":"function","dur":"9","name":"render","ph":"X","pid":"0","tid":"0x11d4615c0","ts":"365457254113"},{"cat":"function","dur":"10","name":"render","ph":"X","pid":"0","tid":"0x11d4615c0","ts":"365457254149"},{"cat":"function","dur":"237","name":"renderFrame","ph":"X","pid":"0","tid":"0x11d4615c0","ts":"365457254092"},{"cat":"function","dur":"10","name":"renderLine","ph":"X","pid":"0","tid":"0x11d4615c0","ts":"365457254342"},{"cat":"function","dur":"7","name":"renderLine","ph":"X","pid":"0","tid":"0x11d4615c0","ts":"365457254362"},{"cat":"function","dur":"17325","name":"loop","ph":"X","pid":"0","tid":"0x11d4615c0","ts":"365457253967"},{"cat":"function","dur":"56","name":"renderCircle","ph":"X","pid":"0","tid":"0x11d4615c0","ts":"365457271364"},{"cat":"function","dur":"12","name":"renderQuad","ph":"X","pid":"0","tid":"0x11d4615c0","ts":"365457271433"},{"cat":"function","dur":"18","name":"renderLine","ph":"X","pid":"0","tid":"0x11d4615c0","ts":"365457271466"},{"cat":"function","dur":"14","name":"render","ph":"X","pid":"0","tid":"0x11d4615c0","ts":"365457271495"},{"cat":"function","dur":"9","name":"render","ph":"X","pid":"0","tid":"0x11d4615c0","ts":"365457271518"},{"cat":"function","dur":"8","name":"render","ph":"X","pid":"0","tid":"0x11d4615c0","ts":"365457271535"},{"cat":"function","dur":"230","name":"renderFrame","ph":"X","pid":"0","tid":"0x11d4615c0","ts":"365457271494"},{"cat":"function","dur":"11","name":"renderLine","ph":"X","pid":"0","tid":"0x11d4615c0","ts":"365457271737"},{"cat":"function","dur":"7","name":"renderLine","ph":"X","pid":"0","tid":"0x11d4615c0","ts":"365457271758"},{"cat":"function","dur":"17104","name":"loop","ph":"X","pid":"0","tid":"0x11d4615c0","ts":"365457271338"},{"cat":"function","dur":"34","name":"renderCircle","ph":"X","pid":"0","tid":"0x11d4615c0","ts":"365457288497"},{"cat":"function","dur":"10","name":"renderQuad","ph":"X","pid":"0","tid":"0x11d4615c0","ts":"365457288543"},{"cat":"function","dur":"16","name":"renderLine","ph":"X","pid":"0","tid":"0x11d4615c0","ts":"365457288571"},{"cat":"function","dur":"12","name":"render","ph":"X","pid":"0","tid":"0x11d4615c0","ts":"365457288596"},{"cat":"function","dur":"8","name":"render","ph":"X","pid":"0","tid":"0x11d4615c0","ts":"365457288617"},{"cat":"function","dur":"8","name":"render","ph":"X","pid":"0","tid":"0x11d4615c0","ts":"365457288633"},{"cat":"function","dur":"212","name":"renderFrame","ph":"X","pid":"0","tid":"0x11d4615c0","ts":"365457288596"},{"cat":"function","dur":"10","name":"renderLine","ph":"X","pid":"0","tid":"0x11d4615c0","ts":"365457288820"},{"cat":"function","dur":"6","name":"renderLine","ph":"X","pid":"0","tid":"0x11d4615c0","ts":"365457288840"},{"cat":"function","dur":"17180","name":"loop","ph":"X","pid":"0","tid":"0x11d4615c0","ts":"365457288478"},{"cat":"function","dur":"54","name":"renderCircle","ph":"X","pid":"0","tid":"0x11d4615c0","ts":"365457305741"},{"cat":"function","dur":"14","name":"renderQuad","ph":"X","pid":"0","tid":"0x11d4615c0","ts":"365457305813"},{"cat":"function","dur":"20","name":"renderLine","ph":"X","pid":"0","tid":"0x11d4615c0","ts":"365457305869"},{"cat":"function","dur":"14","name":"render","ph":"X","pid":"0","tid":"0x11d4615c0","ts":"365457305901"},{"cat":"function","dur":"9","name":"render","ph":"X","pid":"0","tid":"0x11d4615c0","ts":"365457305925"},{"cat":"function","dur":"9","name":"render","ph":"X","pid":"0","tid":"0x11d4615c0","ts":"365457305943"},{"cat":"function","dur":"237","name":"renderFrame","ph":"X","pid":"0","tid":"0x11d4615c0","ts":"365457305900"},{"cat":"function","dur":"12","name":"renderLine","ph":"X","pid":"0","tid":"0x11d4615c0","ts":"365457306151"},{"cat":"function","dur":"8","name":"renderLine","ph":"X","pid":"0","tid":"0x11d4615c0","ts":"365457306174"},{"cat":"function","dur":"17273","name":"loop","ph":"X","pid":"0","tid":"0x11d4615c0","ts":"365457305700"},{"cat":"function","dur":"35","name":"renderCircle","ph":"X","pid":"0","tid":"0x11d4615c0","ts":"365457323030"},{"cat":"function","dur":"10","name":"renderQuad","ph":"X","pid":"0","tid":"0x11d4615c0","ts":"365457323077"},{"cat":"function","dur":"16","name":"renderLine","ph":"X","pid":"0","tid":"0x11d4615c0","ts":"365457323106"},{"cat":"function","dur":"13","name":"render","ph":"X","pid":"0","tid":"0x11d4615c0","ts":"365457323132"},{"cat":"function","dur":"8","name":"render","ph":"X","pid":"0","tid":"0x11d4615c0","ts":"365457323154"},{"cat":"function","dur":"8","name":"render","ph":"X","pid":"0","tid":"0x11d4615c0","ts":"365457323169"},{"cat":"function","dur":"215","name":"renderFrame","ph":"X","pid":"0","tid":"0x11d4615c0","ts":"365457323131"},{"cat":"function","dur":"11","name":"renderLine","ph":"X","pid":"0","tid":"0x11d4615c0","ts":"365457323358"},{"cat":"function","dur":"7","name":"renderLine","ph":"X","pid":"0","tid":"0x11d4615c0","ts":"365457323378"},{"cat":"function","dur":"16169","name":"loop","ph":"X","pid":"0","tid":"0x11d4615c0","ts":"365457323010"},{"cat":"function","dur":"42","name":"renderCircle","ph":"X","pid":"0","tid":"0x11d4615c0","ts":"365457339245"},{"cat":"function","dur":"12","name":"renderQuad","ph":"X","pid":"0","tid":"0x11d4615c0","ts":"365457339301"},{"cat":"function","dur":"18","name":"renderLine","ph":"X","pid":"0","tid":"0x11d4615c0","ts":"365457339335"},{"cat":"function","dur":"15","name":"render","ph":"X","pid":"0","tid":"0x11d4615c0","ts":"365457339364"},{"cat":"function","dur":"10","name":"render","ph":"X","pid":"0","tid":"0x11d4615c0","ts":"365457339388"},{"cat":"function","dur":"11","name":"render","ph":"X","pid":"0","tid":"0x11d4615c0","ts":"365457339407"},{"cat":"function","dur":"253","name":"renderFrame","ph":"X","pid":"0","tid":"0x11d4615c0","ts":"365457339364"},{"cat":"function","dur":"13","name":"renderLine","ph":"X","pid":"0","tid":"0x11d4615c0","ts":"365457339630"},{"cat":"function","dur":"8","name":"renderLine","ph":"X","pid":"0","tid":"0x11d4615c0","ts":"365457339654"},{"cat":"function","dur":"17163","name":"loop","ph":"X","pid":"0","tid":"0x11d4615c0","ts":"365457339220"},{"cat":"function","dur":"33","name":"renderCircle","ph":"X","pid":"0","tid":"0x11d4615c0","ts":"365457356463"},{"cat":"function","dur":"10","name":"renderQuad","ph":"X","pid":"0","tid":"0x11d4615c0","ts":"365457356506"},{"cat":"function","dur":"16","name":"renderLine","ph":"X","pid":"0","tid":"0x11d4615c0","ts":"365457356533"},{"cat":"function","dur":"12","name":"render","ph":"X","pid":"0","tid":"0x11d4615c0","ts":"365457356558"},{"cat":"function","dur":"8","name":"render","ph":"X","pid":"0","tid":"0x11d4615c0","ts":"365457356577"},{"cat":"function","dur":"7","name":"render","ph":"X","pid":"0","tid":"0x11d4615c0","ts":"365457356592"},{"cat":"function","dur":"197","name":"renderFrame","ph":"X","pid":"0","tid":"0x11d4615c0","ts":"365457356557"},{"cat":"function","dur":"10","name":"renderLine","ph":"X","pid":"0","tid":"0x11d4615c0","ts":"365457356765"},{"cat":"function","dur":"6","name":"renderLine","ph":"X","pid":"0","tid":"0x11d4615c0","ts":"365457356783"},{"cat":"function","dur":"17528","name":"loop","ph":"X","pid":"0","tid":"0x11d4615c0","ts":"365457356445"},{"cat":"function","dur":"37","name":"renderCircle","ph":"X","pid":"0","tid":"0x11d4615c0","ts":"365457374055"},{"cat":"function","dur":"11","name":"renderQuad","ph":"X","pid":"0","tid":"0x11d4615c0","ts":"365457374107"},{"cat":"function","dur":"18","name":"renderLine","ph":"X","pid":"0","tid":"0x11d4615c0","ts":"365457374139"},{"cat":"function","dur":"13","name":"render","ph":"X","pid":"0","tid":"0x11d4615c0","ts":"365457374169"},{"cat":"function","dur":"10","name":"render","ph":"X","pid":"0","tid":"0x11d4615c0","ts":"365457374191"},{"cat":"function","dur":"8","name":"render","ph":"X","pid":"0","tid":"0x11d4615c0","ts":"365457374209"},{"cat":"function","dur":"235","name":"renderFrame","ph":"X","pid":"0","tid":"0x11d4615c0","ts":"365457374168"},{"cat":"function","dur":"12","name":"renderLine","ph":"X","pid":"0","tid":"0x11d4615c0","ts":"365457374420"},{"cat":"function","dur":"7","name":"renderLine","ph":"X","pid":"0","tid":"0x11d4615c0","ts":"365457374443"},{"cat":"function","dur":"16069","name":"loop","ph":"X","pid":"0","tid":"0x11d4615c0","ts":"365457374034"},{"cat":"function","dur":"34","name":"renderCircle","ph":"X","pid":"0","tid":"0x11d4615c0","ts":"365457390150"},{"cat":"function","dur":"10","name":"renderQuad","ph":"X","pid":"0","tid":"0x11d4615c0","ts":"365457390196"},{"cat":"function","dur":"16","name":"renderLine","ph":"X","pid":"0","tid":"0x11d4615c0","ts":"365457390225"},{"cat":"function","dur":"12","name":"render","ph":"X","pid":"0","tid":"0x11d4615c0","ts":"365457390251"},{"cat":"function","dur":"8","name":"render","ph":"X","pid":"0","tid":"0x11d4615c0","ts":"365457390272"},{"cat":"function","dur":"8","name":"render","ph":"X","pid":"0","tid":"0x11d4615c0","ts":"365457390287"},{"cat":"function","dur":"212","name":"renderFrame","ph":"X","pid":"0","tid":"0x11d4615c0","ts":"365457390250"},{"cat":"function","dur":"10","name":"renderLine","ph":"X","pid":"0","tid":"0x11d4615c0","ts":"365457390474"},{"cat":"function","dur":"7","name":"renderLine","ph":"X","pid":"0","tid":"0x11d4615c0","ts":"365457390494"},{"cat":"function","dur":"17623","name":"loop","ph":"X","pid":"0","tid":"0x11d4615c0","ts":"365457390129"},{"cat":"function","dur":"36","name":"renderCircle","ph":"X","pid":"0","tid":"0x11d4615c0","ts":"365457407807"},{"cat":"function","dur":"12","name":"renderQuad","ph":"X","pid":"0","tid":"0x11d4615c0","ts":"365457407856"},{"cat":"function","dur":"17","name":"renderLine","ph":"X","pid":"0","tid":"0x11d4615c0","ts":"365457407888"},{"cat":"function","dur":"13","name":"render","ph":"X","pid":"0","tid":"0x11d4615c0","ts":"365457407916"},{"cat":"function","dur":"9","name":"render","ph":"X","pid":"0","tid":"0x11d4615c0","ts":"365457407938"},{"cat":"function","dur":"8","name":"render","ph":"X","pid":"0","tid":"0x11d4615c0","ts":"365457407955"},{"cat":"function","dur":"240","name":"renderFrame","ph":"X","pid":"0","tid":"0x11d4615c0","ts":"365457407915"},{"cat":"function","dur":"12","name":"renderLine","ph":"X","pid":"0","tid":"0x11d4615c0","ts":"365457408169"},{"cat":"function","dur":"8","name":"renderLine","ph":"X","pid":"0","tid":"0x11d4615c0","ts":"365457408191"},{"cat":"function","dur":"17009","name":"loop","ph":"X","pid":"0","tid":"0x11d4615c0","ts":"365457407785"},{"cat":"function","dur":"30","name":"renderCircle","ph":"X","pid":"0","tid":"0x11d4615c0","ts":"365457424866"},{"cat":"function","dur":"11","name":"renderQuad","ph":"X","pid":"0","tid":"0x11d4615c0","ts":"365457424908"},{"cat":"function","dur":"15","name":"renderLine","ph":"X","pid":"0","tid":"0x11d4615c0","ts":"365457424938"},{"cat":"function","dur":"13","name":"render","ph":"X","pid":"0","tid":"0x11d4615c0","ts":"365457424963"},{"cat":"function","dur":"8","name":"render","ph":"X","pid":"0","tid":"0x11d4615c0","ts":"365457424984"},{"cat":"function","dur":"7","name":"render","ph":"X","pid":"0","tid":"0x11d4615c0","ts":"365457425000"},{"cat":"function","dur":"210","name":"renderFrame","ph":"X","pid":"0","tid":"0x11d4615c0","ts":"365457424963"},{"cat":"function","dur":"10","name":"renderLine","ph":"X","pid":"0","tid":"0x11d4615c0","ts":"365457425186"},{"cat":"function","dur":"8","name":"renderLine","ph":"X","pid":"0","tid":"0x11d4615c0","ts":"365457425224"},{"cat":"function","dur":"18033","name":"loop","ph":"X","pid":"0","tid":"0x11d4615c0","ts":"365457424845"},{"cat":"function","dur":"37","name":"renderCircle","ph":"X","pid":"0","tid":"0x11d4615c0","ts":"365457442938"},{"cat":"function","dur":"11","name":"renderQuad","ph":"X","pid":"0","tid":"0x11d4615c0","ts":"365457442988"},{"cat":"function","dur":"17","name":"renderLine","ph":"X","pid":"0","tid":"0x11d4615c0","ts":"365457443020"},{"cat":"function","dur":"13","name":"render","ph":"X","pid":"0","tid":"0x11d4615c0","ts":"365457443049"},{"cat":"function","dur":"9","name":"render","ph":"X","pid":"0","tid":"0x11d4615c0","ts":"365457443071"},{"cat":"function","dur":"8","name":"render","ph":"X","pid":"0","tid":"0x11d4615c0","ts":"365457443089"},{"cat":"function","dur":"234","name":"renderFrame","ph":"X","pid":"0","tid":"0x11d4615c0","ts":"365457443048"},{"cat":"function","dur":"11","name":"renderLine","ph":"X","pid":"0","tid":"0x11d4615c0","ts":"365457443296"},{"cat":"function","dur":"7","name":"renderLine","ph":"X","pid":"0","tid":"0x11d4615c0","ts":"365457443319"},{"cat":"function","dur":"16980","name":"loop","ph":"X","pid":"0","tid":"0x11d4615c0","ts":"365457442917"},{"cat":"function","dur":"39","name":"renderCircle","ph":"X","pid":"0","tid":"0x11d4615c0","ts":"365457459972"},{"cat":"function","dur":"11","name":"renderQuad","ph":"X","pid":"0","tid":"0x11d4615c0","ts":"365457460023"},{"cat":"function","dur":"16","name":"renderLine","ph":"X","pid":"0","tid":"0x11d4615c0","ts":"365457460053"},{"cat":"function","dur":"12","name":"render","ph":"X","pid":"0","tid":"0x11d4615c0","ts":"365457460080"},{"cat":"function","dur":"8","name":"render","ph":"X","pid":"0","tid":"0x11d4615c0","ts":"365457460101"},{"cat":"function","dur":"7","name":"render","ph":"X","pid":"0","tid":"0x11d4615c0","ts":"365457460117"},{"cat":"function","dur":"212","name":"renderFrame","ph":"X","pid":"0","tid":"0x11d4615c0","ts":"365457460079"},{"cat":"function","dur":"10","name":"renderLine","ph":"X","pid":"0","tid":"0x11d4615c0","ts":"365457460304"},{"cat":"function","dur":"7","name":"renderLine","ph":"X","pid":"0","tid":"0x11d4615c0","ts":"365457460323"},{"cat":"function","dur":"17176","name":"loop","ph":"X","pid":"0","tid":"0x11d4615c0","ts":"365457459950"},{"cat":"function","dur":"36","name":"renderCircle","ph":"X","pid":"0","tid":"0x11d4615c0","ts":"365457477182"},{"cat":"function","dur":"11","name":"renderQuad","ph":"X","pid":"0","tid":"0x11d4615c0","ts":"365457477230"},{"cat":"function","dur":"16","name":"renderLine","ph":"X","pid":"0","tid":"0x11d4615c0","ts":"365457477260"},{"cat":"function","dur":"12","name":"render","ph":"X","pid":"0","tid":"0x11d4615c0","ts":"365457477287"},{"cat":"function","dur":"8","name":"render","ph":"X","pid":"0","tid":"0x11d4615c0","ts":"365457477308"},{"cat":"function","dur":"7","name":"render","ph":"X","pid":"0","tid":"0x11d4615c0","ts":"365457477324"},{"cat":"function","dur":"214","name":"renderFrame","ph":"X","pid":"0","tid":"0x11d4615c0","ts":"365457477286"},{"cat":"function","dur":"11","name":"renderLine","ph":"X","pid":"0","tid":"0x11d4615c0","ts":"365457477513"},{"cat":"function","dur":"7","name":"renderLine","ph":"X","pid":"0","tid":"0x11d4615c0","ts":"365457477533"},{"cat":"function","dur":"17586","name":"loop","ph":"X","pid":"0","tid":"0x11d4615c0","ts":"365457477162"},{"cat":"function","dur":"34","name":"renderCircle","ph":"X","pid":"0","tid":"0x11d4615c0","ts":"365457494803"},{"cat":"function","dur":"10","name":"renderQuad","ph":"X","pid":"0","tid":"0x11d4615c0","ts":"365457494849"},{"cat":"function","dur":"15","name":"renderLine","ph":"X","pid":"0","tid":"0x11d4615c0","ts":"365457494878"},{"cat":"function","dur":"12","name":"render","ph":"X","pid":"0","tid":"0x11d4615c0","ts":"365457494903"},{"cat":"function","dur":"8","name":"render","ph":"X","pid":"0","tid":"0x11d4615c0","ts":"365457494923"},{"cat":"function","dur":"7","name":"render","ph":"X","pid":"0","tid":"0x11d4615c0","ts":"365457494939"},{"cat":"function","dur":"224","name":"renderFrame","ph":"X","pid":"0","tid":"0x11d4615c0","ts":"365457494903"},{"cat":"function","dur":"10","name":"renderLine","ph":"X","pid":"0","tid":"0x11d4615c0","ts":"365457495139"},{"cat":"function","dur":"7","name":"renderLine","ph":"X","pid":"0","tid":"0x11d4615c0","ts":"365457495158"},{"cat":"function","dur":"16978","name":"loop","ph":"X","pid":"0","tid":"0x11d4615c0","ts":"365457494784"},{"cat":"function","dur":"36","name":"renderCircle","ph":"X","pid":"0","tid":"0x11d4615c0","ts":"365457511837"},{"cat":"function","dur":"10","name":"renderQuad","ph":"X","pid":"0","tid":"0x11d4615c0","ts":"365457511885"},{"cat":"function","dur":"16","name":"renderLine","ph":"X","pid":"0","tid":"0x11d4615c0","ts":"365457511913"},{"cat":"function","dur":"12","name":"render","ph":"X","pid":"0","tid":"0x11d4615c0","ts":"365457511939"},{"cat":"function","dur":"9","name":"render","ph":"X","pid":"0","tid":"0x11d4615c0","ts":"365457511959"},{"cat":"function","dur":"8","name":"render","ph":"X","pid":"0","tid":"0x11d4615c0","ts":"365457511975"},{"cat":"function","dur":"206","name":"renderFrame","ph":"X","pid":"0","tid":"0x11d4615c0","ts":"365457511939"},{"cat":"function","dur":"10","name":"renderLine","ph":"X","pid":"0","tid":"0x11d4615c0","ts":"365457512157"},{"cat":"function","dur":"7","name":"renderLine","ph":"X","pid":"0","tid":"0x11d4615c0","ts":"365457512176"},{"cat":"function","dur":"17723","name":"loop","ph":"X","pid":"0","tid":"0x11d4615c0","ts":"365457511814"},{"cat":"function","dur":"36","name":"renderCircle","ph":"X","pid":"0","tid":"0x11d4615c0","ts":"365457529595"},{"cat":"function","dur":"10","name":"renderQuad","ph":"X","pid":"0","tid":"0x11d4615c0","ts":"365457529643"},{"cat":"function","dur":"16","name":"renderLine","ph":"X","pid":"0","tid":"0x11d4615c0","ts":"365457529671"},{"cat":"function","dur":"13","name":"render","ph":"X","pid":"0","tid":"0x11d4615c0","ts":"365457529697"},{"cat":"function","dur":"9","name":"render","ph":"X","pid":"0","tid":"0x11d4615c0","ts":"365457529717"},{"cat":"function","dur":"8","name":"render","ph":"X","pid":"0","tid":"0x11d4615c0","ts":"365457529733"},{"cat":"function","dur":"207","name":"renderFrame","ph":"X","pid":"0","tid":"0x11d4615c0","ts":"365457529696"},{"cat":"function","dur":"10","name":"renderLine","ph":"X","pid":"0","tid":"0x11d4615c0","ts":"365457529915"},{"cat":"function","dur":"7","name":"renderLine","ph":"X","pid":"0","tid":"0x11d4615c0","ts":"365457529934"},{"cat":"function","dur":"17096","name":"loop","ph":"X","pid":"0","tid":"0x11d4615c0","ts":"365457529575"},{"cat":"function","dur":"36","name":"renderCircle","ph":"X","pid":"0","tid":"0x11d4615c0","ts":"365457546732"},{"cat":"function","dur":"10","name":"renderQuad","ph":"X","pid":"0","tid":"0x11d4615c0","ts":"365457546780"},{"cat":"function","dur":"17","name":"renderLine","ph":"X","pid":"0","tid":"0x11d4615c0","ts":"365457546810"},{"cat":"function","dur":"13","name":"render","ph":"X","pid":"0","tid":"0x11d4615c0","ts":"365457546837"},{"cat":"function","dur":"8","name":"render","ph":"X","pid":"0","tid":"0x11d4615c0","ts":"365457546858"},{"cat":"function","dur":"8","name":"render","ph":"X","pid":"0","tid":"0x11d4615c0","ts":"365457546874"},{"cat":"function","dur":"212","name":"renderFrame","ph":"X","pid":"0","tid":"0x11d4615c0","ts":"365457546836"},{"cat":"function","dur":"11","name":"renderLine","ph":"X","pid":"0","tid":"0x11d4615c0","ts":"365457547060"},{"cat":"function","dur":"7","name":"renderLine","ph":"X","pid":"0","tid":"0x11d4615c0","ts":"365457547080"},{"cat":"function","dur":"43555","name":"loop","ph":"X","pid":"0","tid":"0x11d4615c0","ts":"365457546709"},{"cat":"function","dur":"33","name":"renderCircle","ph":"X","pid":"0","tid":"0x11d4615c0","ts":"365457590315"},{"cat":"function","dur":"11","name":"renderQuad","ph":"X","pid":"0","tid":"0x11d4615c0","ts":"365457590361"},{"cat":"function","dur":"17","name":"renderLine","ph":"X","pid":"0","tid":"0x11d4615c0","ts":"365457590390"},{"cat":"function","dur":"12","name":"render","ph":"X","pid":"0","tid":"0x11d4615c0","ts":"365457590417"},{"cat":"function","dur":"9","name":"render","ph":"X","pid":"0","tid":"0x11d4615c0","ts":"365457590457"},{"cat":"function","dur":"8","name":"render","ph":"X","pid":"0","tid":"0x11d4615c0","ts":"365457590475"},{"cat":"function","dur":"235","name":"renderFrame","ph":"X","pid":"0","tid":"0x11d4615c0","ts":"365457590416"},{"cat":"function","dur":"11","name":"renderLine","ph":"X","pid":"0","tid":"0x11d4615c0","ts":"365457590664"},{"cat":"function","dur":"7","name":"renderLine","ph":"X","pid":"0","tid":"0x11d4615c0","ts":"365457590685"},{"cat":"function","dur":"17690","name":"loop","ph":"X","pid":"0","tid":"0x11d4615c0","ts":"365457590299"},{"cat":"function","dur":"33","name":"renderCircle","ph":"X","pid":"0","tid":"0x11d4615c0","ts":"365457608041"},{"cat":"function","dur":"11","name":"renderQuad","ph":"X","pid":"0","tid":"0x11d4615c0","ts":"365457608085"},{"cat":"function","dur":"16","name":"renderLine","ph":"X","pid":"0","tid":"0x11d4615c0","ts":"365457608114"},{"cat":"function","dur":"12","name":"render","ph":"X","pid":"0","tid":"0x11d4615c0","ts":"365457608140"},{"cat":"function","dur":"8","name":"render","ph":"X","pid":"0","tid":"0x11d4615c0","ts":"365457608160"},{"cat":"function","dur":"8","name":"render","ph":"X","pid":"0","tid":"0x11d4615c0","ts":"365457608175"},{"cat":"function","dur":"205","name":"renderFrame","ph":"X","pid":"0","tid":"0x11d4615c0","ts":"365457608139"},{"cat":"function","dur":"10","name":"renderLine","ph":"X","pid":"0","tid":"0x11d4615c0","ts":"365457608356"},{"cat":"function","dur":"7","name":"renderLine","ph":"X","pid":"0","tid":"0x11d4615c0","ts":"365457608376"},{"cat":"function","dur":"16956","name":"loop","ph":"X","pid":"0","tid":"0x11d4615c0","ts":"365457608024"},{"cat":"function","dur":"37","name":"renderCircle","ph":"X","pid":"0","tid":"0x11d4615c0","ts":"365457625037"},{"cat":"function","dur":"10","name":"renderQuad","ph":"X","pid":"0","tid":"0x11d4615c0","ts":"365457625086"},{"cat":"function","dur":"18","name":"renderLine","ph":"X","pid":"0","tid":"0x11d4615c0","ts":"365457625114"},{"cat":"function","dur":"13","name":"render","ph":"X","pid":"0","tid":"0x11d4615c0","ts":"365457625141"},{"cat":"function","dur":"9","name":"render","ph":"X","pid":"0","tid":"0x11d4615c0","ts":"365457625162"},{"cat":"function","dur":"8","name":"render","ph":"X","pid":"0","tid":"0x11d4615c0","ts":"365457625178"},{"cat":"function","dur":"211","name":"renderFrame","ph":"X","pid":"0","tid":"0x11d4615c0","ts":"365457625141"},{"cat":"function","dur":"10","name":"renderLine","ph":"X","pid":"0","tid":"0x11d4615c0","ts":"365457625364"},{"cat":"function","dur":"7","name":"renderLine","ph":"X","pid":"0","tid":"0x11d4615c0","ts":"365457625383"},{"cat":"function","dur":"17150","name":"loop","ph":"X","pid":"0","tid":"0x11d4615c0","ts":"365457625017"},{"cat":"function","dur":"36","name":"renderCircle","ph":"X","pid":"0","tid":"0x11d4615c0","ts":"365457642224"},{"cat":"function","dur":"11","name":"renderQuad","ph":"X","pid":"0","tid":"0x11d4615c0","ts":"365457642272"},{"cat":"function","dur":"18","name":"renderLine","ph":"X","pid":"0","tid":"0x11d4615c0","ts":"365457642302"},{"cat":"function","dur":"13","name":"render","ph":"X","pid":"0","tid":"0x11d4615c0","ts":"365457642330"},{"cat":"function","dur":"9","name":"render","ph":"X","pid":"0","tid":"0x11d4615c0","ts":"365457642351"},{"cat":"function","dur":"8","name":"render","ph":"X","pid":"0","tid":"0x11d4615c0","ts":"365457642367"},{"cat":"function","dur":"242","name":"renderFrame","ph":"X","pid":"0","tid":"0x11d4615c0","ts":"365457642329"},{"cat":"function","dur":"11","name":"renderLine","ph":"X","pid":"0","tid":"0x11d4615c0","ts":"365457642584"},{"cat":"function","dur":"7","name":"renderLine","ph":"X","pid":"0","tid":"0x11d4615c0","ts":"365457642611"},{"cat":"function","dur":"16303","name":"loop","ph":"X","pid":"0","tid":"0x11d4615c0","ts":"365457642205"},{"cat":"function","dur":"35","name":"renderCircle","ph":"X","pid":"0","tid":"0x11d4615c0","ts":"365457658563"},{"cat":"function","dur":"10","name":"renderQuad","ph":"X","pid":"0","tid":"0x11d4615c0","ts":"365457658610"},{"cat":"function","dur":"17","name":"renderLine","ph":"X","pid":"0","tid":"0x11d4615c0","ts":"365457658657"},{"cat":"function","dur":"11","name":"render","ph":"X","pid":"0","tid":"0x11d4615c0","ts":"365457658685"},{"cat":"function","dur":"8","name":"render","ph":"X","pid":"0","tid":"0x11d4615c0","ts":"365457658705"},{"cat":"function","dur":"7","name":"render","ph":"X","pid":"0","tid":"0x11d4615c0","ts":"365457658721"},{"cat":"function","dur":"211","name":"renderFrame","ph":"X","pid":"0","tid":"0x11d4615c0","ts":"365457658684"},{"cat":"function","dur":"10","name":"renderLine","ph":"X","pid":"0","tid":"0x11d4615c0","ts":"365457658907"},{"cat":"function","dur":"6","name":"renderLine","ph":"X","pid":"0","tid":"0x11d4615c0","ts":"365457658927"},{"cat":"function","dur":"17716","name":"loop","ph":"X","pid":"0","tid":"0x11d4615c0","ts":"365457658545"},{"cat":"function","dur":"36","name":"renderCircle","ph":"X","pid":"0","tid":"0x11d4615c0","ts":"365457676315"},{"cat":"function","dur":"10","name":"renderQuad","ph":"X","pid":"0","tid":"0x11d4615c0","ts":"365457676364"},{"cat":"function","dur":"17","name":"renderLine","ph":"X","pid":"0","tid":"0x11d4615c0","ts":"365457676393"},{"cat":"function","dur":"12","name":"render","ph":"X","pid":"0","tid":"0x11d4615c0","ts":"365457676420"},{"cat":"function","dur":"8","name":"render","ph":"X","pid":"0","tid":"0x11d4615c0","ts":"365457676440"},{"cat":"function","dur":"7","name":"render","ph":"X","pid":"0","tid":"0x11d4615c0","ts":"365457676456"},{"cat":"function","dur":"223","name":"renderFrame","ph":"X","pid":"0","tid":"0x11d4615c0","ts":"365457676419"},{"cat":"function","dur":"11","name":"renderLine","ph":"X","pid":"0","tid":"0x11d4615c0","ts":"365457676658"},{"cat":"function","dur":"7","name":"renderLine","ph":"X","pid":"0","tid":"0x11d4615c0","ts":"365457676679"},{"cat":"function","dur":"16923","name":"loop","ph":"X","pid":"0","tid":"0x11d4615c0","ts":"365457676296"},{"cat":"function","dur":"36","name":"renderCircle","ph":"X","pid":"0","tid":"0x11d4615c0","ts":"365457693268"},{"cat":"function","dur":"10","name":"renderQuad","ph":"X","pid":"0","tid":"0x11d4615c0","ts":"365457693316"},{"cat":"function","dur":"16","name":"renderLine","ph":"X","pid":"0","tid":"0x11d4615c0","ts":"365457693346"},{"cat":"function","dur":"12","name":"render","ph":"X","pid":"0","tid":"0x11d4615c0","ts":"365457693373"},{"cat":"function","dur":"9","name":"render","ph":"X","pid":"0","tid":"0x11d4615c0","ts":"365457693393"},{"cat":"function","dur":"7","name":"render","ph":"X","pid":"0","tid":"0x11d4615c0","ts":"365457693410"},{"cat":"function","dur":"214","name":"renderFrame","ph":"X","pid":"0","tid":"0x11d4615c0","ts":"365457693372"},{"cat":"function","dur":"10","name":"renderLine","ph":"X","pid":"0","tid":"0x11d4615c0","ts":"365457693598"},{"cat":"function","dur":"7","name":"renderLine","ph":"X","pid":"0","tid":"0x11d4615c0","ts":"365457693618"},{"cat":"function","dur":"16892","name":"loop","ph":"X","pid":"0","tid":"0x11d4615c0","ts":"365457693246"},{"cat":"function","dur":"37","name":"renderCircle","ph":"X","pid":"0","tid":"0x11d4615c0","ts":"365457710201"},{"cat":"function","dur":"10","name":"renderQuad","ph":"X","pid":"0","tid":"0x11d4615c0","ts":"365457710251"},{"cat":"function","dur":"17","name":"renderLine","ph":"X","pid":"0","tid":"0x11d4615c0","ts":"365457710281"},{"cat":"function","dur":"13","name":"render","ph":"X","pid":"0","tid":"0x11d4615c0","ts":"365457710308"},{"cat":"function","dur":"9","name":"render","ph":"X","pid":"0","tid":"0x11d4615c0","ts":"365457710329"},{"cat":"function","dur":"8","name":"render","ph":"X","pid":"0","tid":"0x11d4615c0","ts":"365457710345"},{"cat":"function","dur":"212","name":"renderFrame","ph":"X","pid":"0","tid":"0x11d4615c0","ts":"365457710308"},{"cat":"function","dur":"11","name":"renderLine","ph":"X","pid":"0","tid":"0x11d4615c0","ts":"365457710532"},{"cat":"function","dur":"7","name":"renderLine","ph":"X","pid":"0","tid":"0x11d4615c0","ts":"365457710552"},{"cat":"function","dur":"16743","name":"loop","ph":"X","pid":"0","tid":"0x11d4615c0","ts":"365457710179"},{"cat":"function","dur":"38","name":"renderCircle","ph":"X","pid":"0","tid":"0x11d4615c0","ts":"365457727001"},{"cat":"function","dur":"11","name":"renderQuad","ph":"X","pid":"0","tid":"0x11d4615c0","ts":"365457727052"},{"cat":"function","dur":"17","name":"renderLine","ph":"X","pid":"0","tid":"0x11d4615c0","ts":"365457727083"},{"cat":"function","dur":"13","name":"render","ph":"X","pid":"0","tid":"0x11d4615c0","ts":"365457727111"},{"cat":"function","dur":"9","name":"render","ph":"X","pid":"0","tid":"0x11d4615c0","ts":"365457727133"},{"cat":"function","dur":"7","name":"render","ph":"X","pid":"0","tid":"0x11d4615c0","ts":"365457727150"},{"cat":"function","dur":"221","name":"renderFrame","ph":"X","pid":"0","tid":"0x11d4615c0","ts":"365457727110"},{"cat":"function","dur":"11","name":"renderLine","ph":"X","pid":"0","tid":"0x11d4615c0","ts":"365457727344"},{"cat":"function","dur":"7","name":"renderLine","ph":"X","pid":"0","tid":"0x11d4615c0","ts":"365457727365"},{"cat":"function","dur":"16901","name":"loop","ph":"X","pid":"0","tid":"0x11d4615c0","ts":"365457726978"},{"cat":"function","dur":"40","name":"renderCircle","ph":"X","pid":"0","tid":"0x11d4615c0","ts":"365457743934"},{"cat":"function","dur":"11","name":"renderQuad","ph":"X","pid":"0","tid":"0x11d4615c0","ts":"365457743987"},{"cat":"function","dur":"17","name":"renderLine","ph":"X","pid":"0","tid":"0x11d4615c0","ts":"365457744017"},{"cat":"function","dur":"12","name":"render","ph":"X","pid":"0","tid":"0x11d4615c0","ts":"365457744044"},{"cat":"function","dur":"9","name":"render","ph":"X","pid":"0","tid":"0x11d4615c0","ts":"365457744064"},{"cat":"function","dur":"8","name":"render","ph":"X","pid":"0","tid":"0x11d4615c0","ts":"365457744080"},{"cat":"function","dur":"214","name":"renderFrame","ph":"X","pid":"0","tid":"0x11d4615c0","ts":"365457744043"},{"cat":"function","dur":"11","name":"renderLine","ph":"X","pid":"0","tid":"0x11d4615c0","ts":"365457744269"},{"cat":"function","dur":"7","name":"renderLine","ph":"X","pid":"0","tid":"0x11d4615c0","ts":"365457744289"},{"cat":"function","dur":"17848","name":"loop","ph":"X","pid":"0","tid":"0x11d4615c0","ts":"365457743913"},{"cat":"function","dur":"37","name":"renderCircle","ph":"X","pid":"0","tid":"0x11d4615c0","ts":"365457761820"},{"cat":"function","dur":"11","name":"renderQuad","ph":"X","pid":"0","tid":"0x11d4615c0","ts":"365457761870"},{"cat":"function","dur":"17","name":"renderLine","ph":"X","pid":"0","tid":"0x11d4615c0","ts":"365457761901"},{"cat":"function","dur":"13","name":"render","ph":"X","pid":"0","tid":"0x11d4615c0","ts":"365457761929"},{"cat":"function","dur":"9","name":"render","ph":"X","pid":"0","tid":"0x11d4615c0","ts":"365457761951"},{"cat":"function","dur":"8","name":"render","ph":"X","pid":"0","tid":"0x11d4615c0","ts":"365457761968"},{"cat":"function","dur":"227","name":"renderFrame","ph":"X","pid":"0","tid":"0x11d4615c0","ts":"365457761929"},{"cat":"function","dur":"11","name":"renderLine","ph":"X","pid":"0","tid":"0x11d4615c0","ts":"365457762169"},{"cat":"function","dur":"7","name":"renderLine","ph":"X","pid":"0","tid":"0x11d4615c0","ts":"365457762190"},{"cat":"function","dur":"16863","name":"loop","ph":"X","pid":"0","tid":"0x11d4615c0","ts":"365457761799"},{"cat":"function","dur":"37","name":"renderCircle","ph":"X","pid":"0","tid":"0x11d4615c0","ts":"365457778711"},{"cat":"function","dur":"10","name":"renderQuad","ph":"X","pid":"0","tid":"0x11d4615c0","ts":"365457778761"},{"cat":"function","dur":"17","name":"renderLine","ph":"X","pid":"0","tid":"0x11d4615c0","ts":"365457778792"},{"cat":"function","dur":"13","name":"render","ph":"X","pid":"0","tid":"0x11d4615c0","ts":"365457778820"},{"cat":"function","dur":"9","name":"render","ph":"X","pid":"0","tid":"0x11d4615c0","ts":"365457778842"},{"cat":"function","dur":"10","name":"render","ph":"X","pid":"0","tid":"0x11d4615c0","ts":"365457778858"},{"cat":"function","dur":"227","name":"renderFrame","ph":"X","pid":"0","tid":"0x11d4615c0","ts":"365457778819"},{"cat":"function","dur":"11","name":"renderLine","ph":"X","pid":"0","tid":"0x11d4615c0","ts":"365457779060"},{"cat":"function","dur":"9","name":"renderLine","ph":"X","pid":"0","tid":"0x11d4615c0","ts":"365457779098"},{"cat":"function","dur":"16704","name":"loop","ph":"X","pid":"0","tid":"0x11d4615c0","ts":"365457778690"},{"cat":"function","dur":"38","name":"renderCircle","ph":"X","pid":"0","tid":"0x11d4615c0","ts":"365457795446"},{"cat":"function","dur":"12","name":"renderQuad","ph":"X","pid":"0","tid":"0x11d4615c0","ts":"365457795498"},{"cat":"function","dur":"18","name":"renderLine","ph":"X","pid":"0","tid":"0x11d4615c0","ts":"365457795531"},{"cat":"function","dur":"14","name":"render","ph":"X","pid":"0","tid":"0x11d4615c0","ts":"365457795560"},{"cat":"function","dur":"10","name":"render","ph":"X","pid":"0","tid":"0x11d4615c0","ts":"365457795583"},{"cat":"function","dur":"9","name":"render","ph":"X","pid":"0","tid":"0x11d4615c0","ts":"365457795601"},{"cat":"function","dur":"245","name":"renderFrame","ph":"X","pid":"0","tid":"0x11d4615c0","ts":"365457795559"},{"cat":"function","dur":"13","name":"renderLine","ph":"X","pid":"0","tid":"0x11d4615c0","ts":"365457795819"},{"cat":"function","dur":"7","name":"renderLine","ph":"X","pid":"0","tid":"0x11d4615c0","ts":"365457795843"},{"cat":"function","dur":"17974","name":"loop","ph":"X","pid":"0","tid":"0x11d4615c0","ts":"365457795424"},{"cat":"function","dur":"39","name":"renderCircle","ph":"X","pid":"0","tid":"0x11d4615c0","ts":"365457813469"},{"cat":"function","dur":"11","name":"renderQuad","ph":"X","pid":"0","tid":"0x11d4615c0","ts":"365457813521"},{"cat":"function","dur":"18","name":"renderLine","ph":"X","pid":"0","tid":"0x11d4615c0","ts":"365457813554"},{"cat":"function","dur":"13","name":"render","ph":"X","pid":"0","tid":"0x11d4615c0","ts":"365457813583"},{"cat":"function","dur":"9","name":"render","ph":"X","pid":"0","tid":"0x11d4615c0","ts":"365457813605"},{"cat":"function","dur":"8","name":"render","ph":"X","pid":"0","tid":"0x11d4615c0","ts":"365457813622"},{"cat":"function","dur":"235","name":"renderFrame","ph":"X","pid":"0","tid":"0x11d4615c0","ts":"365457813582"},{"cat":"function","dur":"13","name":"renderLine","ph":"X","pid":"0","tid":"0x11d4615c0","ts":"365457813834"},{"cat":"function","dur":"8","name":"renderLine","ph":"X","pid":"0","tid":"0x11d4615c0","ts":"365457813858"},{"cat":"function","dur":"17488","name":"loop","ph":"X","pid":"0","tid":"0x11d4615c0","ts":"365457813443"},{"cat":"function","dur":"37","name":"renderCircle","ph":"X","pid":"0","tid":"0x11d4615c0","ts":"365457830988"},{"cat":"function","dur":"11","name":"renderQuad","ph":"X","pid":"0","tid":"0x11d4615c0","ts":"365457831038"},{"cat":"function","dur":"17","name":"renderLine","ph":"X","pid":"0","tid":"0x11d4615c0","ts":"365457831070"},{"cat":"function","dur":"13","name":"render","ph":"X","pid":"0","tid":"0x11d4615c0","ts":"365457831098"},{"cat":"function","dur":"9","name":"render","ph":"X","pid":"0","tid":"0x11d4615c0","ts":"365457831120"},{"cat":"function","dur":"9","name":"render","ph":"X","pid":"0","tid":"0x11d4615c0","ts":"365457831137"},{"cat":"function","dur":"231","name":"renderFrame","ph":"X","pid":"0","tid":"0x11d4615c0","ts":"365457831097"},{"cat":"function","dur":"11","name":"renderLine","ph":"X","pid":"0","tid":"0x11d4615c0","ts":"365457831341"},{"cat":"function","dur":"8","name":"renderLine","ph":"X","pid":"0","tid":"0x11d4615c0","ts":"365457831362"},{"cat":"function","dur":"16980","name":"loop","ph":"X","pid":"0","tid":"0x11d4615c0","ts":"365457830968"},{"cat":"function","dur":"100","name":"renderCircle","ph":"X","pid":"0","tid":"0x11d4615c0","ts":"365457848016"},{"cat":"function","dur":"12","name":"renderQuad","ph":"X","pid":"0","tid":"0x11d4615c0","ts":"365457848133"},{"cat":"function","dur":"36","name":"renderLine","ph":"X","pid":"0","tid":"0x11d4615c0","ts":"365457848166"},{"cat":"function","dur":"13","name":"render","ph":"X","pid":"0","tid":"0x11d4615c0","ts":"365457848215"},{"cat":"function","dur":"23","name":"render","ph":"X","pid":"0","tid":"0x11d4615c0","ts":"365457848271"},{"cat":"function","dur":"12","name":"render","ph":"X","pid":"0","tid":"0x11d4615c0","ts":"365457848308"},{"cat":"function","dur":"342","name":"renderFrame","ph":"X","pid":"0","tid":"0x11d4615c0","ts":"365457848214"},{"cat":"function","dur":"27","name":"renderLine","ph":"X","pid":"0","tid":"0x11d4615c0","ts":"365457848599"},{"cat":"function","dur":"11","name":"renderLine","ph":"X","pid":"0","tid":"0x11d4615c0","ts":"365457848643"},{"cat":"function","dur":"16961","name":"loop","ph":"X","pid":"0","tid":"0x11d4615c0","ts":"365457847991"},{"cat":"function","dur":"33","name":"renderCircle","ph":"X","pid":"0","tid":"0x11d4615c0","ts":"365457865005"},{"cat":"function","dur":"11","name":"renderQuad","ph":"X","pid":"0","tid":"0x11d4615c0","ts":"365457865050"},{"cat":"function","dur":"16","name":"renderLine","ph":"X","pid":"0","tid":"0x11d4615c0","ts":"365457865080"},{"cat":"function","dur":"58","name":"render","ph":"X","pid":"0","tid":"0x11d4615c0","ts":"365457865106"},{"cat":"function","dur":"36","name":"render","ph":"X","pid":"0","tid":"0x11d4615c0","ts":"365457865219"},{"cat":"function","dur":"8","name":"render","ph":"X","pid":"0","tid":"0x11d4615c0","ts":"365457865263"},{"cat":"function","dur":"358","name":"renderFrame","ph":"X","pid":"0","tid":"0x11d4615c0","ts":"365457865106"},{"cat":"function","dur":"13","name":"renderLine","ph":"X","pid":"0","tid":"0x11d4615c0","ts":"365457865477"},{"cat":"function","dur":"7","name":"renderLine","ph":"X","pid":"0","tid":"0x11d4615c0","ts":"365457865500"},{"cat":"function","dur":"16278","name":"loop","ph":"X","pid":"0","tid":"0x11d4615c0","ts":"365457864987"},{"cat":"function","dur":"38","name":"renderCircle","ph":"X","pid":"0","tid":"0x11d4615c0","ts":"365457881331"},{"cat":"function","dur":"12","name":"renderQuad","ph":"X","pid":"0","tid":"0x11d4615c0","ts":"365457881384"},{"cat":"function","dur":"17","name":"renderLine","ph":"X","pid":"0","tid":"0x11d4615c0","ts":"365457881417"},{"cat":"function","dur":"13","name":"render","ph":"X","pid":"0","tid":"0x11d4615c0","ts":"365457881445"},{"cat":"function","dur":"9","name":"render","ph":"X","pid":"0","tid":"0x11d4615c0","ts":"365457881467"},{"cat":"function","dur":"9","name":"render","ph":"X","pid":"0","tid":"0x11d4615c0","ts":"365457881484"},{"cat":"function","dur":"301","name":"renderFrame","ph":"X","pid":"0","tid":"0x11d4615c0","ts":"365457881445"},{"cat":"function","dur":"30","name":"renderLine","ph":"X","pid":"0","tid":"0x11d4615c0","ts":"365457881785"},{"cat":"function","dur":"11","name":"renderLine","ph":"X","pid":"0","tid":"0x11d4615c0","ts":"365457881833"},{"cat":"function","dur":"17934","name":"loop","ph":"X","pid":"0","tid":"0x11d4615c0","ts":"365457881308"},{"cat":"function","dur":"38","name":"renderCircle","ph":"X","pid":"0","tid":"0x11d4615c0","ts":"365457899302"},{"cat":"function","dur":"10","name":"renderQuad","ph":"X","pid":"0","tid":"0x11d4615c0","ts":"365457899353"},{"cat":"function","dur":"18","name":"renderLine","ph":"X","pid":"0","tid":"0x11d4615c0","ts":"365457899384"},{"cat":"function","dur":"13","name":"render","ph":"X","pid":"0","tid":"0x11d4615c0","ts":"365457899412"},{"cat":"function","dur":"10","name":"render","ph":"X","pid":"0","tid":"0x11d4615c0","ts":"365457899437"},{"cat":"function","dur":"10","name":"render","ph":"X","pid":"0","tid":"0x11d4615c0","ts":"365457899458"},{"cat":"function","dur":"237","name":"renderFrame","ph":"X","pid":"0","tid":"0x11d4615c0","ts":"365457899411"},{"cat":"function","dur":"11","name":"renderLine","ph":"X","pid":"0","tid":"0x11d4615c0","ts":"365457899662"},{"cat":"function","dur":"7","name":"renderLine","ph":"X","pid":"0","tid":"0x11d4615c0","ts":"365457899684"},{"cat":"function","dur":"17429","name":"loop","ph":"X","pid":"0","tid":"0x11d4615c0","ts":"365457899281"},{"cat":"function","dur":"74","name":"renderCircle","ph":"X","pid":"0","tid":"0x11d4615c0","ts":"365457916818"},{"cat":"function","dur":"28","name":"renderQuad","ph":"X","pid":"0","tid":"0x11d4615c0","ts":"365457916919"},{"cat":"function","dur":"27","name":"renderLine","ph":"X","pid":"0","tid":"0x11d4615c0","ts":"365457916973"},{"cat":"function","dur":"15","name":"render","ph":"X","pid":"0","tid":"0x11d4615c0","ts":"365457917018"},{"cat":"function","dur":"10","name":"render","ph":"X","pid":"0","tid":"0x11d4615c0","ts":"365457917046"},{"cat":"function","dur":"8","name":"render","ph":"X","pid":"0","tid":"0x11d4615c0","ts":"365457917065"},{"cat":"function","dur":"245","name":"renderFrame","ph":"X","pid":"0","tid":"0x11d4615c0","ts":"365457917017"},{"cat":"function","dur":"14","name":"renderLine","ph":"X","pid":"0","tid":"0x11d4615c0","ts":"365457917280"},{"cat":"function","dur":"8","name":"renderLine","ph":"X","pid":"0","tid":"0x11d4615c0","ts":"365457917306"},{"cat":"function","dur":"16910","name":"loop","ph":"X","pid":"0","tid":"0x11d4615c0","ts":"365457916781"},{"cat":"function","dur":"33","name":"renderCircle","ph":"X","pid":"0","tid":"0x11d4615c0","ts":"365457933751"},{"cat":"function","dur":"11","name":"renderQuad","ph":"X","pid":"0","tid":"0x11d4615c0","ts":"365457933797"},{"cat":"function","dur":"17","name":"renderLine","ph":"X","pid":"0","tid":"0x11d4615c0","ts":"365457933829"},{"cat":"function","dur":"13","name":"render","ph":"X","pid":"0","tid":"0x11d4615c0","ts":"365457933856"},{"cat":"function","dur":"9","name":"render","ph":"X","pid":"0","tid":"0x11d4615c0","ts":"365457933878"},{"cat":"function","dur":"8","name":"render","ph":"X","pid":"0","tid":"0x11d4615c0","ts":"365457933895"},{"cat":"function","dur":"236","name":"renderFrame","ph":"X","pid":"0","tid":"0x11d4615c0","ts":"365457933856"},{"cat":"function","dur":"11","name":"renderLine","ph":"X","pid":"0","tid":"0x11d4615c0","ts":"365457934106"},{"cat":"function","dur":"7","name":"renderLine","ph":"X","pid":"0","tid":"0x11d4615c0","ts":"365457934127"},{"cat":"function","dur":"17480","name":"loop","ph":"X","pid":"0","tid":"0x11d4615c0","ts":"365457933729"},{"cat":"function","dur":"61","name":"renderCircle","ph":"X","pid":"0","tid":"0x11d4615c0","ts":"365457951348"},{"cat":"function","dur":"15","name":"renderQuad","ph":"X","pid":"0","tid":"0x11d4615c0","ts":"365457951425"},{"cat":"function","dur":"24","name":"renderLine","ph":"X","pid":"0","tid":"0x11d4615c0","ts":"365457951464"},{"cat":"function","dur":"18","name":"render","ph":"X","pid":"0","tid":"0x11d4615c0","ts":"365457951500"},{"cat":"function","dur":"10","name":"render","ph":"X","pid":"0","tid":"0x11d4615c0","ts":"365457951527"},{"cat":"function","dur":"9","name":"render","ph":"X","pid":"0","tid":"0x11d4615c0","ts":"365457951546"},{"cat":"function","dur":"250","name":"renderFrame","ph":"X","pid":"0","tid":"0x11d4615c0","ts":"365457951498"},{"cat":"function","dur":"12","name":"renderLine","ph":"X","pid":"0","tid":"0x11d4615c0","ts":"365457951764"},{"cat":"function","dur":"8","name":"renderLine","ph":"X","pid":"0","tid":"0x11d4615c0","ts":"365457951787"},{"cat":"function","dur":"16373","name":"loop","ph":"X","pid":"0","tid":"0x11d4615c0","ts":"365457951308"},{"cat":"function","dur":"34","name":"renderCircle","ph":"X","pid":"0","tid":"0x11d4615c0","ts":"365457967734"},{"cat":"function","dur":"11","name":"renderQuad","ph":"X","pid":"0","tid":"0x11d4615c0","ts":"365457967781"},{"cat":"function","dur":"16","name":"renderLine","ph":"X","pid":"0","tid":"0x11d4615c0","ts":"365457967812"},{"cat":"function","dur":"13","name":"render","ph":"X","pid":"0","tid":"0x11d4615c0","ts":"365457967838"},{"cat":"function","dur":"9","name":"render","ph":"X","pid":"0","tid":"0x11d4615c0","ts":"365457967860"},{"cat":"function","dur":"8","name":"render","ph":"X","pid":"0","tid":"0x11d4615c0","ts":"365457967876"},{"cat":"function","dur":"217","name":"renderFrame","ph":"X","pid":"0","tid":"0x11d4615c0","ts":"365457967838"},{"cat":"function","dur":"11","name":"renderLine","ph":"X","pid":"0","tid":"0x11d4615c0","ts":"365457968068"},{"cat":"function","dur":"7","name":"renderLine","ph":"X","pid":"0","tid":"0x11d4615c0","ts":"365457968089"},{"cat":"function","dur":"16679","name":"loop","ph":"X","pid":"0","tid":"0x11d4615c0","ts":"365457967714"},{"cat":"function","dur":"58","name":"renderCircle","ph":"X","pid":"0","tid":"0x11d4615c0","ts":"365457984495"},{"cat":"function","dur":"14","name":"renderQuad","ph":"X","pid":"0","tid":"0x11d4615c0","ts":"365457984569"},{"cat":"function","dur":"26","name":"renderLine","ph":"X","pid":"0","tid":"0x11d4615c0","ts":"365457984613"},{"cat":"function","dur":"20","name":"render","ph":"X","pid":"0","tid":"0x11d4615c0","ts":"365457984677"},{"cat":"function","dur":"13","name":"render","ph":"X","pid":"0","tid":"0x11d4615c0","ts":"365457984709"},{"cat":"function","dur":"11","name":"render","ph":"X","pid":"0","tid":"0x11d4615c0","ts":"365457984730"},{"cat":"function","dur":"371","name":"renderFrame","ph":"X","pid":"0","tid":"0x11d4615c0","ts":"365457984675"},{"cat":"function","dur":"18","name":"renderLine","ph":"X","pid":"0","tid":"0x11d4615c0","ts":"365457985073"},{"cat":"function","dur":"9","name":"renderLine","ph":"X","pid":"0","tid":"0x11d4615c0","ts":"365457985105"},{"cat":"function","dur":"16716","name":"loop","ph":"X","pid":"0","tid":"0x11d4615c0","ts":"365457984456"},{"cat":"function","dur":"35","name":"renderCircle","ph":"X","pid":"0","tid":"0x11d4615c0","ts":"365458001230"},{"cat":"function","dur":"11","name":"renderQuad","ph":"X","pid":"0","tid":"0x11d4615c0","ts":"365458001277"},{"cat":"function","dur":"18","name":"renderLine","ph":"X","pid":"0","tid":"0x11d4615c0","ts":"365458001308"},{"cat":"function","dur":"13","name":"render","ph":"X","pid":"0","tid":"0x11d4615c0","ts":"365458001336"},{"cat":"function","dur":"9","name":"render","ph":"X","pid":"0","tid":"0x11d4615c0","ts":"365458001357"},{"cat":"function","dur":"8","name":"render","ph":"X","pid":"0","tid":"0x11d4615c0","ts":"365458001374"},{"cat":"function","dur":"224","name":"renderFrame","ph":"X","pid":"0","tid":"0x11d4615c0","ts":"365458001335"},{"cat":"function","dur":"11","name":"renderLine","ph":"X","pid":"0","tid":"0x11d4615c0","ts":"365458001572"},{"cat":"function","dur":"7","name":"renderLine","ph":"X","pid":"0","tid":"0x11d4615c0","ts":"365458001592"},{"cat":"function","dur":"17162","name":"loop","ph":"X","pid":"0","tid":"0x11d4615c0","ts":"365458001208"},{"cat":"function","dur":"59","name":"renderCircle","ph":"X","pid":"0","tid":"0x11d4615c0","ts":"365458018471"},{"cat":"function","dur":"14","name":"renderQuad","ph":"X","pid":"0","tid":"0x11d4615c0","ts":"365458018544"},{"cat":"function","dur":"25","name":"renderLine","ph":"X","pid":"0","tid":"0x11d4615c0","ts":"365458018582"},{"cat":"function","dur":"17","name":"render","ph":"X","pid":"0","tid":"0x11d4615c0","ts":"365458018618"},{"cat":"function","dur":"11","name":"render","ph":"X","pid":"0","tid":"0x11d4615c0","ts":"365458018644"},{"cat":"function","dur":"9","name":"render","ph":"X","pid":"0","tid":"0x11d4615c0","ts":"365458018663"},{"cat":"function","dur":"247","name":"renderFrame","ph":"X","pid":"0","tid":"0x11d4615c0","ts":"365458018617"},{"cat":"function","dur":"11","name":"renderLine","ph":"X","pid":"0","tid":"0x11d4615c0","ts":"365458018879"},{"cat":"function","dur":"9","name":"renderLine","ph":"X","pid":"0","tid":"0x11d4615c0","ts":"365458018901"},{"cat":"function","dur":"17186","name":"loop","ph":"X","pid":"0","tid":"0x11d4615c0","ts":"365458018438"},{"cat":"function","dur":"34","name":"renderCircle","ph":"X","pid":"0","tid":"0x11d4615c0","ts":"365458035682"},{"cat":"function","dur":"57","name":"renderQuad","ph":"X","pid":"0","tid":"0x11d4615c0","ts":"365458035728"},{"cat":"function","dur":"19","name":"renderLine","ph":"X","pid":"0","tid":"0x11d4615c0","ts":"365458035850"},{"cat":"function","dur":"14","name":"render","ph":"X","pid":"0","tid":"0x11d4615c0","ts":"365458035883"},{"cat":"function","dur":"9","name":"render","ph":"X","pid":"0","tid":"0x11d4615c0","ts":"365458035906"},{"cat":"function","dur":"7","name":"render","ph":"X","pid":"0","tid":"0x11d4615c0","ts":"365458035923"},{"cat":"function","dur":"222","name":"renderFrame","ph":"X","pid":"0","tid":"0x11d4615c0","ts":"365458035882"},{"cat":"function","dur":"11","name":"renderLine","ph":"X","pid":"0","tid":"0x11d4615c0","ts":"365458036117"},{"cat":"function","dur":"8","name":"renderLine","ph":"X","pid":"0","tid":"0x11d4615c0","ts":"365458036138"},{"cat":"function","dur":"16428","name":"loop","ph":"X","pid":"0","tid":"0x11d4615c0","ts":"365458035662"},{"cat":"function","dur":"102","name":"renderCircle","ph":"X","pid":"0","tid":"0x11d4615c0","ts":"365458052243"},{"cat":"function","dur":"24","name":"renderQuad","ph":"X","pid":"0","tid":"0x11d4615c0","ts":"365458052383"},{"cat":"function","dur":"28","name":"renderLine","ph":"X","pid":"0","tid":"0x11d4615c0","ts":"365458052440"},{"cat":"function","dur":"19","name":"render","ph":"X","pid":"0","tid":"0x11d4615c0","ts":"365458052481"},{"cat":"function","dur":"11","name":"render","ph":"X","pid":"0","tid":"0x11d4615c0","ts":"365458052513"},{"cat":"function","dur":"9","name":"render","ph":"X","pid":"0","tid":"0x11d4615c0","ts":"365458052533"},{"cat":"function","dur":"268","name":"renderFrame","ph":"X","pid":"0","tid":"0x11d4615c0","ts":"365458052480"},{"cat":"function","dur":"14","name":"renderLine","ph":"X","pid":"0","tid":"0x11d4615c0","ts":"365458052765"},{"cat":"function","dur":"8","name":"renderLine","ph":"X","pid":"0","tid":"0x11d4615c0","ts":"365458052791"},{"cat":"function","dur":"67751","name":"loop","ph":"X","pid":"0","tid":"0x11d4615c0","ts":"365458052198"}],"displayTimeUnit":"ns"}