{"traceEvents":[{"cat":"function","dur":"9306","name":"renderCircle","ph":"X","pid":"0","tid":"0x10e71b5c0","ts":"363435997539"},{"cat":"function","dur":"1930","name":"renderQuad","ph":"X","pid":"0","tid":"0x10e71b5c0","ts":"363436006927"},{"cat":"function","dur":"1042","name":"renderLine","ph":"X","pid":"0","tid":"0x10e71b5c0","ts":"363436008932"},{"cat":"function","dur":"2530","name":"render","ph":"X","pid":"0","tid":"0x10e71b5c0","ts":"363436010011"},{"cat":"function","dur":"54","name":"render","ph":"X","pid":"0","tid":"0x10e71b5c0","ts":"363436012602"},{"cat":"function","dur":"28","name":"render","ph":"X","pid":"0","tid":"0x10e71b5c0","ts":"363436012675"},{"cat":"function","dur":"2999","name":"renderFrame","ph":"X","pid":"0","tid":"0x10e71b5c0","ts":"363436010011"},{"cat":"function","dur":"319","name":"renderLine","ph":"X","pid":"0","tid":"0x10e71b5c0","ts":"363436013040"},{"cat":"function","dur":"58","name":"renderLine","ph":"X","pid":"0","tid":"0x10e71b5c0","ts":"363436013403"},{"cat":"function","dur":"144625","name":"loop","ph":"X","pid":"0","tid":"0x10e71b5c0","ts":"363435997497"},{"cat":"function","dur":"41","name":"renderCircle","ph":"X","pid":"0","tid":"0x10e71b5c0","ts":"363436142194"},{"cat":"function","dur":"13","name":"renderQuad","ph":"X","pid":"0","tid":"0x10e71b5c0","ts":"363436142253"},{"cat":"function","dur":"19","name":"renderLine","ph":"X","pid":"0","tid":"0x10e71b5c0","ts":"363436142289"},{"cat":"function","dur":"14","name":"render","ph":"X","pid":"0","tid":"0x10e71b5c0","ts":"363436142321"},{"cat":"function","dur":"9","name":"render","ph":"X","pid":"0","tid":"0x10e71b5c0","ts":"363436142348"},{"cat":"function","dur":"8","name":"render","ph":"X","pid":"0","tid":"0x10e71b5c0","ts":"363436142369"},{"cat":"function","dur":"244","name":"renderFrame","ph":"X","pid":"0","tid":"0x10e71b5c0","ts":"363436142321"},{"cat":"function","dur":"12","name":"renderLine","ph":"X","pid":"0","tid":"0x10e71b5c0","ts":"363436142582"},{"cat":"function","dur":"61","name":"renderLine","ph":"X","pid":"0","tid":"0x10e71b5c0","ts":"363436142617"},{"cat":"function","dur":"16248","name":"loop","ph":"X","pid":"0","tid":"0x10e71b5c0","ts":"363436142176"},{"cat":"function","dur":"85","name":"renderCircle","ph":"X","pid":"0","tid":"0x10e71b5c0","ts":"363436158583"},{"cat":"function","dur":"30","name":"renderQuad","ph":"X","pid":"0","tid":"0x10e71b5c0","ts":"363436158716"},{"cat":"function","dur":"42","name":"renderLine","ph":"X","pid":"0","tid":"0x10e71b5c0","ts":"363436158792"},{"cat":"function","dur":"32","name":"render","ph":"X","pid":"0","tid":"0x10e71b5c0","ts":"363436158857"},{"cat":"function","dur":"16","name":"render","ph":"X","pid":"0","tid":"0x10e71b5c0","ts":"363436158906"},{"cat":"function","dur":"15","name":"render","ph":"X","pid":"0","tid":"0x10e71b5c0","ts":"363436158939"},{"cat":"function","dur":"383","name":"renderFrame","ph":"X","pid":"0","tid":"0x10e71b5c0","ts":"363436158856"},{"cat":"function","dur":"31","name":"renderLine","ph":"X","pid":"0","tid":"0x10e71b5c0","ts":"363436159277"},{"cat":"function","dur":"12","name":"renderLine","ph":"X","pid":"0","tid":"0x10e71b5c0","ts":"363436159331"},{"cat":"function","dur":"16711","name":"loop","ph":"X","pid":"0","tid":"0x10e71b5c0","ts":"363436158522"},{"cat":"function","dur":"62","name":"renderCircle","ph":"X","pid":"0","tid":"0x10e71b5c0","ts":"363436175339"},{"cat":"function","dur":"18","name":"renderQuad","ph":"X","pid":"0","tid":"0x10e71b5c0","ts":"363436175429"},{"cat":"function","dur":"26","name":"renderLine","ph":"X","pid":"0","tid":"0x10e71b5c0","ts":"363436175484"},{"cat":"function","dur":"20","name":"render","ph":"X","pid":"0","tid":"0x10e71b5c0","ts":"363436175530"},{"cat":"function","dur":"12","name":"render","ph":"X","pid":"0","tid":"0x10e71b5c0","ts":"363436175569"},{"cat":"function","dur":"12","name":"render","ph":"X","pid":"0","tid":"0x10e71b5c0","ts":"363436175598"},{"cat":"function","dur":"341","name":"renderFrame","ph":"X","pid":"0","tid":"0x10e71b5c0","ts":"363436175529"},{"cat":"function","dur":"14","name":"renderLine","ph":"X","pid":"0","tid":"0x10e71b5c0","ts":"363436175894"},{"cat":"function","dur":"9","name":"renderLine","ph":"X","pid":"0","tid":"0x10e71b5c0","ts":"363436175938"},{"cat":"function","dur":"17031","name":"loop","ph":"X","pid":"0","tid":"0x10e71b5c0","ts":"363436175307"},{"cat":"function","dur":"35","name":"renderCircle","ph":"X","pid":"0","tid":"0x10e71b5c0","ts":"363436192413"},{"cat":"function","dur":"12","name":"renderQuad","ph":"X","pid":"0","tid":"0x10e71b5c0","ts":"363436192462"},{"cat":"function","dur":"18","name":"renderLine","ph":"X","pid":"0","tid":"0x10e71b5c0","ts":"363436192495"},{"cat":"function","dur":"13","name":"render","ph":"X","pid":"0","tid":"0x10e71b5c0","ts":"363436192524"},{"cat":"function","dur":"10","name":"render","ph":"X","pid":"0","tid":"0x10e71b5c0","ts":"363436192546"},{"cat":"function","dur":"8","name":"render","ph":"X","pid":"0","tid":"0x10e71b5c0","ts":"363436192564"},{"cat":"function","dur":"235","name":"renderFrame","ph":"X","pid":"0","tid":"0x10e71b5c0","ts":"363436192523"},{"cat":"function","dur":"11","name":"renderLine","ph":"X","pid":"0","tid":"0x10e71b5c0","ts":"363436192772"},{"cat":"function","dur":"7","name":"renderLine","ph":"X","pid":"0","tid":"0x10e71b5c0","ts":"363436192794"},{"cat":"function","dur":"16626","name":"loop","ph":"X","pid":"0","tid":"0x10e71b5c0","ts":"363436192388"},{"cat":"function","dur":"44","name":"renderCircle","ph":"X","pid":"0","tid":"0x10e71b5c0","ts":"363436209091"},{"cat":"function","dur":"12","name":"renderQuad","ph":"X","pid":"0","tid":"0x10e71b5c0","ts":"363436209149"},{"cat":"function","dur":"19","name":"renderLine","ph":"X","pid":"0","tid":"0x10e71b5c0","ts":"363436209183"},{"cat":"function","dur":"15","name":"render","ph":"X","pid":"0","tid":"0x10e71b5c0","ts":"363436209214"},{"cat":"function","dur":"9","name":"render","ph":"X","pid":"0","tid":"0x10e71b5c0","ts":"363436209238"},{"cat":"function","dur":"9","name":"render","ph":"X","pid":"0","tid":"0x10e71b5c0","ts":"363436209255"},{"cat":"function","dur":"236","name":"renderFrame","ph":"X","pid":"0","tid":"0x10e71b5c0","ts":"363436209213"},{"cat":"function","dur":"11","name":"renderLine","ph":"X","pid":"0","tid":"0x10e71b5c0","ts":"363436209463"},{"cat":"function","dur":"8","name":"renderLine","ph":"X","pid":"0","tid":"0x10e71b5c0","ts":"363436209485"},{"cat":"function","dur":"16693","name":"loop","ph":"X","pid":"0","tid":"0x10e71b5c0","ts":"363436209064"},{"cat":"function","dur":"36","name":"renderCircle","ph":"X","pid":"0","tid":"0x10e71b5c0","ts":"363436225813"},{"cat":"function","dur":"11","name":"renderQuad","ph":"X","pid":"0","tid":"0x10e71b5c0","ts":"363436225861"},{"cat":"function","dur":"36","name":"renderLine","ph":"X","pid":"0","tid":"0x10e71b5c0","ts":"363436225893"},{"cat":"function","dur":"13","name":"render","ph":"X","pid":"0","tid":"0x10e71b5c0","ts":"363436225939"},{"cat":"function","dur":"9","name":"render","ph":"X","pid":"0","tid":"0x10e71b5c0","ts":"363436225961"},{"cat":"function","dur":"8","name":"render","ph":"X","pid":"0","tid":"0x10e71b5c0","ts":"363436225978"},{"cat":"function","dur":"224","name":"renderFrame","ph":"X","pid":"0","tid":"0x10e71b5c0","ts":"363436225938"},{"cat":"function","dur":"10","name":"renderLine","ph":"X","pid":"0","tid":"0x10e71b5c0","ts":"363436226175"},{"cat":"function","dur":"7","name":"renderLine","ph":"X","pid":"0","tid":"0x10e71b5c0","ts":"363436226196"},{"cat":"function","dur":"16487","name":"loop","ph":"X","pid":"0","tid":"0x10e71b5c0","ts":"363436225791"},{"cat":"function","dur":"34","name":"renderCircle","ph":"X","pid":"0","tid":"0x10e71b5c0","ts":"363436242332"},{"cat":"function","dur":"12","name":"renderQuad","ph":"X","pid":"0","tid":"0x10e71b5c0","ts":"363436242379"},{"cat":"function","dur":"17","name":"renderLine","ph":"X","pid":"0","tid":"0x10e71b5c0","ts":"363436242411"},{"cat":"function","dur":"13","name":"render","ph":"X","pid":"0","tid":"0x10e71b5c0","ts":"363436242438"},{"cat":"function","dur":"9","name":"render","ph":"X","pid":"0","tid":"0x10e71b5c0","ts":"363436242460"},{"cat":"function","dur":"7","name":"render","ph":"X","pid":"0","tid":"0x10e71b5c0","ts":"363436242477"},{"cat":"function","dur":"237","name":"renderFrame","ph":"X","pid":"0","tid":"0x10e71b5c0","ts":"363436242438"},{"cat":"function","dur":"11","name":"renderLine","ph":"X","pid":"0","tid":"0x10e71b5c0","ts":"363436242688"},{"cat":"function","dur":"7","name":"renderLine","ph":"X","pid":"0","tid":"0x10e71b5c0","ts":"363436242709"},{"cat":"function","dur":"26650","name":"loop","ph":"X","pid":"0","tid":"0x10e71b5c0","ts":"363436242314"},{"cat":"function","dur":"39","name":"renderCircle","ph":"X","pid":"0","tid":"0x10e71b5c0","ts":"363436269029"},{"cat":"function","dur":"13","name":"renderQuad","ph":"X","pid":"0","tid":"0x10e71b5c0","ts":"363436269082"},{"cat":"function","dur":"20","name":"renderLine","ph":"X","pid":"0","tid":"0x10e71b5c0","ts":"363436269115"},{"cat":"function","dur":"14","name":"render","ph":"X","pid":"0","tid":"0x10e71b5c0","ts":"363436269146"},{"cat":"function","dur":"9","name":"render","ph":"X","pid":"0","tid":"0x10e71b5c0","ts":"363436269169"},{"cat":"function","dur":"8","name":"render","ph":"X","pid":"0","tid":"0x10e71b5c0","ts":"363436269187"},{"cat":"function","dur":"235","name":"renderFrame","ph":"X","pid":"0","tid":"0x10e71b5c0","ts":"363436269145"},{"cat":"function","dur":"12","name":"renderLine","ph":"X","pid":"0","tid":"0x10e71b5c0","ts":"363436269394"},{"cat":"function","dur":"8","name":"renderLine","ph":"X","pid":"0","tid":"0x10e71b5c0","ts":"363436269416"},{"cat":"function","dur":"16521","name":"loop","ph":"X","pid":"0","tid":"0x10e71b5c0","ts":"363436269010"},{"cat":"function","dur":"35","name":"renderCircle","ph":"X","pid":"0","tid":"0x10e71b5c0","ts":"363436285586"},{"cat":"function","dur":"12","name":"renderQuad","ph":"X","pid":"0","tid":"0x10e71b5c0","ts":"363436285634"},{"cat":"function","dur":"17","name":"renderLine","ph":"X","pid":"0","tid":"0x10e71b5c0","ts":"363436285665"},{"cat":"function","dur":"13","name":"render","ph":"X","pid":"0","tid":"0x10e71b5c0","ts":"363436285692"},{"cat":"function","dur":"9","name":"render","ph":"X","pid":"0","tid":"0x10e71b5c0","ts":"363436285713"},{"cat":"function","dur":"7","name":"render","ph":"X","pid":"0","tid":"0x10e71b5c0","ts":"363436285730"},{"cat":"function","dur":"219","name":"renderFrame","ph":"X","pid":"0","tid":"0x10e71b5c0","ts":"363436285692"},{"cat":"function","dur":"11","name":"renderLine","ph":"X","pid":"0","tid":"0x10e71b5c0","ts":"363436285924"},{"cat":"function","dur":"7","name":"renderLine","ph":"X","pid":"0","tid":"0x10e71b5c0","ts":"363436285945"},{"cat":"function","dur":"17730","name":"loop","ph":"X","pid":"0","tid":"0x10e71b5c0","ts":"363436285567"},{"cat":"function","dur":"34","name":"renderCircle","ph":"X","pid":"0","tid":"0x10e71b5c0","ts":"363436303349"},{"cat":"function","dur":"11","name":"renderQuad","ph":"X","pid":"0","tid":"0x10e71b5c0","ts":"363436303396"},{"cat":"function","dur":"16","name":"renderLine","ph":"X","pid":"0","tid":"0x10e71b5c0","ts":"363436303427"},{"cat":"function","dur":"14","name":"render","ph":"X","pid":"0","tid":"0x10e71b5c0","ts":"363436303453"},{"cat":"function","dur":"8","name":"render","ph":"X","pid":"0","tid":"0x10e71b5c0","ts":"363436303475"},{"cat":"function","dur":"7","name":"render","ph":"X","pid":"0","tid":"0x10e71b5c0","ts":"363436303491"},{"cat":"function","dur":"216","name":"renderFrame","ph":"X","pid":"0","tid":"0x10e71b5c0","ts":"363436303453"},{"cat":"function","dur":"11","name":"renderLine","ph":"X","pid":"0","tid":"0x10e71b5c0","ts":"363436303681"},{"cat":"function","dur":"7","name":"renderLine","ph":"X","pid":"0","tid":"0x10e71b5c0","ts":"363436303702"},{"cat":"function","dur":"17503","name":"loop","ph":"X","pid":"0","tid":"0x10e71b5c0","ts":"363436303334"},{"cat":"function","dur":"31","name":"renderCircle","ph":"X","pid":"0","tid":"0x10e71b5c0","ts":"363436320896"},{"cat":"function","dur":"11","name":"renderQuad","ph":"X","pid":"0","tid":"0x10e71b5c0","ts":"363436320941"},{"cat":"function","dur":"17","name":"renderLine","ph":"X","pid":"0","tid":"0x10e71b5c0","ts":"363436320972"},{"cat":"function","dur":"12","name":"render","ph":"X","pid":"0","tid":"0x10e71b5c0","ts":"363436321000"},{"cat":"function","dur":"15","name":"render","ph":"X","pid":"0","tid":"0x10e71b5c0","ts":"363436321046"},{"cat":"function","dur":"13","name":"render","ph":"X","pid":"0","tid":"0x10e71b5c0","ts":"363436321074"},{"cat":"function","dur":"290","name":"renderFrame","ph":"X","pid":"0","tid":"0x10e71b5c0","ts":"363436320999"},{"cat":"function","dur":"12","name":"renderLine","ph":"X","pid":"0","tid":"0x10e71b5c0","ts":"363436321303"},{"cat":"function","dur":"7","name":"renderLine","ph":"X","pid":"0","tid":"0x10e71b5c0","ts":"363436321326"},{"cat":"function","dur":"17588","name":"loop","ph":"X","pid":"0","tid":"0x10e71b5c0","ts":"363436320879"},{"cat":"function","dur":"33","name":"renderCircle","ph":"X","pid":"0","tid":"0x10e71b5c0","ts":"363436338520"},{"cat":"function","dur":"13","name":"renderQuad","ph":"X","pid":"0","tid":"0x10e71b5c0","ts":"363436338566"},{"cat":"function","dur":"18","name":"renderLine","ph":"X","pid":"0","tid":"0x10e71b5c0","ts":"363436338599"},{"cat":"function","dur":"13","name":"render","ph":"X","pid":"0","tid":"0x10e71b5c0","ts":"363436338628"},{"cat":"function","dur":"9","name":"render","ph":"X","pid":"0","tid":"0x10e71b5c0","ts":"363436338650"},{"cat":"function","dur":"8","name":"render","ph":"X","pid":"0","tid":"0x10e71b5c0","ts":"363436338667"},{"cat":"function","dur":"231","name":"renderFrame","ph":"X","pid":"0","tid":"0x10e71b5c0","ts":"363436338627"},{"cat":"function","dur":"11","name":"renderLine","ph":"X","pid":"0","tid":"0x10e71b5c0","ts":"363436338872"},{"cat":"function","dur":"7","name":"renderLine","ph":"X","pid":"0","tid":"0x10e71b5c0","ts":"363436338895"},{"cat":"function","dur":"16228","name":"loop","ph":"X","pid":"0","tid":"0x10e71b5c0","ts":"363436338505"},{"cat":"function","dur":"33","name":"renderCircle","ph":"X","pid":"0","tid":"0x10e71b5c0","ts":"363436354786"},{"cat":"function","dur":"11","name":"renderQuad","ph":"X","pid":"0","tid":"0x10e71b5c0","ts":"363436354831"},{"cat":"function","dur":"17","name":"renderLine","ph":"X","pid":"0","tid":"0x10e71b5c0","ts":"363436354862"},{"cat":"function","dur":"13","name":"render","ph":"X","pid":"0","tid":"0x10e71b5c0","ts":"363436354890"},{"cat":"function","dur":"9","name":"render","ph":"X","pid":"0","tid":"0x10e71b5c0","ts":"363436354911"},{"cat":"function","dur":"7","name":"render","ph":"X","pid":"0","tid":"0x10e71b5c0","ts":"363436354929"},{"cat":"function","dur":"228","name":"renderFrame","ph":"X","pid":"0","tid":"0x10e71b5c0","ts":"363436354889"},{"cat":"function","dur":"11","name":"renderLine","ph":"X","pid":"0","tid":"0x10e71b5c0","ts":"363436355131"},{"cat":"function","dur":"7","name":"renderLine","ph":"X","pid":"0","tid":"0x10e71b5c0","ts":"363436355153"},{"cat":"function","dur":"16842","name":"loop","ph":"X","pid":"0","tid":"0x10e71b5c0","ts":"363436354770"},{"cat":"function","dur":"45","name":"renderCircle","ph":"X","pid":"0","tid":"0x10e71b5c0","ts":"363436371692"},{"cat":"function","dur":"14","name":"renderQuad","ph":"X","pid":"0","tid":"0x10e71b5c0","ts":"363436371752"},{"cat":"function","dur":"23","name":"renderLine","ph":"X","pid":"0","tid":"0x10e71b5c0","ts":"363436371788"},{"cat":"function","dur":"16","name":"render","ph":"X","pid":"0","tid":"0x10e71b5c0","ts":"363436371823"},{"cat":"function","dur":"10","name":"render","ph":"X","pid":"0","tid":"0x10e71b5c0","ts":"363436371848"},{"cat":"function","dur":"9","name":"render","ph":"X","pid":"0","tid":"0x10e71b5c0","ts":"363436371866"},{"cat":"function","dur":"244","name":"renderFrame","ph":"X","pid":"0","tid":"0x10e71b5c0","ts":"363436371821"},{"cat":"function","dur":"12","name":"renderLine","ph":"X","pid":"0","tid":"0x10e71b5c0","ts":"363436372079"},{"cat":"function","dur":"8","name":"renderLine","ph":"X","pid":"0","tid":"0x10e71b5c0","ts":"363436372102"},{"cat":"function","dur":"16305","name":"loop","ph":"X","pid":"0","tid":"0x10e71b5c0","ts":"363436371668"},{"cat":"function","dur":"32","name":"renderCircle","ph":"X","pid":"0","tid":"0x10e71b5c0","ts":"363436388025"},{"cat":"function","dur":"10","name":"renderQuad","ph":"X","pid":"0","tid":"0x10e71b5c0","ts":"363436388069"},{"cat":"function","dur":"17","name":"renderLine","ph":"X","pid":"0","tid":"0x10e71b5c0","ts":"363436388118"},{"cat":"function","dur":"14","name":"render","ph":"X","pid":"0","tid":"0x10e71b5c0","ts":"363436388145"},{"cat":"function","dur":"9","name":"render","ph":"X","pid":"0","tid":"0x10e71b5c0","ts":"363436388167"},{"cat":"function","dur":"8","name":"render","ph":"X","pid":"0","tid":"0x10e71b5c0","ts":"363436388184"},{"cat":"function","dur":"223","name":"renderFrame","ph":"X","pid":"0","tid":"0x10e71b5c0","ts":"363436388145"},{"cat":"function","dur":"10","name":"renderLine","ph":"X","pid":"0","tid":"0x10e71b5c0","ts":"363436388382"},{"cat":"function","dur":"8","name":"renderLine","ph":"X","pid":"0","tid":"0x10e71b5c0","ts":"363436388402"},{"cat":"function","dur":"22571","name":"loop","ph":"X","pid":"0","tid":"0x10e71b5c0","ts":"363436388009"},{"cat":"function","dur":"36","name":"renderCircle","ph":"X","pid":"0","tid":"0x10e71b5c0","ts":"363436410631"},{"cat":"function","dur":"12","name":"renderQuad","ph":"X","pid":"0","tid":"0x10e71b5c0","ts":"363436410681"},{"cat":"function","dur":"17","name":"renderLine","ph":"X","pid":"0","tid":"0x10e71b5c0","ts":"363436410713"},{"cat":"function","dur":"14","name":"render","ph":"X","pid":"0","tid":"0x10e71b5c0","ts":"363436410740"},{"cat":"function","dur":"9","name":"render","ph":"X","pid":"0","tid":"0x10e71b5c0","ts":"363436410763"},{"cat":"function","dur":"8","name":"render","ph":"X","pid":"0","tid":"0x10e71b5c0","ts":"363436410780"},{"cat":"function","dur":"231","name":"renderFrame","ph":"X","pid":"0","tid":"0x10e71b5c0","ts":"363436410739"},{"cat":"function","dur":"12","name":"renderLine","ph":"X","pid":"0","tid":"0x10e71b5c0","ts":"363436410983"},{"cat":"function","dur":"8","name":"renderLine","ph":"X","pid":"0","tid":"0x10e71b5c0","ts":"363436411006"},{"cat":"function","dur":"17323","name":"loop","ph":"X","pid":"0","tid":"0x10e71b5c0","ts":"363436410615"},{"cat":"function","dur":"36","name":"renderCircle","ph":"X","pid":"0","tid":"0x10e71b5c0","ts":"363436428006"},{"cat":"function","dur":"12","name":"renderQuad","ph":"X","pid":"0","tid":"0x10e71b5c0","ts":"363436428056"},{"cat":"function","dur":"16","name":"renderLine","ph":"X","pid":"0","tid":"0x10e71b5c0","ts":"363436428089"},{"cat":"function","dur":"13","name":"render","ph":"X","pid":"0","tid":"0x10e71b5c0","ts":"363436428116"},{"cat":"function","dur":"9","name":"render","ph":"X","pid":"0","tid":"0x10e71b5c0","ts":"363436428138"},{"cat":"function","dur":"8","name":"render","ph":"X","pid":"0","tid":"0x10e71b5c0","ts":"363436428155"},{"cat":"function","dur":"229","name":"renderFrame","ph":"X","pid":"0","tid":"0x10e71b5c0","ts":"363436428115"},{"cat":"function","dur":"11","name":"renderLine","ph":"X","pid":"0","tid":"0x10e71b5c0","ts":"363436428358"},{"cat":"function","dur":"7","name":"renderLine","ph":"X","pid":"0","tid":"0x10e71b5c0","ts":"363436428380"},{"cat":"function","dur":"17408","name":"loop","ph":"X","pid":"0","tid":"0x10e71b5c0","ts":"363436427980"},{"cat":"function","dur":"40","name":"renderCircle","ph":"X","pid":"0","tid":"0x10e71b5c0","ts":"363436445453"},{"cat":"function","dur":"12","name":"renderQuad","ph":"X","pid":"0","tid":"0x10e71b5c0","ts":"363436445506"},{"cat":"function","dur":"18","name":"renderLine","ph":"X","pid":"0","tid":"0x10e71b5c0","ts":"363436445539"},{"cat":"function","dur":"14","name":"render","ph":"X","pid":"0","tid":"0x10e71b5c0","ts":"363436445568"},{"cat":"function","dur":"10","name":"render","ph":"X","pid":"0","tid":"0x10e71b5c0","ts":"363436445591"},{"cat":"function","dur":"10","name":"render","ph":"X","pid":"0","tid":"0x10e71b5c0","ts":"363436445611"},{"cat":"function","dur":"238","name":"renderFrame","ph":"X","pid":"0","tid":"0x10e71b5c0","ts":"363436445567"},{"cat":"function","dur":"11","name":"renderLine","ph":"X","pid":"0","tid":"0x10e71b5c0","ts":"363436445819"},{"cat":"function","dur":"8","name":"renderLine","ph":"X","pid":"0","tid":"0x10e71b5c0","ts":"363436445841"},{"cat":"function","dur":"16629","name":"loop","ph":"X","pid":"0","tid":"0x10e71b5c0","ts":"363436445429"},{"cat":"function","dur":"33","name":"renderCircle","ph":"X","pid":"0","tid":"0x10e71b5c0","ts":"363436462134"},{"cat":"function","dur":"11","name":"renderQuad","ph":"X","pid":"0","tid":"0x10e71b5c0","ts":"363436462182"},{"cat":"function","dur":"16","name":"renderLine","ph":"X","pid":"0","tid":"0x10e71b5c0","ts":"363436462212"},{"cat":"function","dur":"13","name":"render","ph":"X","pid":"0","tid":"0x10e71b5c0","ts":"363436462238"},{"cat":"function","dur":"8","name":"render","ph":"X","pid":"0","tid":"0x10e71b5c0","ts":"363436462260"},{"cat":"function","dur":"7","name":"render","ph":"X","pid":"0","tid":"0x10e71b5c0","ts":"363436462276"},{"cat":"function","dur":"226","name":"renderFrame","ph":"X","pid":"0","tid":"0x10e71b5c0","ts":"363436462237"},{"cat":"function","dur":"11","name":"renderLine","ph":"X","pid":"0","tid":"0x10e71b5c0","ts":"363436462478"},{"cat":"function","dur":"7","name":"renderLine","ph":"X","pid":"0","tid":"0x10e71b5c0","ts":"363436462499"},{"cat":"function","dur":"16442","name":"loop","ph":"X","pid":"0","tid":"0x10e71b5c0","ts":"363436462114"},{"cat":"function","dur":"42","name":"renderCircle","ph":"X","pid":"0","tid":"0x10e71b5c0","ts":"363436478623"},{"cat":"function","dur":"12","name":"renderQuad","ph":"X","pid":"0","tid":"0x10e71b5c0","ts":"363436478680"},{"cat":"function","dur":"18","name":"renderLine","ph":"X","pid":"0","tid":"0x10e71b5c0","ts":"363436478713"},{"cat":"function","dur":"39","name":"render","ph":"X","pid":"0","tid":"0x10e71b5c0","ts":"363436478771"},{"cat":"function","dur":"12","name":"render","ph":"X","pid":"0","tid":"0x10e71b5c0","ts":"363436478823"},{"cat":"function","dur":"9","name":"render","ph":"X","pid":"0","tid":"0x10e71b5c0","ts":"363436478844"},{"cat":"function","dur":"263","name":"renderFrame","ph":"X","pid":"0","tid":"0x10e71b5c0","ts":"363436478770"},{"cat":"function","dur":"12","name":"renderLine","ph":"X","pid":"0","tid":"0x10e71b5c0","ts":"363436479046"},{"cat":"function","dur":"8","name":"renderLine","ph":"X","pid":"0","tid":"0x10e71b5c0","ts":"363436479069"},{"cat":"function","dur":"17966","name":"loop","ph":"X","pid":"0","tid":"0x10e71b5c0","ts":"363436478601"},{"cat":"function","dur":"38","name":"renderCircle","ph":"X","pid":"0","tid":"0x10e71b5c0","ts":"363436496652"},{"cat":"function","dur":"11","name":"renderQuad","ph":"X","pid":"0","tid":"0x10e71b5c0","ts":"363436496704"},{"cat":"function","dur":"17","name":"renderLine","ph":"X","pid":"0","tid":"0x10e71b5c0","ts":"363436496737"},{"cat":"function","dur":"13","name":"render","ph":"X","pid":"0","tid":"0x10e71b5c0","ts":"363436496765"},{"cat":"function","dur":"9","name":"render","ph":"X","pid":"0","tid":"0x10e71b5c0","ts":"363436496787"},{"cat":"function","dur":"8","name":"render","ph":"X","pid":"0","tid":"0x10e71b5c0","ts":"363436496804"},{"cat":"function","dur":"232","name":"renderFrame","ph":"X","pid":"0","tid":"0x10e71b5c0","ts":"363436496764"},{"cat":"function","dur":"13","name":"renderLine","ph":"X","pid":"0","tid":"0x10e71b5c0","ts":"363436497013"},{"cat":"function","dur":"8","name":"renderLine","ph":"X","pid":"0","tid":"0x10e71b5c0","ts":"363436497038"},{"cat":"function","dur":"17916","name":"loop","ph":"X","pid":"0","tid":"0x10e71b5c0","ts":"363436496627"},{"cat":"function","dur":"34","name":"renderCircle","ph":"X","pid":"0","tid":"0x10e71b5c0","ts":"363436514597"},{"cat":"function","dur":"10","name":"renderQuad","ph":"X","pid":"0","tid":"0x10e71b5c0","ts":"363436514643"},{"cat":"function","dur":"17","name":"renderLine","ph":"X","pid":"0","tid":"0x10e71b5c0","ts":"363436514672"},{"cat":"function","dur":"12","name":"render","ph":"X","pid":"0","tid":"0x10e71b5c0","ts":"363436514699"},{"cat":"function","dur":"9","name":"render","ph":"X","pid":"0","tid":"0x10e71b5c0","ts":"363436514719"},{"cat":"function","dur":"8","name":"render","ph":"X","pid":"0","tid":"0x10e71b5c0","ts":"363436514735"},{"cat":"function","dur":"225","name":"renderFrame","ph":"X","pid":"0","tid":"0x10e71b5c0","ts":"363436514698"},{"cat":"function","dur":"11","name":"renderLine","ph":"X","pid":"0","tid":"0x10e71b5c0","ts":"363436514936"},{"cat":"function","dur":"17","name":"renderLine","ph":"X","pid":"0","tid":"0x10e71b5c0","ts":"363436514956"},{"cat":"function","dur":"17380","name":"loop","ph":"X","pid":"0","tid":"0x10e71b5c0","ts":"363436514578"},{"cat":"function","dur":"50","name":"renderCircle","ph":"X","pid":"0","tid":"0x10e71b5c0","ts":"363436532042"},{"cat":"function","dur":"17","name":"renderQuad","ph":"X","pid":"0","tid":"0x10e71b5c0","ts":"363436532120"},{"cat":"function","dur":"26","name":"renderLine","ph":"X","pid":"0","tid":"0x10e71b5c0","ts":"363436532167"},{"cat":"function","dur":"20","name":"render","ph":"X","pid":"0","tid":"0x10e71b5c0","ts":"363436532211"},{"cat":"function","dur":"12","name":"render","ph":"X","pid":"0","tid":"0x10e71b5c0","ts":"363436532246"},{"cat":"function","dur":"12","name":"render","ph":"X","pid":"0","tid":"0x10e71b5c0","ts":"363436532270"},{"cat":"function","dur":"372","name":"renderFrame","ph":"X","pid":"0","tid":"0x10e71b5c0","ts":"363436532210"},{"cat":"function","dur":"22","name":"renderLine","ph":"X","pid":"0","tid":"0x10e71b5c0","ts":"363436532613"},{"cat":"function","dur":"9","name":"renderLine","ph":"X","pid":"0","tid":"0x10e71b5c0","ts":"363436532648"},{"cat":"function","dur":"16573","name":"loop","ph":"X","pid":"0","tid":"0x10e71b5c0","ts":"363436532013"},{"cat":"function","dur":"36","name":"renderCircle","ph":"X","pid":"0","tid":"0x10e71b5c0","ts":"363436548644"},{"cat":"function","dur":"12","name":"renderQuad","ph":"X","pid":"0","tid":"0x10e71b5c0","ts":"363436548693"},{"cat":"function","dur":"18","name":"renderLine","ph":"X","pid":"0","tid":"0x10e71b5c0","ts":"363436548724"},{"cat":"function","dur":"13","name":"render","ph":"X","pid":"0","tid":"0x10e71b5c0","ts":"363436548752"},{"cat":"function","dur":"9","name":"render","ph":"X","pid":"0","tid":"0x10e71b5c0","ts":"363436548773"},{"cat":"function","dur":"8","name":"render","ph":"X","pid":"0","tid":"0x10e71b5c0","ts":"363436548789"},{"cat":"function","dur":"210","name":"renderFrame","ph":"X","pid":"0","tid":"0x10e71b5c0","ts":"363436548751"},{"cat":"function","dur":"11","name":"renderLine","ph":"X","pid":"0","tid":"0x10e71b5c0","ts":"363436548973"},{"cat":"function","dur":"7","name":"renderLine","ph":"X","pid":"0","tid":"0x10e71b5c0","ts":"363436548993"},{"cat":"function","dur":"18025","name":"loop","ph":"X","pid":"0","tid":"0x10e71b5c0","ts":"363436548625"},{"cat":"function","dur":"58","name":"renderCircle","ph":"X","pid":"0","tid":"0x10e71b5c0","ts":"363436566757"},{"cat":"function","dur":"14","name":"renderQuad","ph":"X","pid":"0","tid":"0x10e71b5c0","ts":"363436566830"},{"cat":"function","dur":"24","name":"renderLine","ph":"X","pid":"0","tid":"0x10e71b5c0","ts":"363436566868"},{"cat":"function","dur":"17","name":"render","ph":"X","pid":"0","tid":"0x10e71b5c0","ts":"363436566904"},{"cat":"function","dur":"10","name":"render","ph":"X","pid":"0","tid":"0x10e71b5c0","ts":"363436566930"},{"cat":"function","dur":"9","name":"render","ph":"X","pid":"0","tid":"0x10e71b5c0","ts":"363436566948"},{"cat":"function","dur":"258","name":"renderFrame","ph":"X","pid":"0","tid":"0x10e71b5c0","ts":"363436566903"},{"cat":"function","dur":"14","name":"renderLine","ph":"X","pid":"0","tid":"0x10e71b5c0","ts":"363436567179"},{"cat":"function","dur":"8","name":"renderLine","ph":"X","pid":"0","tid":"0x10e71b5c0","ts":"363436567205"},{"cat":"function","dur":"16004","name":"loop","ph":"X","pid":"0","tid":"0x10e71b5c0","ts":"363436566720"},{"cat":"function","dur":"30","name":"renderCircle","ph":"X","pid":"0","tid":"0x10e71b5c0","ts":"363436582773"},{"cat":"function","dur":"11","name":"renderQuad","ph":"X","pid":"0","tid":"0x10e71b5c0","ts":"363436582815"},{"cat":"function","dur":"16","name":"renderLine","ph":"X","pid":"0","tid":"0x10e71b5c0","ts":"363436582845"},{"cat":"function","dur":"13","name":"render","ph":"X","pid":"0","tid":"0x10e71b5c0","ts":"363436582870"},{"cat":"function","dur":"8","name":"render","ph":"X","pid":"0","tid":"0x10e71b5c0","ts":"363436582891"},{"cat":"function","dur":"7","name":"render","ph":"X","pid":"0","tid":"0x10e71b5c0","ts":"363436582906"},{"cat":"function","dur":"207","name":"renderFrame","ph":"X","pid":"0","tid":"0x10e71b5c0","ts":"363436582870"},{"cat":"function","dur":"11","name":"renderLine","ph":"X","pid":"0","tid":"0x10e71b5c0","ts":"363436583107"},{"cat":"function","dur":"7","name":"renderLine","ph":"X","pid":"0","tid":"0x10e71b5c0","ts":"363436583128"},{"cat":"function","dur":"35359","name":"loop","ph":"X","pid":"0","tid":"0x10e71b5c0","ts":"363436582758"},{"cat":"function","dur":"46","name":"renderCircle","ph":"X","pid":"0","tid":"0x10e71b5c0","ts":"363436618173"},{"cat":"function","dur":"16","name":"renderQuad","ph":"X","pid":"0","tid":"0x10e71b5c0","ts":"363436618242"},{"cat":"function","dur":"18","name":"renderLine","ph":"X","pid":"0","tid":"0x10e71b5c0","ts":"363436618280"},{"cat":"function","dur":"13","name":"render","ph":"X","pid":"0","tid":"0x10e71b5c0","ts":"363436618309"},{"cat":"function","dur":"10","name":"render","ph":"X","pid":"0","tid":"0x10e71b5c0","ts":"363436618331"},{"cat":"function","dur":"8","name":"render","ph":"X","pid":"0","tid":"0x10e71b5c0","ts":"363436618349"},{"cat":"function","dur":"229","name":"renderFrame","ph":"X","pid":"0","tid":"0x10e71b5c0","ts":"363436618308"},{"cat":"function","dur":"11","name":"renderLine","ph":"X","pid":"0","tid":"0x10e71b5c0","ts":"363436618551"},{"cat":"function","dur":"7","name":"renderLine","ph":"X","pid":"0","tid":"0x10e71b5c0","ts":"363436618573"},{"cat":"function","dur":"20074","name":"loop","ph":"X","pid":"0","tid":"0x10e71b5c0","ts":"363436618156"},{"cat":"function","dur":"47","name":"renderCircle","ph":"X","pid":"0","tid":"0x10e71b5c0","ts":"363436638312"},{"cat":"function","dur":"13","name":"renderQuad","ph":"X","pid":"0","tid":"0x10e71b5c0","ts":"363436638374"},{"cat":"function","dur":"22","name":"renderLine","ph":"X","pid":"0","tid":"0x10e71b5c0","ts":"363436638409"},{"cat":"function","dur":"15","name":"render","ph":"X","pid":"0","tid":"0x10e71b5c0","ts":"363436638442"},{"cat":"function","dur":"10","name":"render","ph":"X","pid":"0","tid":"0x10e71b5c0","ts":"363436638466"},{"cat":"function","dur":"8","name":"render","ph":"X","pid":"0","tid":"0x10e71b5c0","ts":"363436638484"},{"cat":"function","dur":"238","name":"renderFrame","ph":"X","pid":"0","tid":"0x10e71b5c0","ts":"363436638441"},{"cat":"function","dur":"12","name":"renderLine","ph":"X","pid":"0","tid":"0x10e71b5c0","ts":"363436638694"},{"cat":"function","dur":"7","name":"renderLine","ph":"X","pid":"0","tid":"0x10e71b5c0","ts":"363436638717"},{"cat":"function","dur":"16455","name":"loop","ph":"X","pid":"0","tid":"0x10e71b5c0","ts":"363436638290"},{"cat":"function","dur":"34","name":"renderCircle","ph":"X","pid":"0","tid":"0x10e71b5c0","ts":"363436654801"},{"cat":"function","dur":"11","name":"renderQuad","ph":"X","pid":"0","tid":"0x10e71b5c0","ts":"363436654847"},{"cat":"function","dur":"17","name":"renderLine","ph":"X","pid":"0","tid":"0x10e71b5c0","ts":"363436654878"},{"cat":"function","dur":"13","name":"render","ph":"X","pid":"0","tid":"0x10e71b5c0","ts":"363436654905"},{"cat":"function","dur":"8","name":"render","ph":"X","pid":"0","tid":"0x10e71b5c0","ts":"363436654926"},{"cat":"function","dur":"8","name":"render","ph":"X","pid":"0","tid":"0x10e71b5c0","ts":"363436654942"},{"cat":"function","dur":"220","name":"renderFrame","ph":"X","pid":"0","tid":"0x10e71b5c0","ts":"363436654904"},{"cat":"function","dur":"12","name":"renderLine","ph":"X","pid":"0","tid":"0x10e71b5c0","ts":"363436655137"},{"cat":"function","dur":"7","name":"renderLine","ph":"X","pid":"0","tid":"0x10e71b5c0","ts":"363436655160"},{"cat":"function","dur":"16808","name":"loop","ph":"X","pid":"0","tid":"0x10e71b5c0","ts":"363436654783"},{"cat":"function","dur":"59","name":"renderCircle","ph":"X","pid":"0","tid":"0x10e71b5c0","ts":"363436671687"},{"cat":"function","dur":"13","name":"renderQuad","ph":"X","pid":"0","tid":"0x10e71b5c0","ts":"363436671760"},{"cat":"function","dur":"25","name":"renderLine","ph":"X","pid":"0","tid":"0x10e71b5c0","ts":"363436671797"},{"cat":"function","dur":"18","name":"render","ph":"X","pid":"0","tid":"0x10e71b5c0","ts":"363436671834"},{"cat":"function","dur":"11","name":"render","ph":"X","pid":"0","tid":"0x10e71b5c0","ts":"363436671860"},{"cat":"function","dur":"10","name":"render","ph":"X","pid":"0","tid":"0x10e71b5c0","ts":"363436671910"},{"cat":"function","dur":"280","name":"renderFrame","ph":"X","pid":"0","tid":"0x10e71b5c0","ts":"363436671833"},{"cat":"function","dur":"11","name":"renderLine","ph":"X","pid":"0","tid":"0x10e71b5c0","ts":"363436672129"},{"cat":"function","dur":"8","name":"renderLine","ph":"X","pid":"0","tid":"0x10e71b5c0","ts":"363436672152"},{"cat":"function","dur":"17255","name":"loop","ph":"X","pid":"0","tid":"0x10e71b5c0","ts":"363436671660"},{"cat":"function","dur":"36","name":"renderCircle","ph":"X","pid":"0","tid":"0x10e71b5c0","ts":"363436688972"},{"cat":"function","dur":"11","name":"renderQuad","ph":"X","pid":"0","tid":"0x10e71b5c0","ts":"363436689020"},{"cat":"function","dur":"17","name":"renderLine","ph":"X","pid":"0","tid":"0x10e71b5c0","ts":"363436689050"},{"cat":"function","dur":"27","name":"render","ph":"X","pid":"0","tid":"0x10e71b5c0","ts":"363436689078"},{"cat":"function","dur":"9","name":"render","ph":"X","pid":"0","tid":"0x10e71b5c0","ts":"363436689113"},{"cat":"function","dur":"7","name":"render","ph":"X","pid":"0","tid":"0x10e71b5c0","ts":"363436689131"},{"cat":"function","dur":"230","name":"renderFrame","ph":"X","pid":"0","tid":"0x10e71b5c0","ts":"363436689077"},{"cat":"function","dur":"11","name":"renderLine","ph":"X","pid":"0","tid":"0x10e71b5c0","ts":"363436689320"},{"cat":"function","dur":"7","name":"renderLine","ph":"X","pid":"0","tid":"0x10e71b5c0","ts":"363436689341"},{"cat":"function","dur":"16820","name":"loop","ph":"X","pid":"0","tid":"0x10e71b5c0","ts":"363436688955"},{"cat":"function","dur":"42","name":"renderCircle","ph":"X","pid":"0","tid":"0x10e71b5c0","ts":"363436705839"},{"cat":"function","dur":"11","name":"renderQuad","ph":"X","pid":"0","tid":"0x10e71b5c0","ts":"363436705894"},{"cat":"function","dur":"19","name":"renderLine","ph":"X","pid":"0","tid":"0x10e71b5c0","ts":"363436705927"},{"cat":"function","dur":"14","name":"render","ph":"X","pid":"0","tid":"0x10e71b5c0","ts":"363436705957"},{"cat":"function","dur":"10","name":"render","ph":"X","pid":"0","tid":"0x10e71b5c0","ts":"363436705979"},{"cat":"function","dur":"8","name":"render","ph":"X","pid":"0","tid":"0x10e71b5c0","ts":"363436705997"},{"cat":"function","dur":"231","name":"renderFrame","ph":"X","pid":"0","tid":"0x10e71b5c0","ts":"363436705956"},{"cat":"function","dur":"11","name":"renderLine","ph":"X","pid":"0","tid":"0x10e71b5c0","ts":"363436706201"},{"cat":"function","dur":"7","name":"renderLine","ph":"X","pid":"0","tid":"0x10e71b5c0","ts":"363436706223"},{"cat":"function","dur":"16193","name":"loop","ph":"X","pid":"0","tid":"0x10e71b5c0","ts":"363436705813"},{"cat":"function","dur":"50","name":"renderCircle","ph":"X","pid":"0","tid":"0x10e71b5c0","ts":"363436722111"},{"cat":"function","dur":"16","name":"renderQuad","ph":"X","pid":"0","tid":"0x10e71b5c0","ts":"363436722179"},{"cat":"function","dur":"30","name":"renderLine","ph":"X","pid":"0","tid":"0x10e71b5c0","ts":"363436722232"},{"cat":"function","dur":"18","name":"render","ph":"X","pid":"0","tid":"0x10e71b5c0","ts":"363436722285"},{"cat":"function","dur":"12","name":"render","ph":"X","pid":"0","tid":"0x10e71b5c0","ts":"363436722316"},{"cat":"function","dur":"21","name":"render","ph":"X","pid":"0","tid":"0x10e71b5c0","ts":"363436722340"},{"cat":"function","dur":"370","name":"renderFrame","ph":"X","pid":"0","tid":"0x10e71b5c0","ts":"363436722284"},{"cat":"function","dur":"20","name":"renderLine","ph":"X","pid":"0","tid":"0x10e71b5c0","ts":"363436722682"},{"cat":"function","dur":"34","name":"renderLine","ph":"X","pid":"0","tid":"0x10e71b5c0","ts":"363436722717"},{"cat":"function","dur":"17946","name":"loop","ph":"X","pid":"0","tid":"0x10e71b5c0","ts":"363436722072"},{"cat":"function","dur":"57","name":"renderCircle","ph":"X","pid":"0","tid":"0x10e71b5c0","ts":"363436740117"},{"cat":"function","dur":"13","name":"renderQuad","ph":"X","pid":"0","tid":"0x10e71b5c0","ts":"363436740189"},{"cat":"function","dur":"25","name":"renderLine","ph":"X","pid":"0","tid":"0x10e71b5c0","ts":"363436740225"},{"cat":"function","dur":"17","name":"render","ph":"X","pid":"0","tid":"0x10e71b5c0","ts":"363436740285"},{"cat":"function","dur":"9","name":"render","ph":"X","pid":"0","tid":"0x10e71b5c0","ts":"363436740311"},{"cat":"function","dur":"8","name":"render","ph":"X","pid":"0","tid":"0x10e71b5c0","ts":"363436740329"},{"cat":"function","dur":"235","name":"renderFrame","ph":"X","pid":"0","tid":"0x10e71b5c0","ts":"363436740285"},{"cat":"function","dur":"11","name":"renderLine","ph":"X","pid":"0","tid":"0x10e71b5c0","ts":"363436740534"},{"cat":"function","dur":"7","name":"renderLine","ph":"X","pid":"0","tid":"0x10e71b5c0","ts":"363436740556"},{"cat":"function","dur":"17013","name":"loop","ph":"X","pid":"0","tid":"0x10e71b5c0","ts":"363436740084"},{"cat":"function","dur":"34","name":"renderCircle","ph":"X","pid":"0","tid":"0x10e71b5c0","ts":"363436757152"},{"cat":"function","dur":"10","name":"renderQuad","ph":"X","pid":"0","tid":"0x10e71b5c0","ts":"363436757197"},{"cat":"function","dur":"17","name":"renderLine","ph":"X","pid":"0","tid":"0x10e71b5c0","ts":"363436757226"},{"cat":"function","dur":"13","name":"render","ph":"X","pid":"0","tid":"0x10e71b5c0","ts":"363436757252"},{"cat":"function","dur":"8","name":"render","ph":"X","pid":"0","tid":"0x10e71b5c0","ts":"363436757272"},{"cat":"function","dur":"8","name":"render","ph":"X","pid":"0","tid":"0x10e71b5c0","ts":"363436757287"},{"cat":"function","dur":"204","name":"renderFrame","ph":"X","pid":"0","tid":"0x10e71b5c0","ts":"363436757252"},{"cat":"function","dur":"10","name":"renderLine","ph":"X","pid":"0","tid":"0x10e71b5c0","ts":"363436757468"},{"cat":"function","dur":"6","name":"renderLine","ph":"X","pid":"0","tid":"0x10e71b5c0","ts":"363436757488"},{"cat":"function","dur":"17417","name":"loop","ph":"X","pid":"0","tid":"0x10e71b5c0","ts":"363436757133"},{"cat":"function","dur":"36","name":"renderCircle","ph":"X","pid":"0","tid":"0x10e71b5c0","ts":"363436774608"},{"cat":"function","dur":"13","name":"renderQuad","ph":"X","pid":"0","tid":"0x10e71b5c0","ts":"363436774658"},{"cat":"function","dur":"18","name":"renderLine","ph":"X","pid":"0","tid":"0x10e71b5c0","ts":"363436774691"},{"cat":"function","dur":"14","name":"render","ph":"X","pid":"0","tid":"0x10e71b5c0","ts":"363436774719"},{"cat":"function","dur":"9","name":"render","ph":"X","pid":"0","tid":"0x10e71b5c0","ts":"363436774742"},{"cat":"function","dur":"9","name":"render","ph":"X","pid":"0","tid":"0x10e71b5c0","ts":"363436774759"},{"cat":"function","dur":"230","name":"renderFrame","ph":"X","pid":"0","tid":"0x10e71b5c0","ts":"363436774719"},{"cat":"function","dur":"12","name":"renderLine","ph":"X","pid":"0","tid":"0x10e71b5c0","ts":"363436774962"},{"cat":"function","dur":"7","name":"renderLine","ph":"X","pid":"0","tid":"0x10e71b5c0","ts":"363436774985"},{"cat":"function","dur":"17299","name":"loop","ph":"X","pid":"0","tid":"0x10e71b5c0","ts":"363436774588"},{"cat":"function","dur":"36","name":"renderCircle","ph":"X","pid":"0","tid":"0x10e71b5c0","ts":"363436791945"},{"cat":"function","dur":"11","name":"renderQuad","ph":"X","pid":"0","tid":"0x10e71b5c0","ts":"363436791993"},{"cat":"function","dur":"17","name":"renderLine","ph":"X","pid":"0","tid":"0x10e71b5c0","ts":"363436792023"},{"cat":"function","dur":"13","name":"render","ph":"X","pid":"0","tid":"0x10e71b5c0","ts":"363436792050"},{"cat":"function","dur":"9","name":"render","ph":"X","pid":"0","tid":"0x10e71b5c0","ts":"363436792071"},{"cat":"function","dur":"7","name":"render","ph":"X","pid":"0","tid":"0x10e71b5c0","ts":"363436792088"},{"cat":"function","dur":"217","name":"renderFrame","ph":"X","pid":"0","tid":"0x10e71b5c0","ts":"363436792049"},{"cat":"function","dur":"10","name":"renderLine","ph":"X","pid":"0","tid":"0x10e71b5c0","ts":"363436792279"},{"cat":"function","dur":"7","name":"renderLine","ph":"X","pid":"0","tid":"0x10e71b5c0","ts":"363436792299"},{"cat":"function","dur":"18023","name":"loop","ph":"X","pid":"0","tid":"0x10e71b5c0","ts":"363436791924"},{"cat":"function","dur":"37","name":"renderCircle","ph":"X","pid":"0","tid":"0x10e71b5c0","ts":"363436810005"},{"cat":"function","dur":"11","name":"renderQuad","ph":"X","pid":"0","tid":"0x10e71b5c0","ts":"363436810072"},{"cat":"function","dur":"16","name":"renderLine","ph":"X","pid":"0","tid":"0x10e71b5c0","ts":"363436810104"},{"cat":"function","dur":"13","name":"render","ph":"X","pid":"0","tid":"0x10e71b5c0","ts":"363436810130"},{"cat":"function","dur":"8","name":"render","ph":"X","pid":"0","tid":"0x10e71b5c0","ts":"363436810151"},{"cat":"function","dur":"8","name":"render","ph":"X","pid":"0","tid":"0x10e71b5c0","ts":"363436810166"},{"cat":"function","dur":"280","name":"renderFrame","ph":"X","pid":"0","tid":"0x10e71b5c0","ts":"363436810129"},{"cat":"function","dur":"15","name":"renderLine","ph":"X","pid":"0","tid":"0x10e71b5c0","ts":"363436810431"},{"cat":"function","dur":"8","name":"renderLine","ph":"X","pid":"0","tid":"0x10e71b5c0","ts":"363436810458"},{"cat":"function","dur":"17759","name":"loop","ph":"X","pid":"0","tid":"0x10e71b5c0","ts":"363436809985"},{"cat":"function","dur":"47","name":"renderCircle","ph":"X","pid":"0","tid":"0x10e71b5c0","ts":"363436827818"},{"cat":"function","dur":"12","name":"renderQuad","ph":"X","pid":"0","tid":"0x10e71b5c0","ts":"363436827878"},{"cat":"function","dur":"18","name":"renderLine","ph":"X","pid":"0","tid":"0x10e71b5c0","ts":"363436827911"},{"cat":"function","dur":"14","name":"render","ph":"X","pid":"0","tid":"0x10e71b5c0","ts":"363436827939"},{"cat":"function","dur":"23","name":"render","ph":"X","pid":"0","tid":"0x10e71b5c0","ts":"363436827961"},{"cat":"function","dur":"8","name":"render","ph":"X","pid":"0","tid":"0x10e71b5c0","ts":"363436827991"},{"cat":"function","dur":"235","name":"renderFrame","ph":"X","pid":"0","tid":"0x10e71b5c0","ts":"363436827938"},{"cat":"function","dur":"11","name":"renderLine","ph":"X","pid":"0","tid":"0x10e71b5c0","ts":"363436828186"},{"cat":"function","dur":"7","name":"renderLine","ph":"X","pid":"0","tid":"0x10e71b5c0","ts":"363436828206"},{"cat":"function","dur":"18065","name":"loop","ph":"X","pid":"0","tid":"0x10e71b5c0","ts":"363436827790"},{"cat":"function","dur":"31","name":"renderCircle","ph":"X","pid":"0","tid":"0x10e71b5c0","ts":"363436845907"},{"cat":"function","dur":"11","name":"renderQuad","ph":"X","pid":"0","tid":"0x10e71b5c0","ts":"363436845951"},{"cat":"function","dur":"16","name":"renderLine","ph":"X","pid":"0","tid":"0x10e71b5c0","ts":"363436845982"},{"cat":"function","dur":"13","name":"render","ph":"X","pid":"0","tid":"0x10e71b5c0","ts":"363436846009"},{"cat":"function","dur":"9","name":"render","ph":"X","pid":"0","tid":"0x10e71b5c0","ts":"363436846030"},{"cat":"function","dur":"8","name":"render","ph":"X","pid":"0","tid":"0x10e71b5c0","ts":"363436846047"},{"cat":"function","dur":"224","name":"renderFrame","ph":"X","pid":"0","tid":"0x10e71b5c0","ts":"363436846008"},{"cat":"function","dur":"11","name":"renderLine","ph":"X","pid":"0","tid":"0x10e71b5c0","ts":"363436846245"},{"cat":"function","dur":"7","name":"renderLine","ph":"X","pid":"0","tid":"0x10e71b5c0","ts":"363436846267"},{"cat":"function","dur":"16997","name":"loop","ph":"X","pid":"0","tid":"0x10e71b5c0","ts":"363436845891"},{"cat":"function","dur":"38","name":"renderCircle","ph":"X","pid":"0","tid":"0x10e71b5c0","ts":"363436862949"},{"cat":"function","dur":"11","name":"renderQuad","ph":"X","pid":"0","tid":"0x10e71b5c0","ts":"363436863000"},{"cat":"function","dur":"95","name":"renderLine","ph":"X","pid":"0","tid":"0x10e71b5c0","ts":"363436863030"},{"cat":"function","dur":"14","name":"render","ph":"X","pid":"0","tid":"0x10e71b5c0","ts":"363436863139"},{"cat":"function","dur":"9","name":"render","ph":"X","pid":"0","tid":"0x10e71b5c0","ts":"363436863162"},{"cat":"function","dur":"8","name":"render","ph":"X","pid":"0","tid":"0x10e71b5c0","ts":"363436863179"},{"cat":"function","dur":"3319","name":"renderFrame","ph":"X","pid":"0","tid":"0x10e71b5c0","ts":"363436863138"},{"cat":"function","dur":"53","name":"renderLine","ph":"X","pid":"0","tid":"0x10e71b5c0","ts":"363436866484"},{"cat":"function","dur":"37","name":"renderLine","ph":"X","pid":"0","tid":"0x10e71b5c0","ts":"363436866552"},{"cat":"function","dur":"19837","name":"loop","ph":"X","pid":"0","tid":"0x10e71b5c0","ts":"363436862927"},{"cat":"function","dur":"28","name":"renderCircle","ph":"X","pid":"0","tid":"0x10e71b5c0","ts":"363436882824"},{"cat":"function","dur":"12","name":"renderQuad","ph":"X","pid":"0","tid":"0x10e71b5c0","ts":"363436882865"},{"cat":"function","dur":"18","name":"renderLine","ph":"X","pid":"0","tid":"0x10e71b5c0","ts":"363436882897"},{"cat":"function","dur":"14","name":"render","ph":"X","pid":"0","tid":"0x10e71b5c0","ts":"363436882925"},{"cat":"function","dur":"9","name":"render","ph":"X","pid":"0","tid":"0x10e71b5c0","ts":"363436882948"},{"cat":"function","dur":"14","name":"render","ph":"X","pid":"0","tid":"0x10e71b5c0","ts":"363436882966"},{"cat":"function","dur":"261","name":"renderFrame","ph":"X","pid":"0","tid":"0x10e71b5c0","ts":"363436882925"},{"cat":"function","dur":"12","name":"renderLine","ph":"X","pid":"0","tid":"0x10e71b5c0","ts":"363436883201"},{"cat":"function","dur":"7","name":"renderLine","ph":"X","pid":"0","tid":"0x10e71b5c0","ts":"363436883225"},{"cat":"function","dur":"26553","name":"loop","ph":"X","pid":"0","tid":"0x10e71b5c0","ts":"363436882805"},{"cat":"function","dur":"34","name":"renderCircle","ph":"X","pid":"0","tid":"0x10e71b5c0","ts":"363436909414"},{"cat":"function","dur":"12","name":"renderQuad","ph":"X","pid":"0","tid":"0x10e71b5c0","ts":"363436909461"},{"cat":"function","dur":"22","name":"renderLine","ph":"X","pid":"0","tid":"0x10e71b5c0","ts":"363436909493"},{"cat":"function","dur":"13","name":"render","ph":"X","pid":"0","tid":"0x10e71b5c0","ts":"363436909526"},{"cat":"function","dur":"9","name":"render","ph":"X","pid":"0","tid":"0x10e71b5c0","ts":"363436909548"},{"cat":"function","dur":"8","name":"render","ph":"X","pid":"0","tid":"0x10e71b5c0","ts":"363436909565"},{"cat":"function","dur":"227","name":"renderFrame","ph":"X","pid":"0","tid":"0x10e71b5c0","ts":"363436909525"},{"cat":"function","dur":"11","name":"renderLine","ph":"X","pid":"0","tid":"0x10e71b5c0","ts":"363436909766"},{"cat":"function","dur":"7","name":"renderLine","ph":"X","pid":"0","tid":"0x10e71b5c0","ts":"363436909788"},{"cat":"function","dur":"17255","name":"loop","ph":"X","pid":"0","tid":"0x10e71b5c0","ts":"363436909396"},{"cat":"function","dur":"37","name":"renderCircle","ph":"X","pid":"0","tid":"0x10e71b5c0","ts":"363436926720"},{"cat":"function","dur":"11","name":"renderQuad","ph":"X","pid":"0","tid":"0x10e71b5c0","ts":"363436926770"},{"cat":"function","dur":"24","name":"renderLine","ph":"X","pid":"0","tid":"0x10e71b5c0","ts":"363436926802"},{"cat":"function","dur":"15","name":"render","ph":"X","pid":"0","tid":"0x10e71b5c0","ts":"363436926837"},{"cat":"function","dur":"10","name":"render","ph":"X","pid":"0","tid":"0x10e71b5c0","ts":"363436926861"},{"cat":"function","dur":"8","name":"render","ph":"X","pid":"0","tid":"0x10e71b5c0","ts":"363436926879"},{"cat":"function","dur":"253","name":"renderFrame","ph":"X","pid":"0","tid":"0x10e71b5c0","ts":"363436926836"},{"cat":"function","dur":"12","name":"renderLine","ph":"X","pid":"0","tid":"0x10e71b5c0","ts":"363436927104"},{"cat":"function","dur":"8","name":"renderLine","ph":"X","pid":"0","tid":"0x10e71b5c0","ts":"363436927126"},{"cat":"function","dur":"17433","name":"loop","ph":"X","pid":"0","tid":"0x10e71b5c0","ts":"363436926696"},{"cat":"function","dur":"38","name":"renderCircle","ph":"X","pid":"0","tid":"0x10e71b5c0","ts":"363436944185"},{"cat":"function","dur":"11","name":"renderQuad","ph":"X","pid":"0","tid":"0x10e71b5c0","ts":"363436944236"},{"cat":"function","dur":"18","name":"renderLine","ph":"X","pid":"0","tid":"0x10e71b5c0","ts":"363436944268"},{"cat":"function","dur":"13","name":"render","ph":"X","pid":"0","tid":"0x10e71b5c0","ts":"363436944297"},{"cat":"function","dur":"9","name":"render","ph":"X","pid":"0","tid":"0x10e71b5c0","ts":"363436944319"},{"cat":"function","dur":"8","name":"render","ph":"X","pid":"0","tid":"0x10e71b5c0","ts":"363436944336"},{"cat":"function","dur":"226","name":"renderFrame","ph":"X","pid":"0","tid":"0x10e71b5c0","ts":"363436944296"},{"cat":"function","dur":"11","name":"renderLine","ph":"X","pid":"0","tid":"0x10e71b5c0","ts":"363436944555"},{"cat":"function","dur":"8","name":"renderLine","ph":"X","pid":"0","tid":"0x10e71b5c0","ts":"363436944578"},{"cat":"function","dur":"16858","name":"loop","ph":"X","pid":"0","tid":"0x10e71b5c0","ts":"363436944164"},{"cat":"function","dur":"44","name":"renderCircle","ph":"X","pid":"0","tid":"0x10e71b5c0","ts":"363436961095"},{"cat":"function","dur":"12","name":"renderQuad","ph":"X","pid":"0","tid":"0x10e71b5c0","ts":"363436961152"},{"cat":"function","dur":"18","name":"renderLine","ph":"X","pid":"0","tid":"0x10e71b5c0","ts":"363436961186"},{"cat":"function","dur":"17","name":"render","ph":"X","pid":"0","tid":"0x10e71b5c0","ts":"363436961215"},{"cat":"function","dur":"13","name":"render","ph":"X","pid":"0","tid":"0x10e71b5c0","ts":"363436961245"},{"cat":"function","dur":"9","name":"render","ph":"X","pid":"0","tid":"0x10e71b5c0","ts":"363436961267"},{"cat":"function","dur":"283","name":"renderFrame","ph":"X","pid":"0","tid":"0x10e71b5c0","ts":"363436961214"},{"cat":"function","dur":"13","name":"renderLine","ph":"X","pid":"0","tid":"0x10e71b5c0","ts":"363436961514"},{"cat":"function","dur":"8","name":"renderLine","ph":"X","pid":"0","tid":"0x10e71b5c0","ts":"363436961538"},{"cat":"function","dur":"27058","name":"loop","ph":"X","pid":"0","tid":"0x10e71b5c0","ts":"363436961069"},{"cat":"function","dur":"37","name":"renderCircle","ph":"X","pid":"0","tid":"0x10e71b5c0","ts":"363436988190"},{"cat":"function","dur":"12","name":"renderQuad","ph":"X","pid":"0","tid":"0x10e71b5c0","ts":"363436988241"},{"cat":"function","dur":"19","name":"renderLine","ph":"X","pid":"0","tid":"0x10e71b5c0","ts":"363436988274"},{"cat":"function","dur":"14","name":"render","ph":"X","pid":"0","tid":"0x10e71b5c0","ts":"363436988304"},{"cat":"function","dur":"9","name":"render","ph":"X","pid":"0","tid":"0x10e71b5c0","ts":"363436988327"},{"cat":"function","dur":"8","name":"render","ph":"X","pid":"0","tid":"0x10e71b5c0","ts":"363436988345"},{"cat":"function","dur":"233","name":"renderFrame","ph":"X","pid":"0","tid":"0x10e71b5c0","ts":"363436988303"},{"cat":"function","dur":"12","name":"renderLine","ph":"X","pid":"0","tid":"0x10e71b5c0","ts":"363436988550"},{"cat":"function","dur":"7","name":"renderLine","ph":"X","pid":"0","tid":"0x10e71b5c0","ts":"363436988573"},{"cat":"function","dur":"16848","name":"loop","ph":"X","pid":"0","tid":"0x10e71b5c0","ts":"363436988172"},{"cat":"function","dur":"63","name":"renderCircle","ph":"X","pid":"0","tid":"0x10e71b5c0","ts":"363437005097"},{"cat":"function","dur":"21","name":"renderQuad","ph":"X","pid":"0","tid":"0x10e71b5c0","ts":"363437005198"},{"cat":"function","dur":"20","name":"renderLine","ph":"X","pid":"0","tid":"0x10e71b5c0","ts":"363437005243"},{"cat":"function","dur":"15","name":"render","ph":"X","pid":"0","tid":"0x10e71b5c0","ts":"363437005274"},{"cat":"function","dur":"36","name":"render","ph":"X","pid":"0","tid":"0x10e71b5c0","ts":"363437005315"},{"cat":"function","dur":"12","name":"render","ph":"X","pid":"0","tid":"0x10e71b5c0","ts":"363437005373"},{"cat":"function","dur":"320","name":"renderFrame","ph":"X","pid":"0","tid":"0x10e71b5c0","ts":"363437005274"},{"cat":"function","dur":"18","name":"renderLine","ph":"X","pid":"0","tid":"0x10e71b5c0","ts":"363437005636"},{"cat":"function","dur":"9","name":"renderLine","ph":"X","pid":"0","tid":"0x10e71b5c0","ts":"363437005671"},{"cat":"function","dur":"16957","name":"loop","ph":"X","pid":"0","tid":"0x10e71b5c0","ts":"363437005070"},{"cat":"function","dur":"28","name":"renderCircle","ph":"X","pid":"0","tid":"0x10e71b5c0","ts":"363437022081"},{"cat":"function","dur":"11","name":"renderQuad","ph":"X","pid":"0","tid":"0x10e71b5c0","ts":"363437022121"},{"cat":"function","dur":"17","name":"renderLine","ph":"X","pid":"0","tid":"0x10e71b5c0","ts":"363437022151"},{"cat":"function","dur":"13","name":"render","ph":"X","pid":"0","tid":"0x10e71b5c0","ts":"363437022178"},{"cat":"function","dur":"9","name":"render","ph":"X","pid":"0","tid":"0x10e71b5c0","ts":"363437022199"},{"cat":"function","dur":"14","name":"render","ph":"X","pid":"0","tid":"0x10e71b5c0","ts":"363437022243"},{"cat":"function","dur":"254","name":"renderFrame","ph":"X","pid":"0","tid":"0x10e71b5c0","ts":"363437022178"},{"cat":"function","dur":"11","name":"renderLine","ph":"X","pid":"0","tid":"0x10e71b5c0","ts":"363437022445"},{"cat":"function","dur":"8","name":"renderLine","ph":"X","pid":"0","tid":"0x10e71b5c0","ts":"363437022465"},{"cat":"function","dur":"16205","name":"loop","ph":"X","pid":"0","tid":"0x10e71b5c0","ts":"363437022062"},{"cat":"function","dur":"52","name":"renderCircle","ph":"X","pid":"0","tid":"0x10e71b5c0","ts":"363437038361"},{"cat":"function","dur":"17","name":"renderQuad","ph":"X","pid":"0","tid":"0x10e71b5c0","ts":"363437038430"},{"cat":"function","dur":"28","name":"renderLine","ph":"X","pid":"0","tid":"0x10e71b5c0","ts":"363437038475"},{"cat":"function","dur":"20","name":"render","ph":"X","pid":"0","tid":"0x10e71b5c0","ts":"363437038517"},{"cat":"function","dur":"12","name":"render","ph":"X","pid":"0","tid":"0x10e71b5c0","ts":"363437038550"},{"cat":"function","dur":"15","name":"render","ph":"X","pid":"0","tid":"0x10e71b5c0","ts":"363437038594"},{"cat":"function","dur":"287","name":"renderFrame","ph":"X","pid":"0","tid":"0x10e71b5c0","ts":"363437038516"},{"cat":"function","dur":"12","name":"renderLine","ph":"X","pid":"0","tid":"0x10e71b5c0","ts":"363437038818"},{"cat":"function","dur":"8","name":"renderLine","ph":"X","pid":"0","tid":"0x10e71b5c0","ts":"363437038842"},{"cat":"function","dur":"17260","name":"loop","ph":"X","pid":"0","tid":"0x10e71b5c0","ts":"363437038332"},{"cat":"function","dur":"70","name":"renderCircle","ph":"X","pid":"0","tid":"0x10e71b5c0","ts":"363437055725"},{"cat":"function","dur":"13","name":"renderQuad","ph":"X","pid":"0","tid":"0x10e71b5c0","ts":"363437055808"},{"cat":"function","dur":"22","name":"renderLine","ph":"X","pid":"0","tid":"0x10e71b5c0","ts":"363437055847"},{"cat":"function","dur":"19","name":"render","ph":"X","pid":"0","tid":"0x10e71b5c0","ts":"363437055879"},{"cat":"function","dur":"9","name":"render","ph":"X","pid":"0","tid":"0x10e71b5c0","ts":"363437055906"},{"cat":"function","dur":"17","name":"render","ph":"X","pid":"0","tid":"0x10e71b5c0","ts":"363437055922"},{"cat":"function","dur":"271","name":"renderFrame","ph":"X","pid":"0","tid":"0x10e71b5c0","ts":"363437055878"},{"cat":"function","dur":"12","name":"renderLine","ph":"X","pid":"0","tid":"0x10e71b5c0","ts":"363437056165"},{"cat":"function","dur":"8","name":"renderLine","ph":"X","pid":"0","tid":"0x10e71b5c0","ts":"363437056188"},{"cat":"function","dur":"17563","name":"loop","ph":"X","pid":"0","tid":"0x10e71b5c0","ts":"363437055681"},{"cat":"function","dur":"36","name":"renderCircle","ph":"X","pid":"0","tid":"0x10e71b5c0","ts":"363437073354"},{"cat":"function","dur":"14","name":"renderQuad","ph":"X","pid":"0","tid":"0x10e71b5c0","ts":"363437073407"},{"cat":"function","dur":"21","name":"renderLine","ph":"X","pid":"0","tid":"0x10e71b5c0","ts":"363437073449"},{"cat":"function","dur":"24","name":"render","ph":"X","pid":"0","tid":"0x10e71b5c0","ts":"363437073485"},{"cat":"function","dur":"12","name":"render","ph":"X","pid":"0","tid":"0x10e71b5c0","ts":"363437073522"},{"cat":"function","dur":"11","name":"render","ph":"X","pid":"0","tid":"0x10e71b5c0","ts":"363437073545"},{"cat":"function","dur":"296","name":"renderFrame","ph":"X","pid":"0","tid":"0x10e71b5c0","ts":"363437073484"},{"cat":"function","dur":"16","name":"renderLine","ph":"X","pid":"0","tid":"0x10e71b5c0","ts":"363437073801"},{"cat":"function","dur":"8","name":"renderLine","ph":"X","pid":"0","tid":"0x10e71b5c0","ts":"363437073829"},{"cat":"function","dur":"16776","name":"loop","ph":"X","pid":"0","tid":"0x10e71b5c0","ts":"363437073325"},{"cat":"function","dur":"36","name":"renderCircle","ph":"X","pid":"0","tid":"0x10e71b5c0","ts":"363437090172"},{"cat":"function","dur":"12","name":"renderQuad","ph":"X","pid":"0","tid":"0x10e71b5c0","ts":"363437090222"},{"cat":"function","dur":"18","name":"renderLine","ph":"X","pid":"0","tid":"0x10e71b5c0","ts":"363437090255"},{"cat":"function","dur":"20","name":"render","ph":"X","pid":"0","tid":"0x10e71b5c0","ts":"363437090304"},{"cat":"function","dur":"10","name":"render","ph":"X","pid":"0","tid":"0x10e71b5c0","ts":"363437090334"},{"cat":"function","dur":"9","name":"render","ph":"X","pid":"0","tid":"0x10e71b5c0","ts":"363437090352"},{"cat":"function","dur":"238","name":"renderFrame","ph":"X","pid":"0","tid":"0x10e71b5c0","ts":"363437090303"},{"cat":"function","dur":"11","name":"renderLine","ph":"X","pid":"0","tid":"0x10e71b5c0","ts":"363437090555"},{"cat":"function","dur":"8","name":"renderLine","ph":"X","pid":"0","tid":"0x10e71b5c0","ts":"363437090577"},{"cat":"function","dur":"16926","name":"loop","ph":"X","pid":"0","tid":"0x10e71b5c0","ts":"363437090146"},{"cat":"function","dur":"43","name":"renderCircle","ph":"X","pid":"0","tid":"0x10e71b5c0","ts":"363437107141"},{"cat":"function","dur":"12","name":"renderQuad","ph":"X","pid":"0","tid":"0x10e71b5c0","ts":"363437107199"},{"cat":"function","dur":"18","name":"renderLine","ph":"X","pid":"0","tid":"0x10e71b5c0","ts":"363437107232"},{"cat":"function","dur":"19","name":"render","ph":"X","pid":"0","tid":"0x10e71b5c0","ts":"363437107261"},{"cat":"function","dur":"10","name":"render","ph":"X","pid":"0","tid":"0x10e71b5c0","ts":"363437107289"},{"cat":"function","dur":"9","name":"render","ph":"X","pid":"0","tid":"0x10e71b5c0","ts":"363437107307"},{"cat":"function","dur":"280","name":"renderFrame","ph":"X","pid":"0","tid":"0x10e71b5c0","ts":"363437107260"},{"cat":"function","dur":"14","name":"renderLine","ph":"X","pid":"0","tid":"0x10e71b5c0","ts":"363437107587"},{"cat":"function","dur":"9","name":"renderLine","ph":"X","pid":"0","tid":"0x10e71b5c0","ts":"363437107614"},{"cat":"function","dur":"17073","name":"loop","ph":"X","pid":"0","tid":"0x10e71b5c0","ts":"363437107119"},{"cat":"function","dur":"49","name":"renderCircle","ph":"X","pid":"0","tid":"0x10e71b5c0","ts":"363437124304"},{"cat":"function","dur":"11","name":"renderQuad","ph":"X","pid":"0","tid":"0x10e71b5c0","ts":"363437124365"},{"cat":"function","dur":"17","name":"renderLine","ph":"X","pid":"0","tid":"0x10e71b5c0","ts":"363437124397"},{"cat":"function","dur":"13","name":"render","ph":"X","pid":"0","tid":"0x10e71b5c0","ts":"363437124424"},{"cat":"function","dur":"9","name":"render","ph":"X","pid":"0","tid":"0x10e71b5c0","ts":"363437124445"},{"cat":"function","dur":"8","name":"render","ph":"X","pid":"0","tid":"0x10e71b5c0","ts":"363437124461"},{"cat":"function","dur":"216","name":"renderFrame","ph":"X","pid":"0","tid":"0x10e71b5c0","ts":"363437124423"},{"cat":"function","dur":"10","name":"renderLine","ph":"X","pid":"0","tid":"0x10e71b5c0","ts":"363437124652"},{"cat":"function","dur":"7","name":"renderLine","ph":"X","pid":"0","tid":"0x10e71b5c0","ts":"363437124672"},{"cat":"function","dur":"17078","name":"loop","ph":"X","pid":"0","tid":"0x10e71b5c0","ts":"363437124269"},{"cat":"function","dur":"67","name":"renderCircle","ph":"X","pid":"0","tid":"0x10e71b5c0","ts":"363437141456"},{"cat":"function","dur":"26","name":"renderQuad","ph":"X","pid":"0","tid":"0x10e71b5c0","ts":"363437141553"},{"cat":"function","dur":"37","name":"renderLine","ph":"X","pid":"0","tid":"0x10e71b5c0","ts":"363437141626"},{"cat":"function","dur":"29","name":"render","ph":"X","pid":"0","tid":"0x10e71b5c0","ts":"363437141689"},{"cat":"function","dur":"21","name":"render","ph":"X","pid":"0","tid":"0x10e71b5c0","ts":"363437141739"},{"cat":"function","dur":"20","name":"render","ph":"X","pid":"0","tid":"0x10e71b5c0","ts":"363437141780"},{"cat":"function","dur":"532","name":"renderFrame","ph":"X","pid":"0","tid":"0x10e71b5c0","ts":"363437141687"},{"cat":"function","dur":"27","name":"renderLine","ph":"X","pid":"0","tid":"0x10e71b5c0","ts":"363437142254"},{"cat":"function","dur":"19","name":"renderLine","ph":"X","pid":"0","tid":"0x10e71b5c0","ts":"363437142306"},{"cat":"function","dur":"16882","name":"loop","ph":"X","pid":"0","tid":"0x10e71b5c0","ts":"363437141418"},{"cat":"function","dur":"39","name":"renderCircle","ph":"X","pid":"0","tid":"0x10e71b5c0","ts":"363437158359"},{"cat":"function","dur":"11","name":"renderQuad","ph":"X","pid":"0","tid":"0x10e71b5c0","ts":"363437158427"},{"cat":"function","dur":"17","name":"renderLine","ph":"X","pid":"0","tid":"0x10e71b5c0","ts":"363437158457"},{"cat":"function","dur":"13","name":"render","ph":"X","pid":"0","tid":"0x10e71b5c0","ts":"363437158484"},{"cat":"function","dur":"8","name":"render","ph":"X","pid":"0","tid":"0x10e71b5c0","ts":"363437158505"},{"cat":"function","dur":"7","name":"render","ph":"X","pid":"0","tid":"0x10e71b5c0","ts":"363437158520"},{"cat":"function","dur":"207","name":"renderFrame","ph":"X","pid":"0","tid":"0x10e71b5c0","ts":"363437158483"},{"cat":"function","dur":"10","name":"renderLine","ph":"X","pid":"0","tid":"0x10e71b5c0","ts":"363437158702"},{"cat":"function","dur":"7","name":"renderLine","ph":"X","pid":"0","tid":"0x10e71b5c0","ts":"363437158721"},{"cat":"function","dur":"16258","name":"loop","ph":"X","pid":"0","tid":"0x10e71b5c0","ts":"363437158340"},{"cat":"function","dur":"36","name":"renderCircle","ph":"X","pid":"0","tid":"0x10e71b5c0","ts":"363437174657"},{"cat":"function","dur":"11","name":"renderQuad","ph":"X","pid":"0","tid":"0x10e71b5c0","ts":"363437174705"},{"cat":"function","dur":"16","name":"renderLine","ph":"X","pid":"0","tid":"0x10e71b5c0","ts":"363437174735"},{"cat":"function","dur":"13","name":"render","ph":"X","pid":"0","tid":"0x10e71b5c0","ts":"363437174761"},{"cat":"function","dur":"8","name":"render","ph":"X","pid":"0","tid":"0x10e71b5c0","ts":"363437174782"},{"cat":"function","dur":"8","name":"render","ph":"X","pid":"0","tid":"0x10e71b5c0","ts":"363437174798"},{"cat":"function","dur":"234","name":"renderFrame","ph":"X","pid":"0","tid":"0x10e71b5c0","ts":"363437174761"},{"cat":"function","dur":"11","name":"renderLine","ph":"X","pid":"0","tid":"0x10e71b5c0","ts":"363437175009"},{"cat":"function","dur":"7","name":"renderLine","ph":"X","pid":"0","tid":"0x10e71b5c0","ts":"363437175030"},{"cat":"function","dur":"16781","name":"loop","ph":"X","pid":"0","tid":"0x10e71b5c0","ts":"363437174638"},{"cat":"function","dur":"32","name":"renderCircle","ph":"X","pid":"0","tid":"0x10e71b5c0","ts":"363437191485"},{"cat":"function","dur":"12","name":"renderQuad","ph":"X","pid":"0","tid":"0x10e71b5c0","ts":"363437191532"},{"cat":"function","dur":"21","name":"renderLine","ph":"X","pid":"0","tid":"0x10e71b5c0","ts":"363437191565"},{"cat":"function","dur":"16","name":"render","ph":"X","pid":"0","tid":"0x10e71b5c0","ts":"363437191596"},{"cat":"function","dur":"9","name":"render","ph":"X","pid":"0","tid":"0x10e71b5c0","ts":"363437191622"},{"cat":"function","dur":"8","name":"render","ph":"X","pid":"0","tid":"0x10e71b5c0","ts":"363437191640"},{"cat":"function","dur":"245","name":"renderFrame","ph":"X","pid":"0","tid":"0x10e71b5c0","ts":"363437191596"},{"cat":"function","dur":"12","name":"renderLine","ph":"X","pid":"0","tid":"0x10e71b5c0","ts":"363437191855"},{"cat":"function","dur":"8","name":"renderLine","ph":"X","pid":"0","tid":"0x10e71b5c0","ts":"363437191877"},{"cat":"function","dur":"17642","name":"loop","ph":"X","pid":"0","tid":"0x10e71b5c0","ts":"363437191464"},{"cat":"function","dur":"27","name":"renderCircle","ph":"X","pid":"0","tid":"0x10e71b5c0","ts":"363437209166"},{"cat":"function","dur":"11","name":"renderQuad","ph":"X","pid":"0","tid":"0x10e71b5c0","ts":"363437209205"},{"cat":"function","dur":"16","name":"renderLine","ph":"X","pid":"0","tid":"0x10e71b5c0","ts":"363437209236"},{"cat":"function","dur":"12","name":"render","ph":"X","pid":"0","tid":"0x10e71b5c0","ts":"363437209262"},{"cat":"function","dur":"9","name":"render","ph":"X","pid":"0","tid":"0x10e71b5c0","ts":"363437209282"},{"cat":"function","dur":"7","name":"render","ph":"X","pid":"0","tid":"0x10e71b5c0","ts":"363437209299"},{"cat":"function","dur":"239","name":"renderFrame","ph":"X","pid":"0","tid":"0x10e71b5c0","ts":"363437209261"},{"cat":"function","dur":"12","name":"renderLine","ph":"X","pid":"0","tid":"0x10e71b5c0","ts":"363437209514"},{"cat":"function","dur":"7","name":"renderLine","ph":"X","pid":"0","tid":"0x10e71b5c0","ts":"363437209536"},{"cat":"function","dur":"17195","name":"loop","ph":"X","pid":"0","tid":"0x10e71b5c0","ts":"363437209146"},{"cat":"function","dur":"36","name":"renderCircle","ph":"X","pid":"0","tid":"0x10e71b5c0","ts":"363437226416"},{"cat":"function","dur":"11","name":"renderQuad","ph":"X","pid":"0","tid":"0x10e71b5c0","ts":"363437226466"},{"cat":"function","dur":"18","name":"renderLine","ph":"X","pid":"0","tid":"0x10e71b5c0","ts":"363437226500"},{"cat":"function","dur":"84","name":"render","ph":"X","pid":"0","tid":"0x10e71b5c0","ts":"363437226529"},{"cat":"function","dur":"13","name":"render","ph":"X","pid":"0","tid":"0x10e71b5c0","ts":"363437226628"},{"cat":"function","dur":"9","name":"render","ph":"X","pid":"0","tid":"0x10e71b5c0","ts":"363437226650"},{"cat":"function","dur":"325","name":"renderFrame","ph":"X","pid":"0","tid":"0x10e71b5c0","ts":"363437226529"},{"cat":"function","dur":"15","name":"renderLine","ph":"X","pid":"0","tid":"0x10e71b5c0","ts":"363437226874"},{"cat":"function","dur":"8","name":"renderLine","ph":"X","pid":"0","tid":"0x10e71b5c0","ts":"363437226902"},{"cat":"function","dur":"17237","name":"loop","ph":"X","pid":"0","tid":"0x10e71b5c0","ts":"363437226390"},{"cat":"function","dur":"35","name":"renderCircle","ph":"X","pid":"0","tid":"0x10e71b5c0","ts":"363437243690"},{"cat":"function","dur":"11","name":"renderQuad","ph":"X","pid":"0","tid":"0x10e71b5c0","ts":"363437243737"},{"cat":"function","dur":"17","name":"renderLine","ph":"X","pid":"0","tid":"0x10e71b5c0","ts":"363437243769"},{"cat":"function","dur":"18","name":"render","ph":"X","pid":"0","tid":"0x10e71b5c0","ts":"363437243797"},{"cat":"function","dur":"9","name":"render","ph":"X","pid":"0","tid":"0x10e71b5c0","ts":"363437243825"},{"cat":"function","dur":"8","name":"render","ph":"X","pid":"0","tid":"0x10e71b5c0","ts":"363437243842"},{"cat":"function","dur":"249","name":"renderFrame","ph":"X","pid":"0","tid":"0x10e71b5c0","ts":"363437243796"},{"cat":"function","dur":"12","name":"renderLine","ph":"X","pid":"0","tid":"0x10e71b5c0","ts":"363437244060"},{"cat":"function","dur":"8","name":"renderLine","ph":"X","pid":"0","tid":"0x10e71b5c0","ts":"363437244082"},{"cat":"function","dur":"17641","name":"loop","ph":"X","pid":"0","tid":"0x10e71b5c0","ts":"363437243669"},{"cat":"function","dur":"31","name":"renderCircle","ph":"X","pid":"0","tid":"0x10e71b5c0","ts":"363437261366"},{"cat":"function","dur":"15","name":"renderQuad","ph":"X","pid":"0","tid":"0x10e71b5c0","ts":"363437261410"},{"cat":"function","dur":"17","name":"renderLine","ph":"X","pid":"0","tid":"0x10e71b5c0","ts":"363437261447"},{"cat":"function","dur":"14","name":"render","ph":"X","pid":"0","tid":"0x10e71b5c0","ts":"363437261475"},{"cat":"function","dur":"9","name":"render","ph":"X","pid":"0","tid":"0x10e71b5c0","ts":"363437261498"},{"cat":"function","dur":"8","name":"render","ph":"X","pid":"0","tid":"0x10e71b5c0","ts":"363437261515"},{"cat":"function","dur":"230","name":"renderFrame","ph":"X","pid":"0","tid":"0x10e71b5c0","ts":"363437261475"},{"cat":"function","dur":"12","name":"renderLine","ph":"X","pid":"0","tid":"0x10e71b5c0","ts":"363437261723"},{"cat":"function","dur":"8","name":"renderLine","ph":"X","pid":"0","tid":"0x10e71b5c0","ts":"363437261746"},{"cat":"function","dur":"18171","name":"loop","ph":"X","pid":"0","tid":"0x10e71b5c0","ts":"363437261348"},{"cat":"function","dur":"61","name":"renderCircle","ph":"X","pid":"0","tid":"0x10e71b5c0","ts":"363437279646"},{"cat":"function","dur":"35","name":"renderQuad","ph":"X","pid":"0","tid":"0x10e71b5c0","ts":"363437279738"},{"cat":"function","dur":"36","name":"renderLine","ph":"X","pid":"0","tid":"0x10e71b5c0","ts":"363437279824"},{"cat":"function","dur":"30","name":"render","ph":"X","pid":"0","tid":"0x10e71b5c0","ts":"363437279886"},{"cat":"function","dur":"21","name":"render","ph":"X","pid":"0","tid":"0x10e71b5c0","ts":"363437279939"},{"cat":"function","dur":"18","name":"render","ph":"X","pid":"0","tid":"0x10e71b5c0","ts":"363437279980"},{"cat":"function","dur":"557","name":"renderFrame","ph":"X","pid":"0","tid":"0x10e71b5c0","ts":"363437279885"},{"cat":"function","dur":"23","name":"renderLine","ph":"X","pid":"0","tid":"0x10e71b5c0","ts":"363437280548"},{"cat":"function","dur":"13","name":"renderLine","ph":"X","pid":"0","tid":"0x10e71b5c0","ts":"363437280591"},{"cat":"function","dur":"17290","name":"loop","ph":"X","pid":"0","tid":"0x10e71b5c0","ts":"363437279601"},{"cat":"function","dur":"48","name":"renderCircle","ph":"X","pid":"0","tid":"0x10e71b5c0","ts":"363437297010"},{"cat":"function","dur":"19","name":"renderQuad","ph":"X","pid":"0","tid":"0x10e71b5c0","ts":"363437297072"},{"cat":"function","dur":"22","name":"renderLine","ph":"X","pid":"0","tid":"0x10e71b5c0","ts":"363437297115"},{"cat":"function","dur":"15","name":"render","ph":"X","pid":"0","tid":"0x10e71b5c0","ts":"363437297148"},{"cat":"function","dur":"10","name":"render","ph":"X","pid":"0","tid":"0x10e71b5c0","ts":"363437297172"},{"cat":"function","dur":"8","name":"render","ph":"X","pid":"0","tid":"0x10e71b5c0","ts":"363437297191"},{"cat":"function","dur":"245","name":"renderFrame","ph":"X","pid":"0","tid":"0x10e71b5c0","ts":"363437297147"},{"cat":"function","dur":"11","name":"renderLine","ph":"X","pid":"0","tid":"0x10e71b5c0","ts":"363437297406"},{"cat":"function","dur":"8","name":"renderLine","ph":"X","pid":"0","tid":"0x10e71b5c0","ts":"363437297428"},{"cat":"function","dur":"17672","name":"loop","ph":"X","pid":"0","tid":"0x10e71b5c0","ts":"363437296972"},{"cat":"function","dur":"32","name":"renderCircle","ph":"X","pid":"0","tid":"0x10e71b5c0","ts":"363437314705"},{"cat":"function","dur":"15","name":"renderQuad","ph":"X","pid":"0","tid":"0x10e71b5c0","ts":"363437314749"},{"cat":"function","dur":"17","name":"renderLine","ph":"X","pid":"0","tid":"0x10e71b5c0","ts":"363437314784"},{"cat":"function","dur":"13","name":"render","ph":"X","pid":"0","tid":"0x10e71b5c0","ts":"363437314811"},{"cat":"function","dur":"8","name":"render","ph":"X","pid":"0","tid":"0x10e71b5c0","ts":"363437314832"},{"cat":"function","dur":"7","name":"render","ph":"X","pid":"0","tid":"0x10e71b5c0","ts":"363437314848"},{"cat":"function","dur":"213","name":"renderFrame","ph":"X","pid":"0","tid":"0x10e71b5c0","ts":"363437314810"},{"cat":"function","dur":"11","name":"renderLine","ph":"X","pid":"0","tid":"0x10e71b5c0","ts":"363437315036"},{"cat":"function","dur":"6","name":"renderLine","ph":"X","pid":"0","tid":"0x10e71b5c0","ts":"363437315057"},{"cat":"function","dur":"16972","name":"loop","ph":"X","pid":"0","tid":"0x10e71b5c0","ts":"363437314682"},{"cat":"function","dur":"65","name":"renderCircle","ph":"X","pid":"0","tid":"0x10e71b5c0","ts":"363437331788"},{"cat":"function","dur":"39","name":"renderQuad","ph":"X","pid":"0","tid":"0x10e71b5c0","ts":"363437331888"},{"cat":"function","dur":"56","name":"renderLine","ph":"X","pid":"0","tid":"0x10e71b5c0","ts":"363437332022"},{"cat":"function","dur":"41","name":"render","ph":"X","pid":"0","tid":"0x10e71b5c0","ts":"363437332137"},{"cat":"function","dur":"26","name":"render","ph":"X","pid":"0","tid":"0x10e71b5c0","ts":"363437332209"},{"cat":"function","dur":"21","name":"render","ph":"X","pid":"0","tid":"0x10e71b5c0","ts":"363437332257"},{"cat":"function","dur":"646","name":"renderFrame","ph":"X","pid":"0","tid":"0x10e71b5c0","ts":"363437332135"},{"cat":"function","dur":"27","name":"renderLine","ph":"X","pid":"0","tid":"0x10e71b5c0","ts":"363437332818"},{"cat":"function","dur":"12","name":"renderLine","ph":"X","pid":"0","tid":"0x10e71b5c0","ts":"363437332863"},{"cat":"function","dur":"16381","name":"loop","ph":"X","pid":"0","tid":"0x10e71b5c0","ts":"363437331741"},{"cat":"function","dur":"61","name":"renderCircle","ph":"X","pid":"0","tid":"0x10e71b5c0","ts":"363437348260"},{"cat":"function","dur":"25","name":"renderQuad","ph":"X","pid":"0","tid":"0x10e71b5c0","ts":"363437348337"},{"cat":"function","dur":"26","name":"renderLine","ph":"X","pid":"0","tid":"0x10e71b5c0","ts":"363437348389"},{"cat":"function","dur":"20","name":"render","ph":"X","pid":"0","tid":"0x10e71b5c0","ts":"363437348426"},{"cat":"function","dur":"10","name":"render","ph":"X","pid":"0","tid":"0x10e71b5c0","ts":"363437348454"},{"cat":"function","dur":"9","name":"render","ph":"X","pid":"0","tid":"0x10e71b5c0","ts":"363437348478"},{"cat":"function","dur":"256","name":"renderFrame","ph":"X","pid":"0","tid":"0x10e71b5c0","ts":"363437348425"},{"cat":"function","dur":"13","name":"renderLine","ph":"X","pid":"0","tid":"0x10e71b5c0","ts":"363437348699"},{"cat":"function","dur":"9","name":"renderLine","ph":"X","pid":"0","tid":"0x10e71b5c0","ts":"363437348725"},{"cat":"function","dur":"16645","name":"loop","ph":"X","pid":"0","tid":"0x10e71b5c0","ts":"363437348210"},{"cat":"function","dur":"28","name":"renderCircle","ph":"X","pid":"0","tid":"0x10e71b5c0","ts":"363437364916"},{"cat":"function","dur":"15","name":"renderQuad","ph":"X","pid":"0","tid":"0x10e71b5c0","ts":"363437364957"},{"cat":"function","dur":"17","name":"renderLine","ph":"X","pid":"0","tid":"0x10e71b5c0","ts":"363437364992"},{"cat":"function","dur":"14","name":"render","ph":"X","pid":"0","tid":"0x10e71b5c0","ts":"363437365019"},{"cat":"function","dur":"9","name":"render","ph":"X","pid":"0","tid":"0x10e71b5c0","ts":"363437365041"},{"cat":"function","dur":"8","name":"render","ph":"X","pid":"0","tid":"0x10e71b5c0","ts":"363437365058"},{"cat":"function","dur":"235","name":"renderFrame","ph":"X","pid":"0","tid":"0x10e71b5c0","ts":"363437365019"},{"cat":"function","dur":"11","name":"renderLine","ph":"X","pid":"0","tid":"0x10e71b5c0","ts":"363437365268"},{"cat":"function","dur":"8","name":"renderLine","ph":"X","pid":"0","tid":"0x10e71b5c0","ts":"363437365289"},{"cat":"function","dur":"17091","name":"loop","ph":"X","pid":"0","tid":"0x10e71b5c0","ts":"363437364895"},{"cat":"function","dur":"37","name":"renderCircle","ph":"X","pid":"0","tid":"0x10e71b5c0","ts":"363437382098"},{"cat":"function","dur":"18","name":"renderQuad","ph":"X","pid":"0","tid":"0x10e71b5c0","ts":"363437382151"},{"cat":"function","dur":"21","name":"renderLine","ph":"X","pid":"0","tid":"0x10e71b5c0","ts":"363437382195"},{"cat":"function","dur":"17","name":"render","ph":"X","pid":"0","tid":"0x10e71b5c0","ts":"363437382229"},{"cat":"function","dur":"12","name":"render","ph":"X","pid":"0","tid":"0x10e71b5c0","ts":"363437382256"},{"cat":"function","dur":"10","name":"render","ph":"X","pid":"0","tid":"0x10e71b5c0","ts":"363437382278"},{"cat":"function","dur":"282","name":"renderFrame","ph":"X","pid":"0","tid":"0x10e71b5c0","ts":"363437382229"},{"cat":"function","dur":"14","name":"renderLine","ph":"X","pid":"0","tid":"0x10e71b5c0","ts":"363437382528"},{"cat":"function","dur":"10","name":"renderLine","ph":"X","pid":"0","tid":"0x10e71b5c0","ts":"363437382555"},{"cat":"function","dur":"17772","name":"loop","ph":"X","pid":"0","tid":"0x10e71b5c0","ts":"363437382073"},{"cat":"function","dur":"27","name":"renderCircle","ph":"X","pid":"0","tid":"0x10e71b5c0","ts":"363437399902"},{"cat":"function","dur":"16","name":"renderQuad","ph":"X","pid":"0","tid":"0x10e71b5c0","ts":"363437399942"},{"cat":"function","dur":"17","name":"renderLine","ph":"X","pid":"0","tid":"0x10e71b5c0","ts":"363437399979"},{"cat":"function","dur":"14","name":"render","ph":"X","pid":"0","tid":"0x10e71b5c0","ts":"363437400006"},{"cat":"function","dur":"9","name":"render","ph":"X","pid":"0","tid":"0x10e71b5c0","ts":"363437400028"},{"cat":"function","dur":"8","name":"render","ph":"X","pid":"0","tid":"0x10e71b5c0","ts":"363437400045"},{"cat":"function","dur":"227","name":"renderFrame","ph":"X","pid":"0","tid":"0x10e71b5c0","ts":"363437400006"},{"cat":"function","dur":"11","name":"renderLine","ph":"X","pid":"0","tid":"0x10e71b5c0","ts":"363437400247"},{"cat":"function","dur":"7","name":"renderLine","ph":"X","pid":"0","tid":"0x10e71b5c0","ts":"363437400269"},{"cat":"function","dur":"17319","name":"loop","ph":"X","pid":"0","tid":"0x10e71b5c0","ts":"363437399885"},{"cat":"function","dur":"24","name":"renderCircle","ph":"X","pid":"0","tid":"0x10e71b5c0","ts":"363437417260"},{"cat":"function","dur":"14","name":"renderQuad","ph":"X","pid":"0","tid":"0x10e71b5c0","ts":"363437417298"},{"cat":"function","dur":"16","name":"renderLine","ph":"X","pid":"0","tid":"0x10e71b5c0","ts":"363437417332"},{"cat":"function","dur":"13","name":"render","ph":"X","pid":"0","tid":"0x10e71b5c0","ts":"363437417362"},{"cat":"function","dur":"9","name":"render","ph":"X","pid":"0","tid":"0x10e71b5c0","ts":"363437417384"},{"cat":"function","dur":"8","name":"render","ph":"X","pid":"0","tid":"0x10e71b5c0","ts":"363437417401"},{"cat":"function","dur":"221","name":"renderFrame","ph":"X","pid":"0","tid":"0x10e71b5c0","ts":"363437417361"},{"cat":"function","dur":"11","name":"renderLine","ph":"X","pid":"0","tid":"0x10e71b5c0","ts":"363437417595"},{"cat":"function","dur":"7","name":"renderLine","ph":"X","pid":"0","tid":"0x10e71b5c0","ts":"363437417617"},{"cat":"function","dur":"96036","name":"loop","ph":"X","pid":"0","tid":"0x10e71b5c0","ts":"363437417245"}],"displayTimeUnit":"ns"}