{"traceEvents":[{"cat":"function","dur":"5907","name":"renderCircle","ph":"X","pid":"0","tid":"0x1117a25c0","ts":"364930656322"},{"cat":"function","dur":"1441","name":"renderQuad","ph":"X","pid":"0","tid":"0x1117a25c0","ts":"364930662297"},{"cat":"function","dur":"890","name":"renderLine","ph":"X","pid":"0","tid":"0x1117a25c0","ts":"364930663785"},{"cat":"function","dur":"1624","name":"render","ph":"X","pid":"0","tid":"0x1117a25c0","ts":"364930664697"},{"cat":"function","dur":"29","name":"render","ph":"X","pid":"0","tid":"0x1117a25c0","ts":"364930666342"},{"cat":"function","dur":"23","name":"render","ph":"X","pid":"0","tid":"0x1117a25c0","ts":"364930666386"},{"cat":"function","dur":"1938","name":"renderFrame","ph":"X","pid":"0","tid":"0x1117a25c0","ts":"364930664697"},{"cat":"function","dur":"42","name":"renderLine","ph":"X","pid":"0","tid":"0x1117a25c0","ts":"364930666657"},{"cat":"function","dur":"36","name":"renderLine","ph":"X","pid":"0","tid":"0x1117a25c0","ts":"364930666724"},{"cat":"function","dur":"114611","name":"loop","ph":"X","pid":"0","tid":"0x1117a25c0","ts":"364930656291"},{"cat":"function","dur":"34","name":"renderCircle","ph":"X","pid":"0","tid":"0x1117a25c0","ts":"364930770962"},{"cat":"function","dur":"11","name":"renderQuad","ph":"X","pid":"0","tid":"0x1117a25c0","ts":"364930771013"},{"cat":"function","dur":"16","name":"renderLine","ph":"X","pid":"0","tid":"0x1117a25c0","ts":"364930771045"},{"cat":"function","dur":"12","name":"render","ph":"X","pid":"0","tid":"0x1117a25c0","ts":"364930771074"},{"cat":"function","dur":"8","name":"render","ph":"X","pid":"0","tid":"0x1117a25c0","ts":"364930771098"},{"cat":"function","dur":"8","name":"render","ph":"X","pid":"0","tid":"0x1117a25c0","ts":"364930771117"},{"cat":"function","dur":"225","name":"renderFrame","ph":"X","pid":"0","tid":"0x1117a25c0","ts":"364930771073"},{"cat":"function","dur":"11","name":"renderLine","ph":"X","pid":"0","tid":"0x1117a25c0","ts":"364930771314"},{"cat":"function","dur":"52","name":"renderLine","ph":"X","pid":"0","tid":"0x1117a25c0","ts":"364930771346"},{"cat":"function","dur":"19334","name":"loop","ph":"X","pid":"0","tid":"0x1117a25c0","ts":"364930770945"},{"cat":"function","dur":"40","name":"renderCircle","ph":"X","pid":"0","tid":"0x1117a25c0","ts":"364930790366"},{"cat":"function","dur":"12","name":"renderQuad","ph":"X","pid":"0","tid":"0x1117a25c0","ts":"364930790425"},{"cat":"function","dur":"83","name":"renderLine","ph":"X","pid":"0","tid":"0x1117a25c0","ts":"364930790460"},{"cat":"function","dur":"17","name":"render","ph":"X","pid":"0","tid":"0x1117a25c0","ts":"364930790572"},{"cat":"function","dur":"9","name":"render","ph":"X","pid":"0","tid":"0x1117a25c0","ts":"364930790604"},{"cat":"function","dur":"8","name":"render","ph":"X","pid":"0","tid":"0x1117a25c0","ts":"364930790626"},{"cat":"function","dur":"3251","name":"renderFrame","ph":"X","pid":"0","tid":"0x1117a25c0","ts":"364930790571"},{"cat":"function","dur":"14","name":"renderLine","ph":"X","pid":"0","tid":"0x1117a25c0","ts":"364930793844"},{"cat":"function","dur":"8","name":"renderLine","ph":"X","pid":"0","tid":"0x1117a25c0","ts":"364930793872"},{"cat":"function","dur":"19326","name":"loop","ph":"X","pid":"0","tid":"0x1117a25c0","ts":"364930790329"},{"cat":"function","dur":"30","name":"renderCircle","ph":"X","pid":"0","tid":"0x1117a25c0","ts":"364930809716"},{"cat":"function","dur":"12","name":"renderQuad","ph":"X","pid":"0","tid":"0x1117a25c0","ts":"364930809764"},{"cat":"function","dur":"17","name":"renderLine","ph":"X","pid":"0","tid":"0x1117a25c0","ts":"364930809800"},{"cat":"function","dur":"13","name":"render","ph":"X","pid":"0","tid":"0x1117a25c0","ts":"364930809832"},{"cat":"function","dur":"10","name":"render","ph":"X","pid":"0","tid":"0x1117a25c0","ts":"364930809858"},{"cat":"function","dur":"13","name":"render","ph":"X","pid":"0","tid":"0x1117a25c0","ts":"364930809880"},{"cat":"function","dur":"252","name":"renderFrame","ph":"X","pid":"0","tid":"0x1117a25c0","ts":"364930809831"},{"cat":"function","dur":"12","name":"renderLine","ph":"X","pid":"0","tid":"0x1117a25c0","ts":"364930810100"},{"cat":"function","dur":"9","name":"renderLine","ph":"X","pid":"0","tid":"0x1117a25c0","ts":"364930810140"},{"cat":"function","dur":"17177","name":"loop","ph":"X","pid":"0","tid":"0x1117a25c0","ts":"364930809699"},{"cat":"function","dur":"26","name":"renderCircle","ph":"X","pid":"0","tid":"0x1117a25c0","ts":"364930826929"},{"cat":"function","dur":"11","name":"renderQuad","ph":"X","pid":"0","tid":"0x1117a25c0","ts":"364930826967"},{"cat":"function","dur":"16","name":"renderLine","ph":"X","pid":"0","tid":"0x1117a25c0","ts":"364930826997"},{"cat":"function","dur":"13","name":"render","ph":"X","pid":"0","tid":"0x1117a25c0","ts":"364930827023"},{"cat":"function","dur":"9","name":"render","ph":"X","pid":"0","tid":"0x1117a25c0","ts":"364930827045"},{"cat":"function","dur":"13","name":"render","ph":"X","pid":"0","tid":"0x1117a25c0","ts":"364930827061"},{"cat":"function","dur":"226","name":"renderFrame","ph":"X","pid":"0","tid":"0x1117a25c0","ts":"364930827022"},{"cat":"function","dur":"10","name":"renderLine","ph":"X","pid":"0","tid":"0x1117a25c0","ts":"364930827261"},{"cat":"function","dur":"7","name":"renderLine","ph":"X","pid":"0","tid":"0x1117a25c0","ts":"364930827281"},{"cat":"function","dur":"16325","name":"loop","ph":"X","pid":"0","tid":"0x1117a25c0","ts":"364930826911"},{"cat":"function","dur":"29","name":"renderCircle","ph":"X","pid":"0","tid":"0x1117a25c0","ts":"364930843290"},{"cat":"function","dur":"10","name":"renderQuad","ph":"X","pid":"0","tid":"0x1117a25c0","ts":"364930843332"},{"cat":"function","dur":"16","name":"renderLine","ph":"X","pid":"0","tid":"0x1117a25c0","ts":"364930843362"},{"cat":"function","dur":"13","name":"render","ph":"X","pid":"0","tid":"0x1117a25c0","ts":"364930843388"},{"cat":"function","dur":"8","name":"render","ph":"X","pid":"0","tid":"0x1117a25c0","ts":"364930843410"},{"cat":"function","dur":"12","name":"render","ph":"X","pid":"0","tid":"0x1117a25c0","ts":"364930843426"},{"cat":"function","dur":"220","name":"renderFrame","ph":"X","pid":"0","tid":"0x1117a25c0","ts":"364930843388"},{"cat":"function","dur":"11","name":"renderLine","ph":"X","pid":"0","tid":"0x1117a25c0","ts":"364930843621"},{"cat":"function","dur":"7","name":"renderLine","ph":"X","pid":"0","tid":"0x1117a25c0","ts":"364930843642"},{"cat":"function","dur":"18791","name":"loop","ph":"X","pid":"0","tid":"0x1117a25c0","ts":"364930843269"},{"cat":"function","dur":"40","name":"renderCircle","ph":"X","pid":"0","tid":"0x1117a25c0","ts":"364930862138"},{"cat":"function","dur":"13","name":"renderQuad","ph":"X","pid":"0","tid":"0x1117a25c0","ts":"364930862194"},{"cat":"function","dur":"22","name":"renderLine","ph":"X","pid":"0","tid":"0x1117a25c0","ts":"364930862230"},{"cat":"function","dur":"16","name":"render","ph":"X","pid":"0","tid":"0x1117a25c0","ts":"364930862264"},{"cat":"function","dur":"11","name":"render","ph":"X","pid":"0","tid":"0x1117a25c0","ts":"364930862289"},{"cat":"function","dur":"14","name":"render","ph":"X","pid":"0","tid":"0x1117a25c0","ts":"364930862309"},{"cat":"function","dur":"253","name":"renderFrame","ph":"X","pid":"0","tid":"0x1117a25c0","ts":"364930862263"},{"cat":"function","dur":"12","name":"renderLine","ph":"X","pid":"0","tid":"0x1117a25c0","ts":"364930862531"},{"cat":"function","dur":"8","name":"renderLine","ph":"X","pid":"0","tid":"0x1117a25c0","ts":"364930862555"},{"cat":"function","dur":"16074","name":"loop","ph":"X","pid":"0","tid":"0x1117a25c0","ts":"364930862116"},{"cat":"function","dur":"27","name":"renderCircle","ph":"X","pid":"0","tid":"0x1117a25c0","ts":"364930878248"},{"cat":"function","dur":"10","name":"renderQuad","ph":"X","pid":"0","tid":"0x1117a25c0","ts":"364930878288"},{"cat":"function","dur":"16","name":"renderLine","ph":"X","pid":"0","tid":"0x1117a25c0","ts":"364930878318"},{"cat":"function","dur":"13","name":"render","ph":"X","pid":"0","tid":"0x1117a25c0","ts":"364930878344"},{"cat":"function","dur":"9","name":"render","ph":"X","pid":"0","tid":"0x1117a25c0","ts":"364930878365"},{"cat":"function","dur":"14","name":"render","ph":"X","pid":"0","tid":"0x1117a25c0","ts":"364930878382"},{"cat":"function","dur":"254","name":"renderFrame","ph":"X","pid":"0","tid":"0x1117a25c0","ts":"364930878343"},{"cat":"function","dur":"11","name":"renderLine","ph":"X","pid":"0","tid":"0x1117a25c0","ts":"364930878612"},{"cat":"function","dur":"8","name":"renderLine","ph":"X","pid":"0","tid":"0x1117a25c0","ts":"364930878633"},{"cat":"function","dur":"16293","name":"loop","ph":"X","pid":"0","tid":"0x1117a25c0","ts":"364930878228"},{"cat":"function","dur":"34","name":"renderCircle","ph":"X","pid":"0","tid":"0x1117a25c0","ts":"364930894586"},{"cat":"function","dur":"11","name":"renderQuad","ph":"X","pid":"0","tid":"0x1117a25c0","ts":"364930894634"},{"cat":"function","dur":"17","name":"renderLine","ph":"X","pid":"0","tid":"0x1117a25c0","ts":"364930894666"},{"cat":"function","dur":"13","name":"render","ph":"X","pid":"0","tid":"0x1117a25c0","ts":"364930894694"},{"cat":"function","dur":"9","name":"render","ph":"X","pid":"0","tid":"0x1117a25c0","ts":"364930894716"},{"cat":"function","dur":"14","name":"render","ph":"X","pid":"0","tid":"0x1117a25c0","ts":"364930894733"},{"cat":"function","dur":"237","name":"renderFrame","ph":"X","pid":"0","tid":"0x1117a25c0","ts":"364930894693"},{"cat":"function","dur":"15","name":"renderLine","ph":"X","pid":"0","tid":"0x1117a25c0","ts":"364930894949"},{"cat":"function","dur":"10","name":"renderLine","ph":"X","pid":"0","tid":"0x1117a25c0","ts":"364930894979"},{"cat":"function","dur":"16548","name":"loop","ph":"X","pid":"0","tid":"0x1117a25c0","ts":"364930894563"},{"cat":"function","dur":"24","name":"renderCircle","ph":"X","pid":"0","tid":"0x1117a25c0","ts":"364930911169"},{"cat":"function","dur":"11","name":"renderQuad","ph":"X","pid":"0","tid":"0x1117a25c0","ts":"364930911204"},{"cat":"function","dur":"14","name":"renderLine","ph":"X","pid":"0","tid":"0x1117a25c0","ts":"364930911234"},{"cat":"function","dur":"12","name":"render","ph":"X","pid":"0","tid":"0x1117a25c0","ts":"364930911258"},{"cat":"function","dur":"9","name":"render","ph":"X","pid":"0","tid":"0x1117a25c0","ts":"364930911278"},{"cat":"function","dur":"13","name":"render","ph":"X","pid":"0","tid":"0x1117a25c0","ts":"364930911294"},{"cat":"function","dur":"217","name":"renderFrame","ph":"X","pid":"0","tid":"0x1117a25c0","ts":"364930911258"},{"cat":"function","dur":"10","name":"renderLine","ph":"X","pid":"0","tid":"0x1117a25c0","ts":"364930911487"},{"cat":"function","dur":"6","name":"renderLine","ph":"X","pid":"0","tid":"0x1117a25c0","ts":"364930911507"},{"cat":"function","dur":"17033","name":"loop","ph":"X","pid":"0","tid":"0x1117a25c0","ts":"364930911148"},{"cat":"function","dur":"53","name":"renderCircle","ph":"X","pid":"0","tid":"0x1117a25c0","ts":"364930928287"},{"cat":"function","dur":"13","name":"renderQuad","ph":"X","pid":"0","tid":"0x1117a25c0","ts":"364930928354"},{"cat":"function","dur":"24","name":"renderLine","ph":"X","pid":"0","tid":"0x1117a25c0","ts":"364930928393"},{"cat":"function","dur":"19","name":"render","ph":"X","pid":"0","tid":"0x1117a25c0","ts":"364930928429"},{"cat":"function","dur":"11","name":"render","ph":"X","pid":"0","tid":"0x1117a25c0","ts":"364930928457"},{"cat":"function","dur":"20","name":"render","ph":"X","pid":"0","tid":"0x1117a25c0","ts":"364930928476"},{"cat":"function","dur":"272","name":"renderFrame","ph":"X","pid":"0","tid":"0x1117a25c0","ts":"364930928428"},{"cat":"function","dur":"12","name":"renderLine","ph":"X","pid":"0","tid":"0x1117a25c0","ts":"364930928716"},{"cat":"function","dur":"8","name":"renderLine","ph":"X","pid":"0","tid":"0x1117a25c0","ts":"364930928740"},{"cat":"function","dur":"17261","name":"loop","ph":"X","pid":"0","tid":"0x1117a25c0","ts":"364930928248"},{"cat":"function","dur":"25","name":"renderCircle","ph":"X","pid":"0","tid":"0x1117a25c0","ts":"364930945560"},{"cat":"function","dur":"10","name":"renderQuad","ph":"X","pid":"0","tid":"0x1117a25c0","ts":"364930945597"},{"cat":"function","dur":"15","name":"renderLine","ph":"X","pid":"0","tid":"0x1117a25c0","ts":"364930945626"},{"cat":"function","dur":"12","name":"render","ph":"X","pid":"0","tid":"0x1117a25c0","ts":"364930945651"},{"cat":"function","dur":"10","name":"render","ph":"X","pid":"0","tid":"0x1117a25c0","ts":"364930945689"},{"cat":"function","dur":"12","name":"render","ph":"X","pid":"0","tid":"0x1117a25c0","ts":"364930945708"},{"cat":"function","dur":"239","name":"renderFrame","ph":"X","pid":"0","tid":"0x1117a25c0","ts":"364930945650"},{"cat":"function","dur":"10","name":"renderLine","ph":"X","pid":"0","tid":"0x1117a25c0","ts":"364930945902"},{"cat":"function","dur":"7","name":"renderLine","ph":"X","pid":"0","tid":"0x1117a25c0","ts":"364930945922"},{"cat":"function","dur":"17293","name":"loop","ph":"X","pid":"0","tid":"0x1117a25c0","ts":"364930945543"},{"cat":"function","dur":"31","name":"renderCircle","ph":"X","pid":"0","tid":"0x1117a25c0","ts":"364930962896"},{"cat":"function","dur":"11","name":"renderQuad","ph":"X","pid":"0","tid":"0x1117a25c0","ts":"364930962940"},{"cat":"function","dur":"17","name":"renderLine","ph":"X","pid":"0","tid":"0x1117a25c0","ts":"364930962972"},{"cat":"function","dur":"13","name":"render","ph":"X","pid":"0","tid":"0x1117a25c0","ts":"364930962999"},{"cat":"function","dur":"9","name":"render","ph":"X","pid":"0","tid":"0x1117a25c0","ts":"364930963021"},{"cat":"function","dur":"12","name":"render","ph":"X","pid":"0","tid":"0x1117a25c0","ts":"364930963038"},{"cat":"function","dur":"225","name":"renderFrame","ph":"X","pid":"0","tid":"0x1117a25c0","ts":"364930962999"},{"cat":"function","dur":"11","name":"renderLine","ph":"X","pid":"0","tid":"0x1117a25c0","ts":"364930963237"},{"cat":"function","dur":"7","name":"renderLine","ph":"X","pid":"0","tid":"0x1117a25c0","ts":"364930963258"},{"cat":"function","dur":"16769","name":"loop","ph":"X","pid":"0","tid":"0x1117a25c0","ts":"364930962874"},{"cat":"function","dur":"22","name":"renderCircle","ph":"X","pid":"0","tid":"0x1117a25c0","ts":"364930979696"},{"cat":"function","dur":"10","name":"renderQuad","ph":"X","pid":"0","tid":"0x1117a25c0","ts":"364930979730"},{"cat":"function","dur":"14","name":"renderLine","ph":"X","pid":"0","tid":"0x1117a25c0","ts":"364930979759"},{"cat":"function","dur":"12","name":"render","ph":"X","pid":"0","tid":"0x1117a25c0","ts":"364930979783"},{"cat":"function","dur":"8","name":"render","ph":"X","pid":"0","tid":"0x1117a25c0","ts":"364930979803"},{"cat":"function","dur":"12","name":"render","ph":"X","pid":"0","tid":"0x1117a25c0","ts":"364930979819"},{"cat":"function","dur":"216","name":"renderFrame","ph":"X","pid":"0","tid":"0x1117a25c0","ts":"364930979782"},{"cat":"function","dur":"11","name":"renderLine","ph":"X","pid":"0","tid":"0x1117a25c0","ts":"364930980010"},{"cat":"function","dur":"7","name":"renderLine","ph":"X","pid":"0","tid":"0x1117a25c0","ts":"364930980031"},{"cat":"function","dur":"16819","name":"loop","ph":"X","pid":"0","tid":"0x1117a25c0","ts":"364930979677"},{"cat":"function","dur":"32","name":"renderCircle","ph":"X","pid":"0","tid":"0x1117a25c0","ts":"364930996556"},{"cat":"function","dur":"12","name":"renderQuad","ph":"X","pid":"0","tid":"0x1117a25c0","ts":"364930996600"},{"cat":"function","dur":"17","name":"renderLine","ph":"X","pid":"0","tid":"0x1117a25c0","ts":"364930996640"},{"cat":"function","dur":"15","name":"render","ph":"X","pid":"0","tid":"0x1117a25c0","ts":"364930996668"},{"cat":"function","dur":"9","name":"render","ph":"X","pid":"0","tid":"0x1117a25c0","ts":"364930996692"},{"cat":"function","dur":"14","name":"render","ph":"X","pid":"0","tid":"0x1117a25c0","ts":"364930996709"},{"cat":"function","dur":"238","name":"renderFrame","ph":"X","pid":"0","tid":"0x1117a25c0","ts":"364930996667"},{"cat":"function","dur":"11","name":"renderLine","ph":"X","pid":"0","tid":"0x1117a25c0","ts":"364930996918"},{"cat":"function","dur":"8","name":"renderLine","ph":"X","pid":"0","tid":"0x1117a25c0","ts":"364930996939"},{"cat":"function","dur":"17371","name":"loop","ph":"X","pid":"0","tid":"0x1117a25c0","ts":"364930996536"},{"cat":"function","dur":"28","name":"renderCircle","ph":"X","pid":"0","tid":"0x1117a25c0","ts":"364931013963"},{"cat":"function","dur":"10","name":"renderQuad","ph":"X","pid":"0","tid":"0x1117a25c0","ts":"364931014003"},{"cat":"function","dur":"18","name":"renderLine","ph":"X","pid":"0","tid":"0x1117a25c0","ts":"364931014051"},{"cat":"function","dur":"13","name":"render","ph":"X","pid":"0","tid":"0x1117a25c0","ts":"364931014079"},{"cat":"function","dur":"8","name":"render","ph":"X","pid":"0","tid":"0x1117a25c0","ts":"364931014100"},{"cat":"function","dur":"13","name":"render","ph":"X","pid":"0","tid":"0x1117a25c0","ts":"364931014116"},{"cat":"function","dur":"218","name":"renderFrame","ph":"X","pid":"0","tid":"0x1117a25c0","ts":"364931014078"},{"cat":"function","dur":"10","name":"renderLine","ph":"X","pid":"0","tid":"0x1117a25c0","ts":"364931014309"},{"cat":"function","dur":"6","name":"renderLine","ph":"X","pid":"0","tid":"0x1117a25c0","ts":"364931014329"},{"cat":"function","dur":"16835","name":"loop","ph":"X","pid":"0","tid":"0x1117a25c0","ts":"364931013944"},{"cat":"function","dur":"41","name":"renderCircle","ph":"X","pid":"0","tid":"0x1117a25c0","ts":"364931030859"},{"cat":"function","dur":"11","name":"renderQuad","ph":"X","pid":"0","tid":"0x1117a25c0","ts":"364931030913"},{"cat":"function","dur":"17","name":"renderLine","ph":"X","pid":"0","tid":"0x1117a25c0","ts":"364931030944"},{"cat":"function","dur":"13","name":"render","ph":"X","pid":"0","tid":"0x1117a25c0","ts":"364931030972"},{"cat":"function","dur":"9","name":"render","ph":"X","pid":"0","tid":"0x1117a25c0","ts":"364931030994"},{"cat":"function","dur":"13","name":"render","ph":"X","pid":"0","tid":"0x1117a25c0","ts":"364931031012"},{"cat":"function","dur":"232","name":"renderFrame","ph":"X","pid":"0","tid":"0x1117a25c0","ts":"364931030971"},{"cat":"function","dur":"11","name":"renderLine","ph":"X","pid":"0","tid":"0x1117a25c0","ts":"364931031217"},{"cat":"function","dur":"7","name":"renderLine","ph":"X","pid":"0","tid":"0x1117a25c0","ts":"364931031238"},{"cat":"function","dur":"16782","name":"loop","ph":"X","pid":"0","tid":"0x1117a25c0","ts":"364931030840"},{"cat":"function","dur":"25","name":"renderCircle","ph":"X","pid":"0","tid":"0x1117a25c0","ts":"364931047675"},{"cat":"function","dur":"10","name":"renderQuad","ph":"X","pid":"0","tid":"0x1117a25c0","ts":"364931047713"},{"cat":"function","dur":"15","name":"renderLine","ph":"X","pid":"0","tid":"0x1117a25c0","ts":"364931047742"},{"cat":"function","dur":"11","name":"render","ph":"X","pid":"0","tid":"0x1117a25c0","ts":"364931047767"},{"cat":"function","dur":"8","name":"render","ph":"X","pid":"0","tid":"0x1117a25c0","ts":"364931047787"},{"cat":"function","dur":"14","name":"render","ph":"X","pid":"0","tid":"0x1117a25c0","ts":"364931047803"},{"cat":"function","dur":"219","name":"renderFrame","ph":"X","pid":"0","tid":"0x1117a25c0","ts":"364931047766"},{"cat":"function","dur":"11","name":"renderLine","ph":"X","pid":"0","tid":"0x1117a25c0","ts":"364931047998"},{"cat":"function","dur":"7","name":"renderLine","ph":"X","pid":"0","tid":"0x1117a25c0","ts":"364931048018"},{"cat":"function","dur":"17093","name":"loop","ph":"X","pid":"0","tid":"0x1117a25c0","ts":"364931047655"},{"cat":"function","dur":"28","name":"renderCircle","ph":"X","pid":"0","tid":"0x1117a25c0","ts":"364931064808"},{"cat":"function","dur":"25","name":"renderQuad","ph":"X","pid":"0","tid":"0x1117a25c0","ts":"364931064849"},{"cat":"function","dur":"17","name":"renderLine","ph":"X","pid":"0","tid":"0x1117a25c0","ts":"364931064894"},{"cat":"function","dur":"12","name":"render","ph":"X","pid":"0","tid":"0x1117a25c0","ts":"364931064921"},{"cat":"function","dur":"9","name":"render","ph":"X","pid":"0","tid":"0x1117a25c0","ts":"364931064942"},{"cat":"function","dur":"14","name":"render","ph":"X","pid":"0","tid":"0x1117a25c0","ts":"364931064960"},{"cat":"function","dur":"231","name":"renderFrame","ph":"X","pid":"0","tid":"0x1117a25c0","ts":"364931064921"},{"cat":"function","dur":"12","name":"renderLine","ph":"X","pid":"0","tid":"0x1117a25c0","ts":"364931065165"},{"cat":"function","dur":"7","name":"renderLine","ph":"X","pid":"0","tid":"0x1117a25c0","ts":"364931065187"},{"cat":"function","dur":"17262","name":"loop","ph":"X","pid":"0","tid":"0x1117a25c0","ts":"364931064787"},{"cat":"function","dur":"30","name":"renderCircle","ph":"X","pid":"0","tid":"0x1117a25c0","ts":"364931082129"},{"cat":"function","dur":"11","name":"renderQuad","ph":"X","pid":"0","tid":"0x1117a25c0","ts":"364931082174"},{"cat":"function","dur":"16","name":"renderLine","ph":"X","pid":"0","tid":"0x1117a25c0","ts":"364931082206"},{"cat":"function","dur":"13","name":"render","ph":"X","pid":"0","tid":"0x1117a25c0","ts":"364931082233"},{"cat":"function","dur":"9","name":"render","ph":"X","pid":"0","tid":"0x1117a25c0","ts":"364931082255"},{"cat":"function","dur":"14","name":"render","ph":"X","pid":"0","tid":"0x1117a25c0","ts":"364931082271"},{"cat":"function","dur":"233","name":"renderFrame","ph":"X","pid":"0","tid":"0x1117a25c0","ts":"364931082232"},{"cat":"function","dur":"14","name":"renderLine","ph":"X","pid":"0","tid":"0x1117a25c0","ts":"364931082482"},{"cat":"function","dur":"7","name":"renderLine","ph":"X","pid":"0","tid":"0x1117a25c0","ts":"364931082507"},{"cat":"function","dur":"16507","name":"loop","ph":"X","pid":"0","tid":"0x1117a25c0","ts":"364931082106"},{"cat":"function","dur":"29","name":"renderCircle","ph":"X","pid":"0","tid":"0x1117a25c0","ts":"364931098668"},{"cat":"function","dur":"11","name":"renderQuad","ph":"X","pid":"0","tid":"0x1117a25c0","ts":"364931098710"},{"cat":"function","dur":"17","name":"renderLine","ph":"X","pid":"0","tid":"0x1117a25c0","ts":"364931098742"},{"cat":"function","dur":"13","name":"render","ph":"X","pid":"0","tid":"0x1117a25c0","ts":"364931098770"},{"cat":"function","dur":"24","name":"render","ph":"X","pid":"0","tid":"0x1117a25c0","ts":"364931098792"},{"cat":"function","dur":"14","name":"render","ph":"X","pid":"0","tid":"0x1117a25c0","ts":"364931098824"},{"cat":"function","dur":"249","name":"renderFrame","ph":"X","pid":"0","tid":"0x1117a25c0","ts":"364931098769"},{"cat":"function","dur":"10","name":"renderLine","ph":"X","pid":"0","tid":"0x1117a25c0","ts":"364931099031"},{"cat":"function","dur":"7","name":"renderLine","ph":"X","pid":"0","tid":"0x1117a25c0","ts":"364931099052"},{"cat":"function","dur":"17346","name":"loop","ph":"X","pid":"0","tid":"0x1117a25c0","ts":"364931098648"},{"cat":"function","dur":"31","name":"renderCircle","ph":"X","pid":"0","tid":"0x1117a25c0","ts":"364931116087"},{"cat":"function","dur":"10","name":"renderQuad","ph":"X","pid":"0","tid":"0x1117a25c0","ts":"364931116129"},{"cat":"function","dur":"17","name":"renderLine","ph":"X","pid":"0","tid":"0x1117a25c0","ts":"364931116159"},{"cat":"function","dur":"12","name":"render","ph":"X","pid":"0","tid":"0x1117a25c0","ts":"364931116186"},{"cat":"function","dur":"8","name":"render","ph":"X","pid":"0","tid":"0x1117a25c0","ts":"364931116207"},{"cat":"function","dur":"14","name":"render","ph":"X","pid":"0","tid":"0x1117a25c0","ts":"364931116223"},{"cat":"function","dur":"225","name":"renderFrame","ph":"X","pid":"0","tid":"0x1117a25c0","ts":"364931116185"},{"cat":"function","dur":"12","name":"renderLine","ph":"X","pid":"0","tid":"0x1117a25c0","ts":"364931116426"},{"cat":"function","dur":"8","name":"renderLine","ph":"X","pid":"0","tid":"0x1117a25c0","ts":"364931116448"},{"cat":"function","dur":"17471","name":"loop","ph":"X","pid":"0","tid":"0x1117a25c0","ts":"364931116063"},{"cat":"function","dur":"30","name":"renderCircle","ph":"X","pid":"0","tid":"0x1117a25c0","ts":"364931133596"},{"cat":"function","dur":"10","name":"renderQuad","ph":"X","pid":"0","tid":"0x1117a25c0","ts":"364931133639"},{"cat":"function","dur":"16","name":"renderLine","ph":"X","pid":"0","tid":"0x1117a25c0","ts":"364931133669"},{"cat":"function","dur":"13","name":"render","ph":"X","pid":"0","tid":"0x1117a25c0","ts":"364931133696"},{"cat":"function","dur":"9","name":"render","ph":"X","pid":"0","tid":"0x1117a25c0","ts":"364931133717"},{"cat":"function","dur":"14","name":"render","ph":"X","pid":"0","tid":"0x1117a25c0","ts":"364931133734"},{"cat":"function","dur":"231","name":"renderFrame","ph":"X","pid":"0","tid":"0x1117a25c0","ts":"364931133695"},{"cat":"function","dur":"10","name":"renderLine","ph":"X","pid":"0","tid":"0x1117a25c0","ts":"364931133940"},{"cat":"function","dur":"8","name":"renderLine","ph":"X","pid":"0","tid":"0x1117a25c0","ts":"364931133979"},{"cat":"function","dur":"17247","name":"loop","ph":"X","pid":"0","tid":"0x1117a25c0","ts":"364931133574"},{"cat":"function","dur":"31","name":"renderCircle","ph":"X","pid":"0","tid":"0x1117a25c0","ts":"364931150904"},{"cat":"function","dur":"10","name":"renderQuad","ph":"X","pid":"0","tid":"0x1117a25c0","ts":"364931150948"},{"cat":"function","dur":"16","name":"renderLine","ph":"X","pid":"0","tid":"0x1117a25c0","ts":"364931150979"},{"cat":"function","dur":"27","name":"render","ph":"X","pid":"0","tid":"0x1117a25c0","ts":"364931151005"},{"cat":"function","dur":"9","name":"render","ph":"X","pid":"0","tid":"0x1117a25c0","ts":"364931151041"},{"cat":"function","dur":"15","name":"render","ph":"X","pid":"0","tid":"0x1117a25c0","ts":"364931151058"},{"cat":"function","dur":"256","name":"renderFrame","ph":"X","pid":"0","tid":"0x1117a25c0","ts":"364931151005"},{"cat":"function","dur":"12","name":"renderLine","ph":"X","pid":"0","tid":"0x1117a25c0","ts":"364931151277"},{"cat":"function","dur":"8","name":"renderLine","ph":"X","pid":"0","tid":"0x1117a25c0","ts":"364931151300"},{"cat":"function","dur":"17532","name":"loop","ph":"X","pid":"0","tid":"0x1117a25c0","ts":"364931150864"},{"cat":"function","dur":"27","name":"renderCircle","ph":"X","pid":"0","tid":"0x1117a25c0","ts":"364931168455"},{"cat":"function","dur":"10","name":"renderQuad","ph":"X","pid":"0","tid":"0x1117a25c0","ts":"364931168495"},{"cat":"function","dur":"17","name":"renderLine","ph":"X","pid":"0","tid":"0x1117a25c0","ts":"364931168525"},{"cat":"function","dur":"13","name":"render","ph":"X","pid":"0","tid":"0x1117a25c0","ts":"364931168552"},{"cat":"function","dur":"8","name":"render","ph":"X","pid":"0","tid":"0x1117a25c0","ts":"364931168574"},{"cat":"function","dur":"13","name":"render","ph":"X","pid":"0","tid":"0x1117a25c0","ts":"364931168590"},{"cat":"function","dur":"230","name":"renderFrame","ph":"X","pid":"0","tid":"0x1117a25c0","ts":"364931168552"},{"cat":"function","dur":"11","name":"renderLine","ph":"X","pid":"0","tid":"0x1117a25c0","ts":"364931168795"},{"cat":"function","dur":"7","name":"renderLine","ph":"X","pid":"0","tid":"0x1117a25c0","ts":"364931168829"},{"cat":"function","dur":"17908","name":"loop","ph":"X","pid":"0","tid":"0x1117a25c0","ts":"364931168434"},{"cat":"function","dur":"65","name":"renderCircle","ph":"X","pid":"0","tid":"0x1117a25c0","ts":"364931186487"},{"cat":"function","dur":"14","name":"renderQuad","ph":"X","pid":"0","tid":"0x1117a25c0","ts":"364931186570"},{"cat":"function","dur":"22","name":"renderLine","ph":"X","pid":"0","tid":"0x1117a25c0","ts":"364931186612"},{"cat":"function","dur":"17","name":"render","ph":"X","pid":"0","tid":"0x1117a25c0","ts":"364931186648"},{"cat":"function","dur":"11","name":"render","ph":"X","pid":"0","tid":"0x1117a25c0","ts":"364931186678"},{"cat":"function","dur":"18","name":"render","ph":"X","pid":"0","tid":"0x1117a25c0","ts":"364931186700"},{"cat":"function","dur":"314","name":"renderFrame","ph":"X","pid":"0","tid":"0x1117a25c0","ts":"364931186647"},{"cat":"function","dur":"18","name":"renderLine","ph":"X","pid":"0","tid":"0x1117a25c0","ts":"364931186984"},{"cat":"function","dur":"10","name":"renderLine","ph":"X","pid":"0","tid":"0x1117a25c0","ts":"364931187016"},{"cat":"function","dur":"16625","name":"loop","ph":"X","pid":"0","tid":"0x1117a25c0","ts":"364931186441"},{"cat":"function","dur":"29","name":"renderCircle","ph":"X","pid":"0","tid":"0x1117a25c0","ts":"364931203128"},{"cat":"function","dur":"11","name":"renderQuad","ph":"X","pid":"0","tid":"0x1117a25c0","ts":"364931203170"},{"cat":"function","dur":"18","name":"renderLine","ph":"X","pid":"0","tid":"0x1117a25c0","ts":"364931203201"},{"cat":"function","dur":"13","name":"render","ph":"X","pid":"0","tid":"0x1117a25c0","ts":"364931203229"},{"cat":"function","dur":"9","name":"render","ph":"X","pid":"0","tid":"0x1117a25c0","ts":"364931203251"},{"cat":"function","dur":"14","name":"render","ph":"X","pid":"0","tid":"0x1117a25c0","ts":"364931203268"},{"cat":"function","dur":"258","name":"renderFrame","ph":"X","pid":"0","tid":"0x1117a25c0","ts":"364931203229"},{"cat":"function","dur":"12","name":"renderLine","ph":"X","pid":"0","tid":"0x1117a25c0","ts":"364931203500"},{"cat":"function","dur":"7","name":"renderLine","ph":"X","pid":"0","tid":"0x1117a25c0","ts":"364931203523"},{"cat":"function","dur":"16196","name":"loop","ph":"X","pid":"0","tid":"0x1117a25c0","ts":"364931203107"},{"cat":"function","dur":"32","name":"renderCircle","ph":"X","pid":"0","tid":"0x1117a25c0","ts":"364931219393"},{"cat":"function","dur":"11","name":"renderQuad","ph":"X","pid":"0","tid":"0x1117a25c0","ts":"364931219439"},{"cat":"function","dur":"17","name":"renderLine","ph":"X","pid":"0","tid":"0x1117a25c0","ts":"364931219472"},{"cat":"function","dur":"14","name":"render","ph":"X","pid":"0","tid":"0x1117a25c0","ts":"364931219501"},{"cat":"function","dur":"10","name":"render","ph":"X","pid":"0","tid":"0x1117a25c0","ts":"364931219525"},{"cat":"function","dur":"16","name":"render","ph":"X","pid":"0","tid":"0x1117a25c0","ts":"364931219544"},{"cat":"function","dur":"250","name":"renderFrame","ph":"X","pid":"0","tid":"0x1117a25c0","ts":"364931219500"},{"cat":"function","dur":"14","name":"renderLine","ph":"X","pid":"0","tid":"0x1117a25c0","ts":"364931219769"},{"cat":"function","dur":"7","name":"renderLine","ph":"X","pid":"0","tid":"0x1117a25c0","ts":"364931219795"},{"cat":"function","dur":"16692","name":"loop","ph":"X","pid":"0","tid":"0x1117a25c0","ts":"364931219347"},{"cat":"function","dur":"31","name":"renderCircle","ph":"X","pid":"0","tid":"0x1117a25c0","ts":"364931236096"},{"cat":"function","dur":"10","name":"renderQuad","ph":"X","pid":"0","tid":"0x1117a25c0","ts":"364931236140"},{"cat":"function","dur":"17","name":"renderLine","ph":"X","pid":"0","tid":"0x1117a25c0","ts":"364931236169"},{"cat":"function","dur":"13","name":"render","ph":"X","pid":"0","tid":"0x1117a25c0","ts":"364931236196"},{"cat":"function","dur":"9","name":"render","ph":"X","pid":"0","tid":"0x1117a25c0","ts":"364931236217"},{"cat":"function","dur":"11","name":"render","ph":"X","pid":"0","tid":"0x1117a25c0","ts":"364931236234"},{"cat":"function","dur":"224","name":"renderFrame","ph":"X","pid":"0","tid":"0x1117a25c0","ts":"364931236196"},{"cat":"function","dur":"11","name":"renderLine","ph":"X","pid":"0","tid":"0x1117a25c0","ts":"364931236433"},{"cat":"function","dur":"8","name":"renderLine","ph":"X","pid":"0","tid":"0x1117a25c0","ts":"364931236453"},{"cat":"function","dur":"16979","name":"loop","ph":"X","pid":"0","tid":"0x1117a25c0","ts":"364931236077"},{"cat":"function","dur":"30","name":"renderCircle","ph":"X","pid":"0","tid":"0x1117a25c0","ts":"364931253113"},{"cat":"function","dur":"11","name":"renderQuad","ph":"X","pid":"0","tid":"0x1117a25c0","ts":"364931253156"},{"cat":"function","dur":"16","name":"renderLine","ph":"X","pid":"0","tid":"0x1117a25c0","ts":"364931253187"},{"cat":"function","dur":"13","name":"render","ph":"X","pid":"0","tid":"0x1117a25c0","ts":"364931253213"},{"cat":"function","dur":"9","name":"render","ph":"X","pid":"0","tid":"0x1117a25c0","ts":"364931253234"},{"cat":"function","dur":"13","name":"render","ph":"X","pid":"0","tid":"0x1117a25c0","ts":"364931253251"},{"cat":"function","dur":"220","name":"renderFrame","ph":"X","pid":"0","tid":"0x1117a25c0","ts":"364931253213"},{"cat":"function","dur":"10","name":"renderLine","ph":"X","pid":"0","tid":"0x1117a25c0","ts":"364931253446"},{"cat":"function","dur":"7","name":"renderLine","ph":"X","pid":"0","tid":"0x1117a25c0","ts":"364931253466"},{"cat":"function","dur":"17348","name":"loop","ph":"X","pid":"0","tid":"0x1117a25c0","ts":"364931253092"},{"cat":"function","dur":"29","name":"renderCircle","ph":"X","pid":"0","tid":"0x1117a25c0","ts":"364931270495"},{"cat":"function","dur":"10","name":"renderQuad","ph":"X","pid":"0","tid":"0x1117a25c0","ts":"364931270536"},{"cat":"function","dur":"17","name":"renderLine","ph":"X","pid":"0","tid":"0x1117a25c0","ts":"364931270564"},{"cat":"function","dur":"12","name":"render","ph":"X","pid":"0","tid":"0x1117a25c0","ts":"364931270591"},{"cat":"function","dur":"9","name":"render","ph":"X","pid":"0","tid":"0x1117a25c0","ts":"364931270630"},{"cat":"function","dur":"12","name":"render","ph":"X","pid":"0","tid":"0x1117a25c0","ts":"364931270648"},{"cat":"function","dur":"239","name":"renderFrame","ph":"X","pid":"0","tid":"0x1117a25c0","ts":"364931270590"},{"cat":"function","dur":"11","name":"renderLine","ph":"X","pid":"0","tid":"0x1117a25c0","ts":"364931270841"},{"cat":"function","dur":"7","name":"renderLine","ph":"X","pid":"0","tid":"0x1117a25c0","ts":"364931270861"},{"cat":"function","dur":"17231","name":"loop","ph":"X","pid":"0","tid":"0x1117a25c0","ts":"364931270477"},{"cat":"function","dur":"46","name":"renderCircle","ph":"X","pid":"0","tid":"0x1117a25c0","ts":"364931287797"},{"cat":"function","dur":"11","name":"renderQuad","ph":"X","pid":"0","tid":"0x1117a25c0","ts":"364931287858"},{"cat":"function","dur":"18","name":"renderLine","ph":"X","pid":"0","tid":"0x1117a25c0","ts":"364931287892"},{"cat":"function","dur":"14","name":"render","ph":"X","pid":"0","tid":"0x1117a25c0","ts":"364931287922"},{"cat":"function","dur":"9","name":"render","ph":"X","pid":"0","tid":"0x1117a25c0","ts":"364931287945"},{"cat":"function","dur":"15","name":"render","ph":"X","pid":"0","tid":"0x1117a25c0","ts":"364931287963"},{"cat":"function","dur":"323","name":"renderFrame","ph":"X","pid":"0","tid":"0x1117a25c0","ts":"364931287921"},{"cat":"function","dur":"30","name":"renderLine","ph":"X","pid":"0","tid":"0x1117a25c0","ts":"364931288288"},{"cat":"function","dur":"12","name":"renderLine","ph":"X","pid":"0","tid":"0x1117a25c0","ts":"364931288336"},{"cat":"function","dur":"16532","name":"loop","ph":"X","pid":"0","tid":"0x1117a25c0","ts":"364931287772"},{"cat":"function","dur":"30","name":"renderCircle","ph":"X","pid":"0","tid":"0x1117a25c0","ts":"364931304361"},{"cat":"function","dur":"11","name":"renderQuad","ph":"X","pid":"0","tid":"0x1117a25c0","ts":"364931304404"},{"cat":"function","dur":"17","name":"renderLine","ph":"X","pid":"0","tid":"0x1117a25c0","ts":"364931304435"},{"cat":"function","dur":"13","name":"render","ph":"X","pid":"0","tid":"0x1117a25c0","ts":"364931304463"},{"cat":"function","dur":"9","name":"render","ph":"X","pid":"0","tid":"0x1117a25c0","ts":"364931304485"},{"cat":"function","dur":"13","name":"render","ph":"X","pid":"0","tid":"0x1117a25c0","ts":"364931304502"},{"cat":"function","dur":"236","name":"renderFrame","ph":"X","pid":"0","tid":"0x1117a25c0","ts":"364931304462"},{"cat":"function","dur":"11","name":"renderLine","ph":"X","pid":"0","tid":"0x1117a25c0","ts":"364931304713"},{"cat":"function","dur":"8","name":"renderLine","ph":"X","pid":"0","tid":"0x1117a25c0","ts":"364931304734"},{"cat":"function","dur":"16793","name":"loop","ph":"X","pid":"0","tid":"0x1117a25c0","ts":"364931304341"},{"cat":"function","dur":"31","name":"renderCircle","ph":"X","pid":"0","tid":"0x1117a25c0","ts":"364931321201"},{"cat":"function","dur":"11","name":"renderQuad","ph":"X","pid":"0","tid":"0x1117a25c0","ts":"364931321246"},{"cat":"function","dur":"18","name":"renderLine","ph":"X","pid":"0","tid":"0x1117a25c0","ts":"364931321278"},{"cat":"function","dur":"13","name":"render","ph":"X","pid":"0","tid":"0x1117a25c0","ts":"364931321307"},{"cat":"function","dur":"10","name":"render","ph":"X","pid":"0","tid":"0x1117a25c0","ts":"364931321329"},{"cat":"function","dur":"15","name":"render","ph":"X","pid":"0","tid":"0x1117a25c0","ts":"364931321347"},{"cat":"function","dur":"342","name":"renderFrame","ph":"X","pid":"0","tid":"0x1117a25c0","ts":"364931321306"},{"cat":"function","dur":"30","name":"renderLine","ph":"X","pid":"0","tid":"0x1117a25c0","ts":"364931321690"},{"cat":"function","dur":"12","name":"renderLine","ph":"X","pid":"0","tid":"0x1117a25c0","ts":"364931321739"},{"cat":"function","dur":"16915","name":"loop","ph":"X","pid":"0","tid":"0x1117a25c0","ts":"364931321178"},{"cat":"function","dur":"30","name":"renderCircle","ph":"X","pid":"0","tid":"0x1117a25c0","ts":"364931338149"},{"cat":"function","dur":"11","name":"renderQuad","ph":"X","pid":"0","tid":"0x1117a25c0","ts":"364931338191"},{"cat":"function","dur":"16","name":"renderLine","ph":"X","pid":"0","tid":"0x1117a25c0","ts":"364931338239"},{"cat":"function","dur":"13","name":"render","ph":"X","pid":"0","tid":"0x1117a25c0","ts":"364931338266"},{"cat":"function","dur":"8","name":"render","ph":"X","pid":"0","tid":"0x1117a25c0","ts":"364931338288"},{"cat":"function","dur":"12","name":"render","ph":"X","pid":"0","tid":"0x1117a25c0","ts":"364931338304"},{"cat":"function","dur":"223","name":"renderFrame","ph":"X","pid":"0","tid":"0x1117a25c0","ts":"364931338266"},{"cat":"function","dur":"10","name":"renderLine","ph":"X","pid":"0","tid":"0x1117a25c0","ts":"364931338502"},{"cat":"function","dur":"7","name":"renderLine","ph":"X","pid":"0","tid":"0x1117a25c0","ts":"364931338522"},{"cat":"function","dur":"16581","name":"loop","ph":"X","pid":"0","tid":"0x1117a25c0","ts":"364931338130"},{"cat":"function","dur":"39","name":"renderCircle","ph":"X","pid":"0","tid":"0x1117a25c0","ts":"364931354793"},{"cat":"function","dur":"15","name":"renderQuad","ph":"X","pid":"0","tid":"0x1117a25c0","ts":"364931354862"},{"cat":"function","dur":"24","name":"renderLine","ph":"X","pid":"0","tid":"0x1117a25c0","ts":"364931354906"},{"cat":"function","dur":"19","name":"render","ph":"X","pid":"0","tid":"0x1117a25c0","ts":"364931354948"},{"cat":"function","dur":"12","name":"render","ph":"X","pid":"0","tid":"0x1117a25c0","ts":"364931354981"},{"cat":"function","dur":"23","name":"render","ph":"X","pid":"0","tid":"0x1117a25c0","ts":"364931355003"},{"cat":"function","dur":"371","name":"renderFrame","ph":"X","pid":"0","tid":"0x1117a25c0","ts":"364931354947"},{"cat":"function","dur":"29","name":"renderLine","ph":"X","pid":"0","tid":"0x1117a25c0","ts":"364931355362"},{"cat":"function","dur":"11","name":"renderLine","ph":"X","pid":"0","tid":"0x1117a25c0","ts":"364931355410"},{"cat":"function","dur":"16184","name":"loop","ph":"X","pid":"0","tid":"0x1117a25c0","ts":"364931354764"},{"cat":"function","dur":"31","name":"renderCircle","ph":"X","pid":"0","tid":"0x1117a25c0","ts":"364931371008"},{"cat":"function","dur":"11","name":"renderQuad","ph":"X","pid":"0","tid":"0x1117a25c0","ts":"364931371052"},{"cat":"function","dur":"17","name":"renderLine","ph":"X","pid":"0","tid":"0x1117a25c0","ts":"364931371084"},{"cat":"function","dur":"14","name":"render","ph":"X","pid":"0","tid":"0x1117a25c0","ts":"364931371111"},{"cat":"function","dur":"9","name":"render","ph":"X","pid":"0","tid":"0x1117a25c0","ts":"364931371134"},{"cat":"function","dur":"13","name":"render","ph":"X","pid":"0","tid":"0x1117a25c0","ts":"364931371152"},{"cat":"function","dur":"249","name":"renderFrame","ph":"X","pid":"0","tid":"0x1117a25c0","ts":"364931371111"},{"cat":"function","dur":"12","name":"renderLine","ph":"X","pid":"0","tid":"0x1117a25c0","ts":"364931371374"},{"cat":"function","dur":"7","name":"renderLine","ph":"X","pid":"0","tid":"0x1117a25c0","ts":"364931371397"},{"cat":"function","dur":"17054","name":"loop","ph":"X","pid":"0","tid":"0x1117a25c0","ts":"364931370986"},{"cat":"function","dur":"32","name":"renderCircle","ph":"X","pid":"0","tid":"0x1117a25c0","ts":"364931388125"},{"cat":"function","dur":"11","name":"renderQuad","ph":"X","pid":"0","tid":"0x1117a25c0","ts":"364931388170"},{"cat":"function","dur":"17","name":"renderLine","ph":"X","pid":"0","tid":"0x1117a25c0","ts":"364931388201"},{"cat":"function","dur":"13","name":"render","ph":"X","pid":"0","tid":"0x1117a25c0","ts":"364931388228"},{"cat":"function","dur":"8","name":"render","ph":"X","pid":"0","tid":"0x1117a25c0","ts":"364931388250"},{"cat":"function","dur":"14","name":"render","ph":"X","pid":"0","tid":"0x1117a25c0","ts":"364931388267"},{"cat":"function","dur":"230","name":"renderFrame","ph":"X","pid":"0","tid":"0x1117a25c0","ts":"364931388228"},{"cat":"function","dur":"15","name":"renderLine","ph":"X","pid":"0","tid":"0x1117a25c0","ts":"364931388476"},{"cat":"function","dur":"7","name":"renderLine","ph":"X","pid":"0","tid":"0x1117a25c0","ts":"364931388503"},{"cat":"function","dur":"17716","name":"loop","ph":"X","pid":"0","tid":"0x1117a25c0","ts":"364931388101"},{"cat":"function","dur":"32","name":"renderCircle","ph":"X","pid":"0","tid":"0x1117a25c0","ts":"364931405903"},{"cat":"function","dur":"25","name":"renderQuad","ph":"X","pid":"0","tid":"0x1117a25c0","ts":"364931405948"},{"cat":"function","dur":"22","name":"renderLine","ph":"X","pid":"0","tid":"0x1117a25c0","ts":"364931406007"},{"cat":"function","dur":"15","name":"render","ph":"X","pid":"0","tid":"0x1117a25c0","ts":"364931406042"},{"cat":"function","dur":"9","name":"render","ph":"X","pid":"0","tid":"0x1117a25c0","ts":"364931406067"},{"cat":"function","dur":"14","name":"render","ph":"X","pid":"0","tid":"0x1117a25c0","ts":"364931406084"},{"cat":"function","dur":"227","name":"renderFrame","ph":"X","pid":"0","tid":"0x1117a25c0","ts":"364931406041"},{"cat":"function","dur":"12","name":"renderLine","ph":"X","pid":"0","tid":"0x1117a25c0","ts":"364931406281"},{"cat":"function","dur":"7","name":"renderLine","ph":"X","pid":"0","tid":"0x1117a25c0","ts":"364931406303"},{"cat":"function","dur":"16283","name":"loop","ph":"X","pid":"0","tid":"0x1117a25c0","ts":"364931405879"},{"cat":"function","dur":"60","name":"renderCircle","ph":"X","pid":"0","tid":"0x1117a25c0","ts":"364931422284"},{"cat":"function","dur":"13","name":"renderQuad","ph":"X","pid":"0","tid":"0x1117a25c0","ts":"364931422357"},{"cat":"function","dur":"24","name":"renderLine","ph":"X","pid":"0","tid":"0x1117a25c0","ts":"364931422394"},{"cat":"function","dur":"18","name":"render","ph":"X","pid":"0","tid":"0x1117a25c0","ts":"364931422429"},{"cat":"function","dur":"10","name":"render","ph":"X","pid":"0","tid":"0x1117a25c0","ts":"364931422455"},{"cat":"function","dur":"20","name":"render","ph":"X","pid":"0","tid":"0x1117a25c0","ts":"364931422473"},{"cat":"function","dur":"257","name":"renderFrame","ph":"X","pid":"0","tid":"0x1117a25c0","ts":"364931422428"},{"cat":"function","dur":"15","name":"renderLine","ph":"X","pid":"0","tid":"0x1117a25c0","ts":"364931422703"},{"cat":"function","dur":"9","name":"renderLine","ph":"X","pid":"0","tid":"0x1117a25c0","ts":"364931422729"},{"cat":"function","dur":"17879","name":"loop","ph":"X","pid":"0","tid":"0x1117a25c0","ts":"364931422238"},{"cat":"function","dur":"31","name":"renderCircle","ph":"X","pid":"0","tid":"0x1117a25c0","ts":"364931440178"},{"cat":"function","dur":"10","name":"renderQuad","ph":"X","pid":"0","tid":"0x1117a25c0","ts":"364931440221"},{"cat":"function","dur":"17","name":"renderLine","ph":"X","pid":"0","tid":"0x1117a25c0","ts":"364931440251"},{"cat":"function","dur":"13","name":"render","ph":"X","pid":"0","tid":"0x1117a25c0","ts":"364931440279"},{"cat":"function","dur":"9","name":"render","ph":"X","pid":"0","tid":"0x1117a25c0","ts":"364931440300"},{"cat":"function","dur":"14","name":"render","ph":"X","pid":"0","tid":"0x1117a25c0","ts":"364931440316"},{"cat":"function","dur":"15","name":"ModelMatrixTransform","ph":"X","pid":"0","tid":"0x1117a25c0","ts":"364931440355"},{"cat":"function","dur":"305","name":"renderFrame","ph":"X","pid":"0","tid":"0x1117a25c0","ts":"364931440278"},{"cat":"function","dur":"16","name":"renderLine","ph":"X","pid":"0","tid":"0x1117a25c0","ts":"364931440605"},{"cat":"function","dur":"9","name":"renderLine","ph":"X","pid":"0","tid":"0x1117a25c0","ts":"364931440633"},{"cat":"function","dur":"17243","name":"loop","ph":"X","pid":"0","tid":"0x1117a25c0","ts":"364931440156"},{"cat":"function","dur":"50","name":"renderCircle","ph":"X","pid":"0","tid":"0x1117a25c0","ts":"364931457507"},{"cat":"function","dur":"13","name":"renderQuad","ph":"X","pid":"0","tid":"0x1117a25c0","ts":"364931457570"},{"cat":"function","dur":"26","name":"renderLine","ph":"X","pid":"0","tid":"0x1117a25c0","ts":"364931457606"},{"cat":"function","dur":"18","name":"render","ph":"X","pid":"0","tid":"0x1117a25c0","ts":"364931457642"},{"cat":"function","dur":"10","name":"render","ph":"X","pid":"0","tid":"0x1117a25c0","ts":"364931457668"},{"cat":"function","dur":"18","name":"render","ph":"X","pid":"0","tid":"0x1117a25c0","ts":"364931457686"},{"cat":"function","dur":"249","name":"renderFrame","ph":"X","pid":"0","tid":"0x1117a25c0","ts":"364931457641"},{"cat":"function","dur":"14","name":"renderLine","ph":"X","pid":"0","tid":"0x1117a25c0","ts":"364931457929"},{"cat":"function","dur":"12","name":"renderLine","ph":"X","pid":"0","tid":"0x1117a25c0","ts":"364931457955"},{"cat":"function","dur":"17284","name":"loop","ph":"X","pid":"0","tid":"0x1117a25c0","ts":"364931457469"},{"cat":"function","dur":"30","name":"renderCircle","ph":"X","pid":"0","tid":"0x1117a25c0","ts":"364931474810"},{"cat":"function","dur":"10","name":"renderQuad","ph":"X","pid":"0","tid":"0x1117a25c0","ts":"364931474851"},{"cat":"function","dur":"15","name":"renderLine","ph":"X","pid":"0","tid":"0x1117a25c0","ts":"364931474881"},{"cat":"function","dur":"13","name":"render","ph":"X","pid":"0","tid":"0x1117a25c0","ts":"364931474906"},{"cat":"function","dur":"8","name":"render","ph":"X","pid":"0","tid":"0x1117a25c0","ts":"364931474927"},{"cat":"function","dur":"12","name":"render","ph":"X","pid":"0","tid":"0x1117a25c0","ts":"364931474943"},{"cat":"function","dur":"219","name":"renderFrame","ph":"X","pid":"0","tid":"0x1117a25c0","ts":"364931474906"},{"cat":"function","dur":"10","name":"renderLine","ph":"X","pid":"0","tid":"0x1117a25c0","ts":"364931475138"},{"cat":"function","dur":"7","name":"renderLine","ph":"X","pid":"0","tid":"0x1117a25c0","ts":"364931475157"},{"cat":"function","dur":"17934","name":"loop","ph":"X","pid":"0","tid":"0x1117a25c0","ts":"364931474788"},{"cat":"function","dur":"49","name":"renderCircle","ph":"X","pid":"0","tid":"0x1117a25c0","ts":"364931492819"},{"cat":"function","dur":"13","name":"renderQuad","ph":"X","pid":"0","tid":"0x1117a25c0","ts":"364931492880"},{"cat":"function","dur":"23","name":"renderLine","ph":"X","pid":"0","tid":"0x1117a25c0","ts":"364931492916"},{"cat":"function","dur":"18","name":"render","ph":"X","pid":"0","tid":"0x1117a25c0","ts":"364931492949"},{"cat":"function","dur":"10","name":"render","ph":"X","pid":"0","tid":"0x1117a25c0","ts":"364931492975"},{"cat":"function","dur":"14","name":"render","ph":"X","pid":"0","tid":"0x1117a25c0","ts":"364931492993"},{"cat":"function","dur":"236","name":"renderFrame","ph":"X","pid":"0","tid":"0x1117a25c0","ts":"364931492948"},{"cat":"function","dur":"11","name":"renderLine","ph":"X","pid":"0","tid":"0x1117a25c0","ts":"364931493198"},{"cat":"function","dur":"7","name":"renderLine","ph":"X","pid":"0","tid":"0x1117a25c0","ts":"364931493219"},{"cat":"function","dur":"17900","name":"loop","ph":"X","pid":"0","tid":"0x1117a25c0","ts":"364931492783"},{"cat":"function","dur":"29","name":"renderCircle","ph":"X","pid":"0","tid":"0x1117a25c0","ts":"364931510759"},{"cat":"function","dur":"10","name":"renderQuad","ph":"X","pid":"0","tid":"0x1117a25c0","ts":"364931510814"},{"cat":"function","dur":"16","name":"renderLine","ph":"X","pid":"0","tid":"0x1117a25c0","ts":"364931510843"},{"cat":"function","dur":"12","name":"render","ph":"X","pid":"0","tid":"0x1117a25c0","ts":"364931510869"},{"cat":"function","dur":"8","name":"render","ph":"X","pid":"0","tid":"0x1117a25c0","ts":"364931510889"},{"cat":"function","dur":"12","name":"render","ph":"X","pid":"0","tid":"0x1117a25c0","ts":"364931510905"},{"cat":"function","dur":"213","name":"renderFrame","ph":"X","pid":"0","tid":"0x1117a25c0","ts":"364931510868"},{"cat":"function","dur":"10","name":"renderLine","ph":"X","pid":"0","tid":"0x1117a25c0","ts":"364931511093"},{"cat":"function","dur":"6","name":"renderLine","ph":"X","pid":"0","tid":"0x1117a25c0","ts":"364931511112"},{"cat":"function","dur":"16905","name":"loop","ph":"X","pid":"0","tid":"0x1117a25c0","ts":"364931510736"},{"cat":"function","dur":"32","name":"renderCircle","ph":"X","pid":"0","tid":"0x1117a25c0","ts":"364931527715"},{"cat":"function","dur":"10","name":"renderQuad","ph":"X","pid":"0","tid":"0x1117a25c0","ts":"364931527759"},{"cat":"function","dur":"17","name":"renderLine","ph":"X","pid":"0","tid":"0x1117a25c0","ts":"364931527789"},{"cat":"function","dur":"13","name":"render","ph":"X","pid":"0","tid":"0x1117a25c0","ts":"364931527815"},{"cat":"function","dur":"8","name":"render","ph":"X","pid":"0","tid":"0x1117a25c0","ts":"364931527836"},{"cat":"function","dur":"14","name":"render","ph":"X","pid":"0","tid":"0x1117a25c0","ts":"364931527870"},{"cat":"function","dur":"251","name":"renderFrame","ph":"X","pid":"0","tid":"0x1117a25c0","ts":"364931527815"},{"cat":"function","dur":"11","name":"renderLine","ph":"X","pid":"0","tid":"0x1117a25c0","ts":"364931528083"},{"cat":"function","dur":"7","name":"renderLine","ph":"X","pid":"0","tid":"0x1117a25c0","ts":"364931528104"},{"cat":"function","dur":"17021","name":"loop","ph":"X","pid":"0","tid":"0x1117a25c0","ts":"364931527687"},{"cat":"function","dur":"29","name":"renderCircle","ph":"X","pid":"0","tid":"0x1117a25c0","ts":"364931544761"},{"cat":"function","dur":"9","name":"renderQuad","ph":"X","pid":"0","tid":"0x1117a25c0","ts":"364931544801"},{"cat":"function","dur":"16","name":"renderLine","ph":"X","pid":"0","tid":"0x1117a25c0","ts":"364931544828"},{"cat":"function","dur":"12","name":"render","ph":"X","pid":"0","tid":"0x1117a25c0","ts":"364931544854"},{"cat":"function","dur":"8","name":"render","ph":"X","pid":"0","tid":"0x1117a25c0","ts":"364931544874"},{"cat":"function","dur":"12","name":"render","ph":"X","pid":"0","tid":"0x1117a25c0","ts":"364931544890"},{"cat":"function","dur":"213","name":"renderFrame","ph":"X","pid":"0","tid":"0x1117a25c0","ts":"364931544853"},{"cat":"function","dur":"10","name":"renderLine","ph":"X","pid":"0","tid":"0x1117a25c0","ts":"364931545078"},{"cat":"function","dur":"6","name":"renderLine","ph":"X","pid":"0","tid":"0x1117a25c0","ts":"364931545097"},{"cat":"function","dur":"17992","name":"loop","ph":"X","pid":"0","tid":"0x1117a25c0","ts":"364931544741"},{"cat":"function","dur":"37","name":"renderCircle","ph":"X","pid":"0","tid":"0x1117a25c0","ts":"364931562806"},{"cat":"function","dur":"10","name":"renderQuad","ph":"X","pid":"0","tid":"0x1117a25c0","ts":"364931562856"},{"cat":"function","dur":"16","name":"renderLine","ph":"X","pid":"0","tid":"0x1117a25c0","ts":"364931562886"},{"cat":"function","dur":"12","name":"render","ph":"X","pid":"0","tid":"0x1117a25c0","ts":"364931562912"},{"cat":"function","dur":"9","name":"render","ph":"X","pid":"0","tid":"0x1117a25c0","ts":"364931562932"},{"cat":"function","dur":"12","name":"render","ph":"X","pid":"0","tid":"0x1117a25c0","ts":"364931562948"},{"cat":"function","dur":"214","name":"renderFrame","ph":"X","pid":"0","tid":"0x1117a25c0","ts":"364931562911"},{"cat":"function","dur":"10","name":"renderLine","ph":"X","pid":"0","tid":"0x1117a25c0","ts":"364931563137"},{"cat":"function","dur":"7","name":"renderLine","ph":"X","pid":"0","tid":"0x1117a25c0","ts":"364931563156"},{"cat":"function","dur":"47157","name":"loop","ph":"X","pid":"0","tid":"0x1117a25c0","ts":"364931562776"},{"cat":"function","dur":"28","name":"renderCircle","ph":"X","pid":"0","tid":"0x1117a25c0","ts":"364931609983"},{"cat":"function","dur":"10","name":"renderQuad","ph":"X","pid":"0","tid":"0x1117a25c0","ts":"364931610024"},{"cat":"function","dur":"17","name":"renderLine","ph":"X","pid":"0","tid":"0x1117a25c0","ts":"364931610052"},{"cat":"function","dur":"11","name":"render","ph":"X","pid":"0","tid":"0x1117a25c0","ts":"364931610079"},{"cat":"function","dur":"8","name":"render","ph":"X","pid":"0","tid":"0x1117a25c0","ts":"364931610099"},{"cat":"function","dur":"11","name":"render","ph":"X","pid":"0","tid":"0x1117a25c0","ts":"364931610115"},{"cat":"function","dur":"213","name":"renderFrame","ph":"X","pid":"0","tid":"0x1117a25c0","ts":"364931610078"},{"cat":"function","dur":"10","name":"renderLine","ph":"X","pid":"0","tid":"0x1117a25c0","ts":"364931610303"},{"cat":"function","dur":"7","name":"renderLine","ph":"X","pid":"0","tid":"0x1117a25c0","ts":"364931610323"},{"cat":"function","dur":"16676","name":"loop","ph":"X","pid":"0","tid":"0x1117a25c0","ts":"364931609968"},{"cat":"function","dur":"29","name":"renderCircle","ph":"X","pid":"0","tid":"0x1117a25c0","ts":"364931626698"},{"cat":"function","dur":"10","name":"renderQuad","ph":"X","pid":"0","tid":"0x1117a25c0","ts":"364931626738"},{"cat":"function","dur":"16","name":"renderLine","ph":"X","pid":"0","tid":"0x1117a25c0","ts":"364931626767"},{"cat":"function","dur":"13","name":"render","ph":"X","pid":"0","tid":"0x1117a25c0","ts":"364931626809"},{"cat":"function","dur":"8","name":"render","ph":"X","pid":"0","tid":"0x1117a25c0","ts":"364931626831"},{"cat":"function","dur":"11","name":"render","ph":"X","pid":"0","tid":"0x1117a25c0","ts":"364931626847"},{"cat":"function","dur":"214","name":"renderFrame","ph":"X","pid":"0","tid":"0x1117a25c0","ts":"364931626809"},{"cat":"function","dur":"10","name":"renderLine","ph":"X","pid":"0","tid":"0x1117a25c0","ts":"364931627035"},{"cat":"function","dur":"7","name":"renderLine","ph":"X","pid":"0","tid":"0x1117a25c0","ts":"364931627054"},{"cat":"function","dur":"16763","name":"loop","ph":"X","pid":"0","tid":"0x1117a25c0","ts":"364931626680"},{"cat":"function","dur":"43","name":"renderCircle","ph":"X","pid":"0","tid":"0x1117a25c0","ts":"364931643530"},{"cat":"function","dur":"12","name":"renderQuad","ph":"X","pid":"0","tid":"0x1117a25c0","ts":"364931643586"},{"cat":"function","dur":"22","name":"renderLine","ph":"X","pid":"0","tid":"0x1117a25c0","ts":"364931643619"},{"cat":"function","dur":"17","name":"render","ph":"X","pid":"0","tid":"0x1117a25c0","ts":"364931643651"},{"cat":"function","dur":"9","name":"render","ph":"X","pid":"0","tid":"0x1117a25c0","ts":"364931643677"},{"cat":"function","dur":"15","name":"render","ph":"X","pid":"0","tid":"0x1117a25c0","ts":"364931643694"},{"cat":"function","dur":"237","name":"renderFrame","ph":"X","pid":"0","tid":"0x1117a25c0","ts":"364931643650"},{"cat":"function","dur":"10","name":"renderLine","ph":"X","pid":"0","tid":"0x1117a25c0","ts":"364931643902"},{"cat":"function","dur":"7","name":"renderLine","ph":"X","pid":"0","tid":"0x1117a25c0","ts":"364931643923"},{"cat":"function","dur":"16635","name":"loop","ph":"X","pid":"0","tid":"0x1117a25c0","ts":"364931643504"},{"cat":"function","dur":"29","name":"renderCircle","ph":"X","pid":"0","tid":"0x1117a25c0","ts":"364931660194"},{"cat":"function","dur":"11","name":"renderQuad","ph":"X","pid":"0","tid":"0x1117a25c0","ts":"364931660236"},{"cat":"function","dur":"16","name":"renderLine","ph":"X","pid":"0","tid":"0x1117a25c0","ts":"364931660267"},{"cat":"function","dur":"13","name":"render","ph":"X","pid":"0","tid":"0x1117a25c0","ts":"364931660293"},{"cat":"function","dur":"8","name":"render","ph":"X","pid":"0","tid":"0x1117a25c0","ts":"364931660315"},{"cat":"function","dur":"13","name":"render","ph":"X","pid":"0","tid":"0x1117a25c0","ts":"364931660331"},{"cat":"function","dur":"223","name":"renderFrame","ph":"X","pid":"0","tid":"0x1117a25c0","ts":"364931660292"},{"cat":"function","dur":"11","name":"renderLine","ph":"X","pid":"0","tid":"0x1117a25c0","ts":"364931660546"},{"cat":"function","dur":"7","name":"renderLine","ph":"X","pid":"0","tid":"0x1117a25c0","ts":"364931660568"},{"cat":"function","dur":"16704","name":"loop","ph":"X","pid":"0","tid":"0x1117a25c0","ts":"364931660175"},{"cat":"function","dur":"41","name":"renderCircle","ph":"X","pid":"0","tid":"0x1117a25c0","ts":"364931676967"},{"cat":"function","dur":"12","name":"renderQuad","ph":"X","pid":"0","tid":"0x1117a25c0","ts":"364931677021"},{"cat":"function","dur":"23","name":"renderLine","ph":"X","pid":"0","tid":"0x1117a25c0","ts":"364931677056"},{"cat":"function","dur":"17","name":"render","ph":"X","pid":"0","tid":"0x1117a25c0","ts":"364931677090"},{"cat":"function","dur":"10","name":"render","ph":"X","pid":"0","tid":"0x1117a25c0","ts":"364931677116"},{"cat":"function","dur":"16","name":"render","ph":"X","pid":"0","tid":"0x1117a25c0","ts":"364931677134"},{"cat":"function","dur":"251","name":"renderFrame","ph":"X","pid":"0","tid":"0x1117a25c0","ts":"364931677089"},{"cat":"function","dur":"11","name":"renderLine","ph":"X","pid":"0","tid":"0x1117a25c0","ts":"364931677355"},{"cat":"function","dur":"7","name":"renderLine","ph":"X","pid":"0","tid":"0x1117a25c0","ts":"364931677378"},{"cat":"function","dur":"16493","name":"loop","ph":"X","pid":"0","tid":"0x1117a25c0","ts":"364931676940"},{"cat":"function","dur":"31","name":"renderCircle","ph":"X","pid":"0","tid":"0x1117a25c0","ts":"364931693487"},{"cat":"function","dur":"12","name":"renderQuad","ph":"X","pid":"0","tid":"0x1117a25c0","ts":"364931693548"},{"cat":"function","dur":"18","name":"renderLine","ph":"X","pid":"0","tid":"0x1117a25c0","ts":"364931693582"},{"cat":"function","dur":"14","name":"render","ph":"X","pid":"0","tid":"0x1117a25c0","ts":"364931693611"},{"cat":"function","dur":"9","name":"render","ph":"X","pid":"0","tid":"0x1117a25c0","ts":"364931693634"},{"cat":"function","dur":"14","name":"render","ph":"X","pid":"0","tid":"0x1117a25c0","ts":"364931693651"},{"cat":"function","dur":"241","name":"renderFrame","ph":"X","pid":"0","tid":"0x1117a25c0","ts":"364931693610"},{"cat":"function","dur":"12","name":"renderLine","ph":"X","pid":"0","tid":"0x1117a25c0","ts":"364931693865"},{"cat":"function","dur":"7","name":"renderLine","ph":"X","pid":"0","tid":"0x1117a25c0","ts":"364931693888"},{"cat":"function","dur":"17076","name":"loop","ph":"X","pid":"0","tid":"0x1117a25c0","ts":"364931693465"},{"cat":"function","dur":"42","name":"renderCircle","ph":"X","pid":"0","tid":"0x1117a25c0","ts":"364931710617"},{"cat":"function","dur":"13","name":"renderQuad","ph":"X","pid":"0","tid":"0x1117a25c0","ts":"364931710672"},{"cat":"function","dur":"22","name":"renderLine","ph":"X","pid":"0","tid":"0x1117a25c0","ts":"364931710708"},{"cat":"function","dur":"17","name":"render","ph":"X","pid":"0","tid":"0x1117a25c0","ts":"364931710742"},{"cat":"function","dur":"10","name":"render","ph":"X","pid":"0","tid":"0x1117a25c0","ts":"364931710768"},{"cat":"function","dur":"15","name":"render","ph":"X","pid":"0","tid":"0x1117a25c0","ts":"364931710787"},{"cat":"function","dur":"254","name":"renderFrame","ph":"X","pid":"0","tid":"0x1117a25c0","ts":"364931710741"},{"cat":"function","dur":"12","name":"renderLine","ph":"X","pid":"0","tid":"0x1117a25c0","ts":"364931711010"},{"cat":"function","dur":"7","name":"renderLine","ph":"X","pid":"0","tid":"0x1117a25c0","ts":"364931711034"},{"cat":"function","dur":"16721","name":"loop","ph":"X","pid":"0","tid":"0x1117a25c0","ts":"364931710591"},{"cat":"function","dur":"28","name":"renderCircle","ph":"X","pid":"0","tid":"0x1117a25c0","ts":"364931727367"},{"cat":"function","dur":"12","name":"renderQuad","ph":"X","pid":"0","tid":"0x1117a25c0","ts":"364931727408"},{"cat":"function","dur":"17","name":"renderLine","ph":"X","pid":"0","tid":"0x1117a25c0","ts":"364931727440"},{"cat":"function","dur":"13","name":"render","ph":"X","pid":"0","tid":"0x1117a25c0","ts":"364931727468"},{"cat":"function","dur":"9","name":"render","ph":"X","pid":"0","tid":"0x1117a25c0","ts":"364931727490"},{"cat":"function","dur":"12","name":"render","ph":"X","pid":"0","tid":"0x1117a25c0","ts":"364931727508"},{"cat":"function","dur":"232","name":"renderFrame","ph":"X","pid":"0","tid":"0x1117a25c0","ts":"364931727468"},{"cat":"function","dur":"12","name":"renderLine","ph":"X","pid":"0","tid":"0x1117a25c0","ts":"364931727714"},{"cat":"function","dur":"7","name":"renderLine","ph":"X","pid":"0","tid":"0x1117a25c0","ts":"364931727737"},{"cat":"function","dur":"16990","name":"loop","ph":"X","pid":"0","tid":"0x1117a25c0","ts":"364931727350"},{"cat":"function","dur":"43","name":"renderCircle","ph":"X","pid":"0","tid":"0x1117a25c0","ts":"364931744423"},{"cat":"function","dur":"13","name":"renderQuad","ph":"X","pid":"0","tid":"0x1117a25c0","ts":"364931744480"},{"cat":"function","dur":"23","name":"renderLine","ph":"X","pid":"0","tid":"0x1117a25c0","ts":"364931744517"},{"cat":"function","dur":"17","name":"render","ph":"X","pid":"0","tid":"0x1117a25c0","ts":"364931744552"},{"cat":"function","dur":"9","name":"render","ph":"X","pid":"0","tid":"0x1117a25c0","ts":"364931744579"},{"cat":"function","dur":"15","name":"render","ph":"X","pid":"0","tid":"0x1117a25c0","ts":"364931744597"},{"cat":"function","dur":"257","name":"renderFrame","ph":"X","pid":"0","tid":"0x1117a25c0","ts":"364931744551"},{"cat":"function","dur":"12","name":"renderLine","ph":"X","pid":"0","tid":"0x1117a25c0","ts":"364931744822"},{"cat":"function","dur":"8","name":"renderLine","ph":"X","pid":"0","tid":"0x1117a25c0","ts":"364931744845"},{"cat":"function","dur":"17388","name":"loop","ph":"X","pid":"0","tid":"0x1117a25c0","ts":"364931744397"},{"cat":"function","dur":"25","name":"renderCircle","ph":"X","pid":"0","tid":"0x1117a25c0","ts":"364931761838"},{"cat":"function","dur":"11","name":"renderQuad","ph":"X","pid":"0","tid":"0x1117a25c0","ts":"364931761875"},{"cat":"function","dur":"16","name":"renderLine","ph":"X","pid":"0","tid":"0x1117a25c0","ts":"364931761904"},{"cat":"function","dur":"13","name":"render","ph":"X","pid":"0","tid":"0x1117a25c0","ts":"364931761930"},{"cat":"function","dur":"8","name":"render","ph":"X","pid":"0","tid":"0x1117a25c0","ts":"364931761951"},{"cat":"function","dur":"13","name":"render","ph":"X","pid":"0","tid":"0x1117a25c0","ts":"364931761967"},{"cat":"function","dur":"218","name":"renderFrame","ph":"X","pid":"0","tid":"0x1117a25c0","ts":"364931761930"},{"cat":"function","dur":"11","name":"renderLine","ph":"X","pid":"0","tid":"0x1117a25c0","ts":"364931762161"},{"cat":"function","dur":"7","name":"renderLine","ph":"X","pid":"0","tid":"0x1117a25c0","ts":"364931762181"},{"cat":"function","dur":"16688","name":"loop","ph":"X","pid":"0","tid":"0x1117a25c0","ts":"364931761822"},{"cat":"function","dur":"29","name":"renderCircle","ph":"X","pid":"0","tid":"0x1117a25c0","ts":"364931778569"},{"cat":"function","dur":"10","name":"renderQuad","ph":"X","pid":"0","tid":"0x1117a25c0","ts":"364931778611"},{"cat":"function","dur":"16","name":"renderLine","ph":"X","pid":"0","tid":"0x1117a25c0","ts":"364931778641"},{"cat":"function","dur":"13","name":"render","ph":"X","pid":"0","tid":"0x1117a25c0","ts":"364931778668"},{"cat":"function","dur":"8","name":"render","ph":"X","pid":"0","tid":"0x1117a25c0","ts":"364931778690"},{"cat":"function","dur":"14","name":"render","ph":"X","pid":"0","tid":"0x1117a25c0","ts":"364931778706"},{"cat":"function","dur":"234","name":"renderFrame","ph":"X","pid":"0","tid":"0x1117a25c0","ts":"364931778667"},{"cat":"function","dur":"11","name":"renderLine","ph":"X","pid":"0","tid":"0x1117a25c0","ts":"364931778915"},{"cat":"function","dur":"7","name":"renderLine","ph":"X","pid":"0","tid":"0x1117a25c0","ts":"364931778936"},{"cat":"function","dur":"16727","name":"loop","ph":"X","pid":"0","tid":"0x1117a25c0","ts":"364931778550"},{"cat":"function","dur":"24","name":"renderCircle","ph":"X","pid":"0","tid":"0x1117a25c0","ts":"364931795326"},{"cat":"function","dur":"10","name":"renderQuad","ph":"X","pid":"0","tid":"0x1117a25c0","ts":"364931795362"},{"cat":"function","dur":"15","name":"renderLine","ph":"X","pid":"0","tid":"0x1117a25c0","ts":"364931795391"},{"cat":"function","dur":"12","name":"render","ph":"X","pid":"0","tid":"0x1117a25c0","ts":"364931795416"},{"cat":"function","dur":"8","name":"render","ph":"X","pid":"0","tid":"0x1117a25c0","ts":"364931795437"},{"cat":"function","dur":"12","name":"render","ph":"X","pid":"0","tid":"0x1117a25c0","ts":"364931795453"},{"cat":"function","dur":"225","name":"renderFrame","ph":"X","pid":"0","tid":"0x1117a25c0","ts":"364931795415"},{"cat":"function","dur":"11","name":"renderLine","ph":"X","pid":"0","tid":"0x1117a25c0","ts":"364931795653"},{"cat":"function","dur":"6","name":"renderLine","ph":"X","pid":"0","tid":"0x1117a25c0","ts":"364931795675"},{"cat":"function","dur":"16090","name":"loop","ph":"X","pid":"0","tid":"0x1117a25c0","ts":"364931795310"},{"cat":"function","dur":"34","name":"renderCircle","ph":"X","pid":"0","tid":"0x1117a25c0","ts":"364931811466"},{"cat":"function","dur":"11","name":"renderQuad","ph":"X","pid":"0","tid":"0x1117a25c0","ts":"364931811513"},{"cat":"function","dur":"19","name":"renderLine","ph":"X","pid":"0","tid":"0x1117a25c0","ts":"364931811543"},{"cat":"function","dur":"13","name":"render","ph":"X","pid":"0","tid":"0x1117a25c0","ts":"364931811572"},{"cat":"function","dur":"9","name":"render","ph":"X","pid":"0","tid":"0x1117a25c0","ts":"364931811593"},{"cat":"function","dur":"13","name":"render","ph":"X","pid":"0","tid":"0x1117a25c0","ts":"364931811610"},{"cat":"function","dur":"246","name":"renderFrame","ph":"X","pid":"0","tid":"0x1117a25c0","ts":"364931811571"},{"cat":"function","dur":"12","name":"renderLine","ph":"X","pid":"0","tid":"0x1117a25c0","ts":"364931811849"},{"cat":"function","dur":"8","name":"renderLine","ph":"X","pid":"0","tid":"0x1117a25c0","ts":"364931811871"},{"cat":"function","dur":"16499","name":"loop","ph":"X","pid":"0","tid":"0x1117a25c0","ts":"364931811443"},{"cat":"function","dur":"23","name":"renderCircle","ph":"X","pid":"0","tid":"0x1117a25c0","ts":"364931827987"},{"cat":"function","dur":"11","name":"renderQuad","ph":"X","pid":"0","tid":"0x1117a25c0","ts":"364931828022"},{"cat":"function","dur":"15","name":"renderLine","ph":"X","pid":"0","tid":"0x1117a25c0","ts":"364931828051"},{"cat":"function","dur":"12","name":"render","ph":"X","pid":"0","tid":"0x1117a25c0","ts":"364931828075"},{"cat":"function","dur":"8","name":"render","ph":"X","pid":"0","tid":"0x1117a25c0","ts":"364931828095"},{"cat":"function","dur":"13","name":"render","ph":"X","pid":"0","tid":"0x1117a25c0","ts":"364931828111"},{"cat":"function","dur":"223","name":"renderFrame","ph":"X","pid":"0","tid":"0x1117a25c0","ts":"364931828075"},{"cat":"function","dur":"11","name":"renderLine","ph":"X","pid":"0","tid":"0x1117a25c0","ts":"364931828313"},{"cat":"function","dur":"7","name":"renderLine","ph":"X","pid":"0","tid":"0x1117a25c0","ts":"364931828334"},{"cat":"function","dur":"16169","name":"loop","ph":"X","pid":"0","tid":"0x1117a25c0","ts":"364931827972"},{"cat":"function","dur":"32","name":"renderCircle","ph":"X","pid":"0","tid":"0x1117a25c0","ts":"364931844208"},{"cat":"function","dur":"12","name":"renderQuad","ph":"X","pid":"0","tid":"0x1117a25c0","ts":"364931844253"},{"cat":"function","dur":"19","name":"renderLine","ph":"X","pid":"0","tid":"0x1117a25c0","ts":"364931844286"},{"cat":"function","dur":"13","name":"render","ph":"X","pid":"0","tid":"0x1117a25c0","ts":"364931844316"},{"cat":"function","dur":"9","name":"render","ph":"X","pid":"0","tid":"0x1117a25c0","ts":"364931844339"},{"cat":"function","dur":"14","name":"render","ph":"X","pid":"0","tid":"0x1117a25c0","ts":"364931844357"},{"cat":"function","dur":"269","name":"renderFrame","ph":"X","pid":"0","tid":"0x1117a25c0","ts":"364931844315"},{"cat":"function","dur":"12","name":"renderLine","ph":"X","pid":"0","tid":"0x1117a25c0","ts":"364931844602"},{"cat":"function","dur":"8","name":"renderLine","ph":"X","pid":"0","tid":"0x1117a25c0","ts":"364931844626"},{"cat":"function","dur":"16258","name":"loop","ph":"X","pid":"0","tid":"0x1117a25c0","ts":"364931844186"},{"cat":"function","dur":"25","name":"renderCircle","ph":"X","pid":"0","tid":"0x1117a25c0","ts":"364931860514"},{"cat":"function","dur":"11","name":"renderQuad","ph":"X","pid":"0","tid":"0x1117a25c0","ts":"364931860555"},{"cat":"function","dur":"15","name":"renderLine","ph":"X","pid":"0","tid":"0x1117a25c0","ts":"364931860586"},{"cat":"function","dur":"12","name":"render","ph":"X","pid":"0","tid":"0x1117a25c0","ts":"364931860612"},{"cat":"function","dur":"8","name":"render","ph":"X","pid":"0","tid":"0x1117a25c0","ts":"364931860633"},{"cat":"function","dur":"54","name":"render","ph":"X","pid":"0","tid":"0x1117a25c0","ts":"364931860649"},{"cat":"function","dur":"277","name":"renderFrame","ph":"X","pid":"0","tid":"0x1117a25c0","ts":"364931860611"},{"cat":"function","dur":"13","name":"renderLine","ph":"X","pid":"0","tid":"0x1117a25c0","ts":"364931860904"},{"cat":"function","dur":"8","name":"renderLine","ph":"X","pid":"0","tid":"0x1117a25c0","ts":"364931860927"},{"cat":"function","dur":"16736","name":"loop","ph":"X","pid":"0","tid":"0x1117a25c0","ts":"364931860498"},{"cat":"function","dur":"33","name":"renderCircle","ph":"X","pid":"0","tid":"0x1117a25c0","ts":"364931877313"},{"cat":"function","dur":"12","name":"renderQuad","ph":"X","pid":"0","tid":"0x1117a25c0","ts":"364931877359"},{"cat":"function","dur":"18","name":"renderLine","ph":"X","pid":"0","tid":"0x1117a25c0","ts":"364931877393"},{"cat":"function","dur":"14","name":"render","ph":"X","pid":"0","tid":"0x1117a25c0","ts":"364931877422"},{"cat":"function","dur":"9","name":"render","ph":"X","pid":"0","tid":"0x1117a25c0","ts":"364931877445"},{"cat":"function","dur":"13","name":"render","ph":"X","pid":"0","tid":"0x1117a25c0","ts":"364931877463"},{"cat":"function","dur":"265","name":"renderFrame","ph":"X","pid":"0","tid":"0x1117a25c0","ts":"364931877421"},{"cat":"function","dur":"11","name":"renderLine","ph":"X","pid":"0","tid":"0x1117a25c0","ts":"364931877701"},{"cat":"function","dur":"8","name":"renderLine","ph":"X","pid":"0","tid":"0x1117a25c0","ts":"364931877723"},{"cat":"function","dur":"16518","name":"loop","ph":"X","pid":"0","tid":"0x1117a25c0","ts":"364931877288"},{"cat":"function","dur":"24","name":"renderCircle","ph":"X","pid":"0","tid":"0x1117a25c0","ts":"364931893855"},{"cat":"function","dur":"10","name":"renderQuad","ph":"X","pid":"0","tid":"0x1117a25c0","ts":"364931893891"},{"cat":"function","dur":"15","name":"renderLine","ph":"X","pid":"0","tid":"0x1117a25c0","ts":"364931893920"},{"cat":"function","dur":"12","name":"render","ph":"X","pid":"0","tid":"0x1117a25c0","ts":"364931893945"},{"cat":"function","dur":"9","name":"render","ph":"X","pid":"0","tid":"0x1117a25c0","ts":"364931893966"},{"cat":"function","dur":"11","name":"render","ph":"X","pid":"0","tid":"0x1117a25c0","ts":"364931893983"},{"cat":"function","dur":"222","name":"renderFrame","ph":"X","pid":"0","tid":"0x1117a25c0","ts":"364931893945"},{"cat":"function","dur":"11","name":"renderLine","ph":"X","pid":"0","tid":"0x1117a25c0","ts":"364931894179"},{"cat":"function","dur":"8","name":"renderLine","ph":"X","pid":"0","tid":"0x1117a25c0","ts":"364931894200"},{"cat":"function","dur":"17298","name":"loop","ph":"X","pid":"0","tid":"0x1117a25c0","ts":"364931893839"},{"cat":"function","dur":"33","name":"renderCircle","ph":"X","pid":"0","tid":"0x1117a25c0","ts":"364931911216"},{"cat":"function","dur":"11","name":"renderQuad","ph":"X","pid":"0","tid":"0x1117a25c0","ts":"364931911263"},{"cat":"function","dur":"17","name":"renderLine","ph":"X","pid":"0","tid":"0x1117a25c0","ts":"364931911296"},{"cat":"function","dur":"14","name":"render","ph":"X","pid":"0","tid":"0x1117a25c0","ts":"364931911324"},{"cat":"function","dur":"10","name":"render","ph":"X","pid":"0","tid":"0x1117a25c0","ts":"364931911347"},{"cat":"function","dur":"13","name":"render","ph":"X","pid":"0","tid":"0x1117a25c0","ts":"364931911365"},{"cat":"function","dur":"259","name":"renderFrame","ph":"X","pid":"0","tid":"0x1117a25c0","ts":"364931911323"},{"cat":"function","dur":"11","name":"renderLine","ph":"X","pid":"0","tid":"0x1117a25c0","ts":"364931911596"},{"cat":"function","dur":"8","name":"renderLine","ph":"X","pid":"0","tid":"0x1117a25c0","ts":"364931911618"},{"cat":"function","dur":"16879","name":"loop","ph":"X","pid":"0","tid":"0x1117a25c0","ts":"364931911194"},{"cat":"function","dur":"26","name":"renderCircle","ph":"X","pid":"0","tid":"0x1117a25c0","ts":"364931928122"},{"cat":"function","dur":"10","name":"renderQuad","ph":"X","pid":"0","tid":"0x1117a25c0","ts":"364931928159"},{"cat":"function","dur":"15","name":"renderLine","ph":"X","pid":"0","tid":"0x1117a25c0","ts":"364931928188"},{"cat":"function","dur":"12","name":"render","ph":"X","pid":"0","tid":"0x1117a25c0","ts":"364931928213"},{"cat":"function","dur":"8","name":"render","ph":"X","pid":"0","tid":"0x1117a25c0","ts":"364931928233"},{"cat":"function","dur":"11","name":"render","ph":"X","pid":"0","tid":"0x1117a25c0","ts":"364931928249"},{"cat":"function","dur":"215","name":"renderFrame","ph":"X","pid":"0","tid":"0x1117a25c0","ts":"364931928212"},{"cat":"function","dur":"10","name":"renderLine","ph":"X","pid":"0","tid":"0x1117a25c0","ts":"364931928440"},{"cat":"function","dur":"7","name":"renderLine","ph":"X","pid":"0","tid":"0x1117a25c0","ts":"364931928460"},{"cat":"function","dur":"16824","name":"loop","ph":"X","pid":"0","tid":"0x1117a25c0","ts":"364931928105"},{"cat":"function","dur":"33","name":"renderCircle","ph":"X","pid":"0","tid":"0x1117a25c0","ts":"364931944991"},{"cat":"function","dur":"11","name":"renderQuad","ph":"X","pid":"0","tid":"0x1117a25c0","ts":"364931945038"},{"cat":"function","dur":"18","name":"renderLine","ph":"X","pid":"0","tid":"0x1117a25c0","ts":"364931945070"},{"cat":"function","dur":"14","name":"render","ph":"X","pid":"0","tid":"0x1117a25c0","ts":"364931945102"},{"cat":"function","dur":"10","name":"render","ph":"X","pid":"0","tid":"0x1117a25c0","ts":"364931945126"},{"cat":"function","dur":"16","name":"render","ph":"X","pid":"0","tid":"0x1117a25c0","ts":"364931945145"},{"cat":"function","dur":"266","name":"renderFrame","ph":"X","pid":"0","tid":"0x1117a25c0","ts":"364931945101"},{"cat":"function","dur":"12","name":"renderLine","ph":"X","pid":"0","tid":"0x1117a25c0","ts":"364931945382"},{"cat":"function","dur":"7","name":"renderLine","ph":"X","pid":"0","tid":"0x1117a25c0","ts":"364931945405"},{"cat":"function","dur":"17661","name":"loop","ph":"X","pid":"0","tid":"0x1117a25c0","ts":"364931944970"},{"cat":"function","dur":"27","name":"renderCircle","ph":"X","pid":"0","tid":"0x1117a25c0","ts":"364931962686"},{"cat":"function","dur":"10","name":"renderQuad","ph":"X","pid":"0","tid":"0x1117a25c0","ts":"364931962725"},{"cat":"function","dur":"16","name":"renderLine","ph":"X","pid":"0","tid":"0x1117a25c0","ts":"364931962754"},{"cat":"function","dur":"13","name":"render","ph":"X","pid":"0","tid":"0x1117a25c0","ts":"364931962780"},{"cat":"function","dur":"9","name":"render","ph":"X","pid":"0","tid":"0x1117a25c0","ts":"364931962801"},{"cat":"function","dur":"12","name":"render","ph":"X","pid":"0","tid":"0x1117a25c0","ts":"364931962818"},{"cat":"function","dur":"221","name":"renderFrame","ph":"X","pid":"0","tid":"0x1117a25c0","ts":"364931962780"},{"cat":"function","dur":"10","name":"renderLine","ph":"X","pid":"0","tid":"0x1117a25c0","ts":"364931963013"},{"cat":"function","dur":"7","name":"renderLine","ph":"X","pid":"0","tid":"0x1117a25c0","ts":"364931963033"},{"cat":"function","dur":"83252","name":"loop","ph":"X","pid":"0","tid":"0x1117a25c0","ts":"364931962665"}],"displayTimeUnit":"ns"}