{"traceEvents":[{"cat":"function","dur":"5512","name":"renderCircle","ph":"X","pid":"0","tid":"0x1132a95c0","ts":"365492060969"},{"cat":"function","dur":"1531","name":"renderQuad","ph":"X","pid":"0","tid":"0x1132a95c0","ts":"365492066556"},{"cat":"function","dur":"921","name":"renderLine","ph":"X","pid":"0","tid":"0x1132a95c0","ts":"365492068141"},{"cat":"function","dur":"1665","name":"render","ph":"X","pid":"0","tid":"0x1132a95c0","ts":"365492069091"},{"cat":"function","dur":"29","name":"render","ph":"X","pid":"0","tid":"0x1132a95c0","ts":"365492070779"},{"cat":"function","dur":"22","name":"render","ph":"X","pid":"0","tid":"0x1132a95c0","ts":"365492070824"},{"cat":"function","dur":"1997","name":"renderFrame","ph":"X","pid":"0","tid":"0x1132a95c0","ts":"365492069090"},{"cat":"function","dur":"43","name":"renderLine","ph":"X","pid":"0","tid":"0x1132a95c0","ts":"365492071110"},{"cat":"function","dur":"34","name":"renderLine","ph":"X","pid":"0","tid":"0x1132a95c0","ts":"365492071179"},{"cat":"function","dur":"123934","name":"loop","ph":"X","pid":"0","tid":"0x1132a95c0","ts":"365492060934"},{"cat":"function","dur":"39","name":"renderCircle","ph":"X","pid":"0","tid":"0x1132a95c0","ts":"365492184938"},{"cat":"function","dur":"12","name":"renderQuad","ph":"X","pid":"0","tid":"0x1132a95c0","ts":"365492184995"},{"cat":"function","dur":"18","name":"renderLine","ph":"X","pid":"0","tid":"0x1132a95c0","ts":"365492185030"},{"cat":"function","dur":"14","name":"render","ph":"X","pid":"0","tid":"0x1132a95c0","ts":"365492185061"},{"cat":"function","dur":"9","name":"render","ph":"X","pid":"0","tid":"0x1132a95c0","ts":"365492185086"},{"cat":"function","dur":"8","name":"render","ph":"X","pid":"0","tid":"0x1132a95c0","ts":"365492185106"},{"cat":"function","dur":"237","name":"renderFrame","ph":"X","pid":"0","tid":"0x1132a95c0","ts":"365492185060"},{"cat":"function","dur":"11","name":"renderLine","ph":"X","pid":"0","tid":"0x1132a95c0","ts":"365492185313"},{"cat":"function","dur":"58","name":"renderLine","ph":"X","pid":"0","tid":"0x1132a95c0","ts":"365492185347"},{"cat":"function","dur":"16992","name":"loop","ph":"X","pid":"0","tid":"0x1132a95c0","ts":"365492184919"},{"cat":"function","dur":"32","name":"renderCircle","ph":"X","pid":"0","tid":"0x1132a95c0","ts":"365492201971"},{"cat":"function","dur":"13","name":"renderQuad","ph":"X","pid":"0","tid":"0x1132a95c0","ts":"365492202021"},{"cat":"function","dur":"65","name":"renderLine","ph":"X","pid":"0","tid":"0x1132a95c0","ts":"365492202089"},{"cat":"function","dur":"15","name":"render","ph":"X","pid":"0","tid":"0x1132a95c0","ts":"365492202180"},{"cat":"function","dur":"9","name":"render","ph":"X","pid":"0","tid":"0x1132a95c0","ts":"365492202208"},{"cat":"function","dur":"8","name":"render","ph":"X","pid":"0","tid":"0x1132a95c0","ts":"365492202229"},{"cat":"function","dur":"3445","name":"renderFrame","ph":"X","pid":"0","tid":"0x1132a95c0","ts":"365492202180"},{"cat":"function","dur":"18","name":"renderLine","ph":"X","pid":"0","tid":"0x1132a95c0","ts":"365492205655"},{"cat":"function","dur":"9","name":"renderLine","ph":"X","pid":"0","tid":"0x1132a95c0","ts":"365492205689"},{"cat":"function","dur":"16891","name":"loop","ph":"X","pid":"0","tid":"0x1132a95c0","ts":"365492201956"},{"cat":"function","dur":"26","name":"renderCircle","ph":"X","pid":"0","tid":"0x1132a95c0","ts":"365492218901"},{"cat":"function","dur":"11","name":"renderQuad","ph":"X","pid":"0","tid":"0x1132a95c0","ts":"365492218944"},{"cat":"function","dur":"16","name":"renderLine","ph":"X","pid":"0","tid":"0x1132a95c0","ts":"365492218977"},{"cat":"function","dur":"13","name":"render","ph":"X","pid":"0","tid":"0x1132a95c0","ts":"365492219006"},{"cat":"function","dur":"8","name":"render","ph":"X","pid":"0","tid":"0x1132a95c0","ts":"365492219031"},{"cat":"function","dur":"12","name":"render","ph":"X","pid":"0","tid":"0x1132a95c0","ts":"365492219050"},{"cat":"function","dur":"238","name":"renderFrame","ph":"X","pid":"0","tid":"0x1132a95c0","ts":"365492219006"},{"cat":"function","dur":"12","name":"renderLine","ph":"X","pid":"0","tid":"0x1132a95c0","ts":"365492219260"},{"cat":"function","dur":"9","name":"renderLine","ph":"X","pid":"0","tid":"0x1132a95c0","ts":"365492219306"},{"cat":"function","dur":"16320","name":"loop","ph":"X","pid":"0","tid":"0x1132a95c0","ts":"365492218887"},{"cat":"function","dur":"31","name":"renderCircle","ph":"X","pid":"0","tid":"0x1132a95c0","ts":"365492235262"},{"cat":"function","dur":"11","name":"renderQuad","ph":"X","pid":"0","tid":"0x1132a95c0","ts":"365492235307"},{"cat":"function","dur":"17","name":"renderLine","ph":"X","pid":"0","tid":"0x1132a95c0","ts":"365492235339"},{"cat":"function","dur":"13","name":"render","ph":"X","pid":"0","tid":"0x1132a95c0","ts":"365492235366"},{"cat":"function","dur":"9","name":"render","ph":"X","pid":"0","tid":"0x1132a95c0","ts":"365492235387"},{"cat":"function","dur":"16","name":"render","ph":"X","pid":"0","tid":"0x1132a95c0","ts":"365492235404"},{"cat":"function","dur":"255","name":"renderFrame","ph":"X","pid":"0","tid":"0x1132a95c0","ts":"365492235365"},{"cat":"function","dur":"82","name":"renderLine","ph":"X","pid":"0","tid":"0x1132a95c0","ts":"365492235638"},{"cat":"function","dur":"36","name":"renderLine","ph":"X","pid":"0","tid":"0x1132a95c0","ts":"365492235734"},{"cat":"function","dur":"16855","name":"loop","ph":"X","pid":"0","tid":"0x1132a95c0","ts":"365492235245"},{"cat":"function","dur":"27","name":"renderCircle","ph":"X","pid":"0","tid":"0x1132a95c0","ts":"365492252149"},{"cat":"function","dur":"11","name":"renderQuad","ph":"X","pid":"0","tid":"0x1132a95c0","ts":"365492252189"},{"cat":"function","dur":"22","name":"renderLine","ph":"X","pid":"0","tid":"0x1132a95c0","ts":"365492252221"},{"cat":"function","dur":"13","name":"render","ph":"X","pid":"0","tid":"0x1132a95c0","ts":"365492252254"},{"cat":"function","dur":"9","name":"render","ph":"X","pid":"0","tid":"0x1132a95c0","ts":"365492252276"},{"cat":"function","dur":"8","name":"render","ph":"X","pid":"0","tid":"0x1132a95c0","ts":"365492252293"},{"cat":"function","dur":"230","name":"renderFrame","ph":"X","pid":"0","tid":"0x1132a95c0","ts":"365492252253"},{"cat":"function","dur":"12","name":"renderLine","ph":"X","pid":"0","tid":"0x1132a95c0","ts":"365492252496"},{"cat":"function","dur":"8","name":"renderLine","ph":"X","pid":"0","tid":"0x1132a95c0","ts":"365492252518"},{"cat":"function","dur":"16453","name":"loop","ph":"X","pid":"0","tid":"0x1132a95c0","ts":"365492252134"},{"cat":"function","dur":"31","name":"renderCircle","ph":"X","pid":"0","tid":"0x1132a95c0","ts":"365492268667"},{"cat":"function","dur":"12","name":"renderQuad","ph":"X","pid":"0","tid":"0x1132a95c0","ts":"365492268713"},{"cat":"function","dur":"24","name":"renderLine","ph":"X","pid":"0","tid":"0x1132a95c0","ts":"365492268745"},{"cat":"function","dur":"14","name":"render","ph":"X","pid":"0","tid":"0x1132a95c0","ts":"365492268781"},{"cat":"function","dur":"9","name":"render","ph":"X","pid":"0","tid":"0x1132a95c0","ts":"365492268804"},{"cat":"function","dur":"8","name":"render","ph":"X","pid":"0","tid":"0x1132a95c0","ts":"365492268821"},{"cat":"function","dur":"250","name":"renderFrame","ph":"X","pid":"0","tid":"0x1132a95c0","ts":"365492268781"},{"cat":"function","dur":"13","name":"renderLine","ph":"X","pid":"0","tid":"0x1132a95c0","ts":"365492269049"},{"cat":"function","dur":"7","name":"renderLine","ph":"X","pid":"0","tid":"0x1132a95c0","ts":"365492269073"},{"cat":"function","dur":"16770","name":"loop","ph":"X","pid":"0","tid":"0x1132a95c0","ts":"365492268624"},{"cat":"function","dur":"36","name":"renderCircle","ph":"X","pid":"0","tid":"0x1132a95c0","ts":"365492285449"},{"cat":"function","dur":"12","name":"renderQuad","ph":"X","pid":"0","tid":"0x1132a95c0","ts":"365492285500"},{"cat":"function","dur":"19","name":"renderLine","ph":"X","pid":"0","tid":"0x1132a95c0","ts":"365492285534"},{"cat":"function","dur":"13","name":"render","ph":"X","pid":"0","tid":"0x1132a95c0","ts":"365492285564"},{"cat":"function","dur":"9","name":"render","ph":"X","pid":"0","tid":"0x1132a95c0","ts":"365492285586"},{"cat":"function","dur":"8","name":"render","ph":"X","pid":"0","tid":"0x1132a95c0","ts":"365492285604"},{"cat":"function","dur":"289","name":"renderFrame","ph":"X","pid":"0","tid":"0x1132a95c0","ts":"365492285563"},{"cat":"function","dur":"16","name":"renderLine","ph":"X","pid":"0","tid":"0x1132a95c0","ts":"365492285871"},{"cat":"function","dur":"8","name":"renderLine","ph":"X","pid":"0","tid":"0x1132a95c0","ts":"365492285900"},{"cat":"function","dur":"17230","name":"loop","ph":"X","pid":"0","tid":"0x1132a95c0","ts":"365492285433"},{"cat":"function","dur":"42","name":"renderCircle","ph":"X","pid":"0","tid":"0x1132a95c0","ts":"365492302734"},{"cat":"function","dur":"12","name":"renderQuad","ph":"X","pid":"0","tid":"0x1132a95c0","ts":"365492302790"},{"cat":"function","dur":"20","name":"renderLine","ph":"X","pid":"0","tid":"0x1132a95c0","ts":"365492302826"},{"cat":"function","dur":"14","name":"render","ph":"X","pid":"0","tid":"0x1132a95c0","ts":"365492302857"},{"cat":"function","dur":"9","name":"render","ph":"X","pid":"0","tid":"0x1132a95c0","ts":"365492302880"},{"cat":"function","dur":"8","name":"render","ph":"X","pid":"0","tid":"0x1132a95c0","ts":"365492302897"},{"cat":"function","dur":"237","name":"renderFrame","ph":"X","pid":"0","tid":"0x1132a95c0","ts":"365492302856"},{"cat":"function","dur":"12","name":"renderLine","ph":"X","pid":"0","tid":"0x1132a95c0","ts":"365492303106"},{"cat":"function","dur":"8","name":"renderLine","ph":"X","pid":"0","tid":"0x1132a95c0","ts":"365492303128"},{"cat":"function","dur":"17396","name":"loop","ph":"X","pid":"0","tid":"0x1132a95c0","ts":"365492302707"},{"cat":"function","dur":"38","name":"renderCircle","ph":"X","pid":"0","tid":"0x1132a95c0","ts":"365492320187"},{"cat":"function","dur":"11","name":"renderQuad","ph":"X","pid":"0","tid":"0x1132a95c0","ts":"365492320237"},{"cat":"function","dur":"18","name":"renderLine","ph":"X","pid":"0","tid":"0x1132a95c0","ts":"365492320267"},{"cat":"function","dur":"13","name":"render","ph":"X","pid":"0","tid":"0x1132a95c0","ts":"365492320294"},{"cat":"function","dur":"8","name":"render","ph":"X","pid":"0","tid":"0x1132a95c0","ts":"365492320314"},{"cat":"function","dur":"7","name":"render","ph":"X","pid":"0","tid":"0x1132a95c0","ts":"365492320329"},{"cat":"function","dur":"217","name":"renderFrame","ph":"X","pid":"0","tid":"0x1132a95c0","ts":"365492320294"},{"cat":"function","dur":"11","name":"renderLine","ph":"X","pid":"0","tid":"0x1132a95c0","ts":"365492320523"},{"cat":"function","dur":"7","name":"renderLine","ph":"X","pid":"0","tid":"0x1132a95c0","ts":"365492320544"},{"cat":"function","dur":"17221","name":"loop","ph":"X","pid":"0","tid":"0x1132a95c0","ts":"365492320166"},{"cat":"function","dur":"73","name":"renderCircle","ph":"X","pid":"0","tid":"0x1132a95c0","ts":"365492337510"},{"cat":"function","dur":"29","name":"renderQuad","ph":"X","pid":"0","tid":"0x1132a95c0","ts":"365492337637"},{"cat":"function","dur":"39","name":"renderLine","ph":"X","pid":"0","tid":"0x1132a95c0","ts":"365492337729"},{"cat":"function","dur":"42","name":"render","ph":"X","pid":"0","tid":"0x1132a95c0","ts":"365492337802"},{"cat":"function","dur":"25","name":"render","ph":"X","pid":"0","tid":"0x1132a95c0","ts":"365492337875"},{"cat":"function","dur":"23","name":"render","ph":"X","pid":"0","tid":"0x1132a95c0","ts":"365492337923"},{"cat":"function","dur":"649","name":"renderFrame","ph":"X","pid":"0","tid":"0x1132a95c0","ts":"365492337801"},{"cat":"function","dur":"27","name":"renderLine","ph":"X","pid":"0","tid":"0x1132a95c0","ts":"365492338484"},{"cat":"function","dur":"13","name":"renderLine","ph":"X","pid":"0","tid":"0x1132a95c0","ts":"365492338529"},{"cat":"function","dur":"17360","name":"loop","ph":"X","pid":"0","tid":"0x1132a95c0","ts":"365492337465"},{"cat":"function","dur":"32","name":"renderCircle","ph":"X","pid":"0","tid":"0x1132a95c0","ts":"365492354885"},{"cat":"function","dur":"11","name":"renderQuad","ph":"X","pid":"0","tid":"0x1132a95c0","ts":"365492354931"},{"cat":"function","dur":"16","name":"renderLine","ph":"X","pid":"0","tid":"0x1132a95c0","ts":"365492354964"},{"cat":"function","dur":"15","name":"render","ph":"X","pid":"0","tid":"0x1132a95c0","ts":"365492354991"},{"cat":"function","dur":"11","name":"render","ph":"X","pid":"0","tid":"0x1132a95c0","ts":"365492355034"},{"cat":"function","dur":"8","name":"render","ph":"X","pid":"0","tid":"0x1132a95c0","ts":"365492355054"},{"cat":"function","dur":"255","name":"renderFrame","ph":"X","pid":"0","tid":"0x1132a95c0","ts":"365492354990"},{"cat":"function","dur":"12","name":"renderLine","ph":"X","pid":"0","tid":"0x1132a95c0","ts":"365492355258"},{"cat":"function","dur":"7","name":"renderLine","ph":"X","pid":"0","tid":"0x1132a95c0","ts":"365492355281"},{"cat":"function","dur":"17857","name":"loop","ph":"X","pid":"0","tid":"0x1132a95c0","ts":"365492354864"},{"cat":"function","dur":"52","name":"renderCircle","ph":"X","pid":"0","tid":"0x1132a95c0","ts":"365492372805"},{"cat":"function","dur":"13","name":"renderQuad","ph":"X","pid":"0","tid":"0x1132a95c0","ts":"365492372871"},{"cat":"function","dur":"20","name":"renderLine","ph":"X","pid":"0","tid":"0x1132a95c0","ts":"365492372907"},{"cat":"function","dur":"16","name":"render","ph":"X","pid":"0","tid":"0x1132a95c0","ts":"365492372938"},{"cat":"function","dur":"10","name":"render","ph":"X","pid":"0","tid":"0x1132a95c0","ts":"365492372963"},{"cat":"function","dur":"10","name":"render","ph":"X","pid":"0","tid":"0x1132a95c0","ts":"365492372981"},{"cat":"function","dur":"255","name":"renderFrame","ph":"X","pid":"0","tid":"0x1132a95c0","ts":"365492372937"},{"cat":"function","dur":"12","name":"renderLine","ph":"X","pid":"0","tid":"0x1132a95c0","ts":"365492373207"},{"cat":"function","dur":"9","name":"renderLine","ph":"X","pid":"0","tid":"0x1132a95c0","ts":"365492373231"},{"cat":"function","dur":"17122","name":"loop","ph":"X","pid":"0","tid":"0x1132a95c0","ts":"365492372770"},{"cat":"function","dur":"36","name":"renderCircle","ph":"X","pid":"0","tid":"0x1132a95c0","ts":"365492389948"},{"cat":"function","dur":"11","name":"renderQuad","ph":"X","pid":"0","tid":"0x1132a95c0","ts":"365492389996"},{"cat":"function","dur":"18","name":"renderLine","ph":"X","pid":"0","tid":"0x1132a95c0","ts":"365492390028"},{"cat":"function","dur":"13","name":"render","ph":"X","pid":"0","tid":"0x1132a95c0","ts":"365492390056"},{"cat":"function","dur":"8","name":"render","ph":"X","pid":"0","tid":"0x1132a95c0","ts":"365492390077"},{"cat":"function","dur":"8","name":"render","ph":"X","pid":"0","tid":"0x1132a95c0","ts":"365492390093"},{"cat":"function","dur":"224","name":"renderFrame","ph":"X","pid":"0","tid":"0x1132a95c0","ts":"365492390055"},{"cat":"function","dur":"11","name":"renderLine","ph":"X","pid":"0","tid":"0x1132a95c0","ts":"365492390291"},{"cat":"function","dur":"8","name":"renderLine","ph":"X","pid":"0","tid":"0x1132a95c0","ts":"365492390311"},{"cat":"function","dur":"18004","name":"loop","ph":"X","pid":"0","tid":"0x1132a95c0","ts":"365492389927"},{"cat":"function","dur":"65","name":"renderCircle","ph":"X","pid":"0","tid":"0x1132a95c0","ts":"365492408054"},{"cat":"function","dur":"14","name":"renderQuad","ph":"X","pid":"0","tid":"0x1132a95c0","ts":"365492408139"},{"cat":"function","dur":"23","name":"renderLine","ph":"X","pid":"0","tid":"0x1132a95c0","ts":"365492408175"},{"cat":"function","dur":"16","name":"render","ph":"X","pid":"0","tid":"0x1132a95c0","ts":"365492408209"},{"cat":"function","dur":"9","name":"render","ph":"X","pid":"0","tid":"0x1132a95c0","ts":"365492408234"},{"cat":"function","dur":"9","name":"render","ph":"X","pid":"0","tid":"0x1132a95c0","ts":"365492408251"},{"cat":"function","dur":"243","name":"renderFrame","ph":"X","pid":"0","tid":"0x1132a95c0","ts":"365492408208"},{"cat":"function","dur":"13","name":"renderLine","ph":"X","pid":"0","tid":"0x1132a95c0","ts":"365492408465"},{"cat":"function","dur":"8","name":"renderLine","ph":"X","pid":"0","tid":"0x1132a95c0","ts":"365492408489"},{"cat":"function","dur":"16918","name":"loop","ph":"X","pid":"0","tid":"0x1132a95c0","ts":"365492408001"},{"cat":"function","dur":"41","name":"renderCircle","ph":"X","pid":"0","tid":"0x1132a95c0","ts":"365492425018"},{"cat":"function","dur":"11","name":"renderQuad","ph":"X","pid":"0","tid":"0x1132a95c0","ts":"365492425074"},{"cat":"function","dur":"17","name":"renderLine","ph":"X","pid":"0","tid":"0x1132a95c0","ts":"365492425125"},{"cat":"function","dur":"13","name":"render","ph":"X","pid":"0","tid":"0x1132a95c0","ts":"365492425153"},{"cat":"function","dur":"8","name":"render","ph":"X","pid":"0","tid":"0x1132a95c0","ts":"365492425174"},{"cat":"function","dur":"7","name":"render","ph":"X","pid":"0","tid":"0x1132a95c0","ts":"365492425190"},{"cat":"function","dur":"218","name":"renderFrame","ph":"X","pid":"0","tid":"0x1132a95c0","ts":"365492425152"},{"cat":"function","dur":"10","name":"renderLine","ph":"X","pid":"0","tid":"0x1132a95c0","ts":"365492425383"},{"cat":"function","dur":"7","name":"renderLine","ph":"X","pid":"0","tid":"0x1132a95c0","ts":"365492425403"},{"cat":"function","dur":"16124","name":"loop","ph":"X","pid":"0","tid":"0x1132a95c0","ts":"365492424959"},{"cat":"function","dur":"62","name":"renderCircle","ph":"X","pid":"0","tid":"0x1132a95c0","ts":"365492441197"},{"cat":"function","dur":"14","name":"renderQuad","ph":"X","pid":"0","tid":"0x1132a95c0","ts":"365492441275"},{"cat":"function","dur":"23","name":"renderLine","ph":"X","pid":"0","tid":"0x1132a95c0","ts":"365492441313"},{"cat":"function","dur":"18","name":"render","ph":"X","pid":"0","tid":"0x1132a95c0","ts":"365492441347"},{"cat":"function","dur":"10","name":"render","ph":"X","pid":"0","tid":"0x1132a95c0","ts":"365492441374"},{"cat":"function","dur":"9","name":"render","ph":"X","pid":"0","tid":"0x1132a95c0","ts":"365492441392"},{"cat":"function","dur":"243","name":"renderFrame","ph":"X","pid":"0","tid":"0x1132a95c0","ts":"365492441346"},{"cat":"function","dur":"12","name":"renderLine","ph":"X","pid":"0","tid":"0x1132a95c0","ts":"365492441603"},{"cat":"function","dur":"8","name":"renderLine","ph":"X","pid":"0","tid":"0x1132a95c0","ts":"365492441626"},{"cat":"function","dur":"17183","name":"loop","ph":"X","pid":"0","tid":"0x1132a95c0","ts":"365492441157"},{"cat":"function","dur":"34","name":"renderCircle","ph":"X","pid":"0","tid":"0x1132a95c0","ts":"365492458391"},{"cat":"function","dur":"10","name":"renderQuad","ph":"X","pid":"0","tid":"0x1132a95c0","ts":"365492458437"},{"cat":"function","dur":"16","name":"renderLine","ph":"X","pid":"0","tid":"0x1132a95c0","ts":"365492458466"},{"cat":"function","dur":"12","name":"render","ph":"X","pid":"0","tid":"0x1132a95c0","ts":"365492458492"},{"cat":"function","dur":"8","name":"render","ph":"X","pid":"0","tid":"0x1132a95c0","ts":"365492458512"},{"cat":"function","dur":"8","name":"render","ph":"X","pid":"0","tid":"0x1132a95c0","ts":"365492458527"},{"cat":"function","dur":"211","name":"renderFrame","ph":"X","pid":"0","tid":"0x1132a95c0","ts":"365492458491"},{"cat":"function","dur":"10","name":"renderLine","ph":"X","pid":"0","tid":"0x1132a95c0","ts":"365492458714"},{"cat":"function","dur":"7","name":"renderLine","ph":"X","pid":"0","tid":"0x1132a95c0","ts":"365492458734"},{"cat":"function","dur":"17945","name":"loop","ph":"X","pid":"0","tid":"0x1132a95c0","ts":"365492458371"},{"cat":"function","dur":"59","name":"renderCircle","ph":"X","pid":"0","tid":"0x1132a95c0","ts":"365492476407"},{"cat":"function","dur":"14","name":"renderQuad","ph":"X","pid":"0","tid":"0x1132a95c0","ts":"365492476481"},{"cat":"function","dur":"24","name":"renderLine","ph":"X","pid":"0","tid":"0x1132a95c0","ts":"365492476519"},{"cat":"function","dur":"18","name":"render","ph":"X","pid":"0","tid":"0x1132a95c0","ts":"365492476555"},{"cat":"function","dur":"10","name":"render","ph":"X","pid":"0","tid":"0x1132a95c0","ts":"365492476582"},{"cat":"function","dur":"10","name":"render","ph":"X","pid":"0","tid":"0x1132a95c0","ts":"365492476600"},{"cat":"function","dur":"257","name":"renderFrame","ph":"X","pid":"0","tid":"0x1132a95c0","ts":"365492476554"},{"cat":"function","dur":"13","name":"renderLine","ph":"X","pid":"0","tid":"0x1132a95c0","ts":"365492476826"},{"cat":"function","dur":"9","name":"renderLine","ph":"X","pid":"0","tid":"0x1132a95c0","ts":"365492476851"},{"cat":"function","dur":"17095","name":"loop","ph":"X","pid":"0","tid":"0x1132a95c0","ts":"365492476375"},{"cat":"function","dur":"38","name":"renderCircle","ph":"X","pid":"0","tid":"0x1132a95c0","ts":"365492493548"},{"cat":"function","dur":"12","name":"renderQuad","ph":"X","pid":"0","tid":"0x1132a95c0","ts":"365492493600"},{"cat":"function","dur":"16","name":"renderLine","ph":"X","pid":"0","tid":"0x1132a95c0","ts":"365492493634"},{"cat":"function","dur":"14","name":"render","ph":"X","pid":"0","tid":"0x1132a95c0","ts":"365492493661"},{"cat":"function","dur":"9","name":"render","ph":"X","pid":"0","tid":"0x1132a95c0","ts":"365492493683"},{"cat":"function","dur":"8","name":"render","ph":"X","pid":"0","tid":"0x1132a95c0","ts":"365492493700"},{"cat":"function","dur":"226","name":"renderFrame","ph":"X","pid":"0","tid":"0x1132a95c0","ts":"365492493660"},{"cat":"function","dur":"11","name":"renderLine","ph":"X","pid":"0","tid":"0x1132a95c0","ts":"365492493899"},{"cat":"function","dur":"8","name":"renderLine","ph":"X","pid":"0","tid":"0x1132a95c0","ts":"365492493921"},{"cat":"function","dur":"18021","name":"loop","ph":"X","pid":"0","tid":"0x1132a95c0","ts":"365492493523"},{"cat":"function","dur":"55","name":"renderCircle","ph":"X","pid":"0","tid":"0x1132a95c0","ts":"365492511605"},{"cat":"function","dur":"11","name":"renderQuad","ph":"X","pid":"0","tid":"0x1132a95c0","ts":"365492511673"},{"cat":"function","dur":"18","name":"renderLine","ph":"X","pid":"0","tid":"0x1132a95c0","ts":"365492511706"},{"cat":"function","dur":"13","name":"render","ph":"X","pid":"0","tid":"0x1132a95c0","ts":"365492511735"},{"cat":"function","dur":"9","name":"render","ph":"X","pid":"0","tid":"0x1132a95c0","ts":"365492511757"},{"cat":"function","dur":"8","name":"render","ph":"X","pid":"0","tid":"0x1132a95c0","ts":"365492511774"},{"cat":"function","dur":"233","name":"renderFrame","ph":"X","pid":"0","tid":"0x1132a95c0","ts":"365492511734"},{"cat":"function","dur":"11","name":"renderLine","ph":"X","pid":"0","tid":"0x1132a95c0","ts":"365492511981"},{"cat":"function","dur":"8","name":"renderLine","ph":"X","pid":"0","tid":"0x1132a95c0","ts":"365492512003"},{"cat":"function","dur":"16977","name":"loop","ph":"X","pid":"0","tid":"0x1132a95c0","ts":"365492511582"},{"cat":"function","dur":"33","name":"renderCircle","ph":"X","pid":"0","tid":"0x1132a95c0","ts":"365492528607"},{"cat":"function","dur":"10","name":"renderQuad","ph":"X","pid":"0","tid":"0x1132a95c0","ts":"365492528652"},{"cat":"function","dur":"15","name":"renderLine","ph":"X","pid":"0","tid":"0x1132a95c0","ts":"365492528681"},{"cat":"function","dur":"12","name":"render","ph":"X","pid":"0","tid":"0x1132a95c0","ts":"365492528706"},{"cat":"function","dur":"8","name":"render","ph":"X","pid":"0","tid":"0x1132a95c0","ts":"365492528726"},{"cat":"function","dur":"8","name":"render","ph":"X","pid":"0","tid":"0x1132a95c0","ts":"365492528741"},{"cat":"function","dur":"209","name":"renderFrame","ph":"X","pid":"0","tid":"0x1132a95c0","ts":"365492528705"},{"cat":"function","dur":"10","name":"renderLine","ph":"X","pid":"0","tid":"0x1132a95c0","ts":"365492528927"},{"cat":"function","dur":"7","name":"renderLine","ph":"X","pid":"0","tid":"0x1132a95c0","ts":"365492528947"},{"cat":"function","dur":"16444","name":"loop","ph":"X","pid":"0","tid":"0x1132a95c0","ts":"365492528589"},{"cat":"function","dur":"49","name":"renderCircle","ph":"X","pid":"0","tid":"0x1132a95c0","ts":"365492545106"},{"cat":"function","dur":"12","name":"renderQuad","ph":"X","pid":"0","tid":"0x1132a95c0","ts":"365492545169"},{"cat":"function","dur":"20","name":"renderLine","ph":"X","pid":"0","tid":"0x1132a95c0","ts":"365492545206"},{"cat":"function","dur":"15","name":"render","ph":"X","pid":"0","tid":"0x1132a95c0","ts":"365492545237"},{"cat":"function","dur":"9","name":"render","ph":"X","pid":"0","tid":"0x1132a95c0","ts":"365492545262"},{"cat":"function","dur":"9","name":"render","ph":"X","pid":"0","tid":"0x1132a95c0","ts":"365492545280"},{"cat":"function","dur":"266","name":"renderFrame","ph":"X","pid":"0","tid":"0x1132a95c0","ts":"365492545237"},{"cat":"function","dur":"14","name":"renderLine","ph":"X","pid":"0","tid":"0x1132a95c0","ts":"365492545519"},{"cat":"function","dur":"11","name":"renderLine","ph":"X","pid":"0","tid":"0x1132a95c0","ts":"365492545549"},{"cat":"function","dur":"17368","name":"loop","ph":"X","pid":"0","tid":"0x1132a95c0","ts":"365492545080"},{"cat":"function","dur":"35","name":"renderCircle","ph":"X","pid":"0","tid":"0x1132a95c0","ts":"365492562506"},{"cat":"function","dur":"11","name":"renderQuad","ph":"X","pid":"0","tid":"0x1132a95c0","ts":"365492562555"},{"cat":"function","dur":"16","name":"renderLine","ph":"X","pid":"0","tid":"0x1132a95c0","ts":"365492562588"},{"cat":"function","dur":"12","name":"render","ph":"X","pid":"0","tid":"0x1132a95c0","ts":"365492562615"},{"cat":"function","dur":"9","name":"render","ph":"X","pid":"0","tid":"0x1132a95c0","ts":"365492562635"},{"cat":"function","dur":"7","name":"render","ph":"X","pid":"0","tid":"0x1132a95c0","ts":"365492562652"},{"cat":"function","dur":"225","name":"renderFrame","ph":"X","pid":"0","tid":"0x1132a95c0","ts":"365492562614"},{"cat":"function","dur":"11","name":"renderLine","ph":"X","pid":"0","tid":"0x1132a95c0","ts":"365492562852"},{"cat":"function","dur":"22","name":"renderLine","ph":"X","pid":"0","tid":"0x1132a95c0","ts":"365492562872"},{"cat":"function","dur":"16889","name":"loop","ph":"X","pid":"0","tid":"0x1132a95c0","ts":"365492562484"},{"cat":"function","dur":"38","name":"renderCircle","ph":"X","pid":"0","tid":"0x1132a95c0","ts":"365492579433"},{"cat":"function","dur":"11","name":"renderQuad","ph":"X","pid":"0","tid":"0x1132a95c0","ts":"365492579483"},{"cat":"function","dur":"18","name":"renderLine","ph":"X","pid":"0","tid":"0x1132a95c0","ts":"365492579515"},{"cat":"function","dur":"13","name":"render","ph":"X","pid":"0","tid":"0x1132a95c0","ts":"365492579543"},{"cat":"function","dur":"9","name":"render","ph":"X","pid":"0","tid":"0x1132a95c0","ts":"365492579564"},{"cat":"function","dur":"8","name":"render","ph":"X","pid":"0","tid":"0x1132a95c0","ts":"365492579580"},{"cat":"function","dur":"234","name":"renderFrame","ph":"X","pid":"0","tid":"0x1132a95c0","ts":"365492579542"},{"cat":"function","dur":"11","name":"renderLine","ph":"X","pid":"0","tid":"0x1132a95c0","ts":"365492579790"},{"cat":"function","dur":"8","name":"renderLine","ph":"X","pid":"0","tid":"0x1132a95c0","ts":"365492579811"},{"cat":"function","dur":"16200","name":"loop","ph":"X","pid":"0","tid":"0x1132a95c0","ts":"365492579411"},{"cat":"function","dur":"50","name":"renderCircle","ph":"X","pid":"0","tid":"0x1132a95c0","ts":"365492595664"},{"cat":"function","dur":"34","name":"renderQuad","ph":"X","pid":"0","tid":"0x1132a95c0","ts":"365492595725"},{"cat":"function","dur":"16","name":"renderLine","ph":"X","pid":"0","tid":"0x1132a95c0","ts":"365492595778"},{"cat":"function","dur":"13","name":"render","ph":"X","pid":"0","tid":"0x1132a95c0","ts":"365492595804"},{"cat":"function","dur":"8","name":"render","ph":"X","pid":"0","tid":"0x1132a95c0","ts":"365492595825"},{"cat":"function","dur":"9","name":"render","ph":"X","pid":"0","tid":"0x1132a95c0","ts":"365492595840"},{"cat":"function","dur":"214","name":"renderFrame","ph":"X","pid":"0","tid":"0x1132a95c0","ts":"365492595803"},{"cat":"function","dur":"11","name":"renderLine","ph":"X","pid":"0","tid":"0x1132a95c0","ts":"365492596029"},{"cat":"function","dur":"7","name":"renderLine","ph":"X","pid":"0","tid":"0x1132a95c0","ts":"365492596050"},{"cat":"function","dur":"17205","name":"loop","ph":"X","pid":"0","tid":"0x1132a95c0","ts":"365492595644"},{"cat":"function","dur":"38","name":"renderCircle","ph":"X","pid":"0","tid":"0x1132a95c0","ts":"365492612902"},{"cat":"function","dur":"12","name":"renderQuad","ph":"X","pid":"0","tid":"0x1132a95c0","ts":"365492612954"},{"cat":"function","dur":"18","name":"renderLine","ph":"X","pid":"0","tid":"0x1132a95c0","ts":"365492612987"},{"cat":"function","dur":"14","name":"render","ph":"X","pid":"0","tid":"0x1132a95c0","ts":"365492613015"},{"cat":"function","dur":"9","name":"render","ph":"X","pid":"0","tid":"0x1132a95c0","ts":"365492613038"},{"cat":"function","dur":"8","name":"render","ph":"X","pid":"0","tid":"0x1132a95c0","ts":"365492613054"},{"cat":"function","dur":"268","name":"renderFrame","ph":"X","pid":"0","tid":"0x1132a95c0","ts":"365492613014"},{"cat":"function","dur":"13","name":"renderLine","ph":"X","pid":"0","tid":"0x1132a95c0","ts":"365492613314"},{"cat":"function","dur":"9","name":"renderLine","ph":"X","pid":"0","tid":"0x1132a95c0","ts":"365492613338"},{"cat":"function","dur":"17087","name":"loop","ph":"X","pid":"0","tid":"0x1132a95c0","ts":"365492612878"},{"cat":"function","dur":"38","name":"renderCircle","ph":"X","pid":"0","tid":"0x1132a95c0","ts":"365492630020"},{"cat":"function","dur":"10","name":"renderQuad","ph":"X","pid":"0","tid":"0x1132a95c0","ts":"365492630070"},{"cat":"function","dur":"17","name":"renderLine","ph":"X","pid":"0","tid":"0x1132a95c0","ts":"365492630099"},{"cat":"function","dur":"13","name":"render","ph":"X","pid":"0","tid":"0x1132a95c0","ts":"365492630126"},{"cat":"function","dur":"8","name":"render","ph":"X","pid":"0","tid":"0x1132a95c0","ts":"365492630146"},{"cat":"function","dur":"7","name":"render","ph":"X","pid":"0","tid":"0x1132a95c0","ts":"365492630162"},{"cat":"function","dur":"214","name":"renderFrame","ph":"X","pid":"0","tid":"0x1132a95c0","ts":"365492630125"},{"cat":"function","dur":"11","name":"renderLine","ph":"X","pid":"0","tid":"0x1132a95c0","ts":"365492630351"},{"cat":"function","dur":"8","name":"renderLine","ph":"X","pid":"0","tid":"0x1132a95c0","ts":"365492630371"},{"cat":"function","dur":"16136","name":"loop","ph":"X","pid":"0","tid":"0x1132a95c0","ts":"365492630000"},{"cat":"function","dur":"47","name":"renderCircle","ph":"X","pid":"0","tid":"0x1132a95c0","ts":"365492646216"},{"cat":"function","dur":"11","name":"renderQuad","ph":"X","pid":"0","tid":"0x1132a95c0","ts":"365492646277"},{"cat":"function","dur":"19","name":"renderLine","ph":"X","pid":"0","tid":"0x1132a95c0","ts":"365492646310"},{"cat":"function","dur":"14","name":"render","ph":"X","pid":"0","tid":"0x1132a95c0","ts":"365492646340"},{"cat":"function","dur":"9","name":"render","ph":"X","pid":"0","tid":"0x1132a95c0","ts":"365492646362"},{"cat":"function","dur":"8","name":"render","ph":"X","pid":"0","tid":"0x1132a95c0","ts":"365492646379"},{"cat":"function","dur":"226","name":"renderFrame","ph":"X","pid":"0","tid":"0x1132a95c0","ts":"365492646339"},{"cat":"function","dur":"11","name":"renderLine","ph":"X","pid":"0","tid":"0x1132a95c0","ts":"365492646579"},{"cat":"function","dur":"8","name":"renderLine","ph":"X","pid":"0","tid":"0x1132a95c0","ts":"365492646600"},{"cat":"function","dur":"16922","name":"loop","ph":"X","pid":"0","tid":"0x1132a95c0","ts":"365492646188"},{"cat":"function","dur":"42","name":"renderCircle","ph":"X","pid":"0","tid":"0x1132a95c0","ts":"365492663197"},{"cat":"function","dur":"11","name":"renderQuad","ph":"X","pid":"0","tid":"0x1132a95c0","ts":"365492663255"},{"cat":"function","dur":"19","name":"renderLine","ph":"X","pid":"0","tid":"0x1132a95c0","ts":"365492663292"},{"cat":"function","dur":"13","name":"render","ph":"X","pid":"0","tid":"0x1132a95c0","ts":"365492663323"},{"cat":"function","dur":"9","name":"render","ph":"X","pid":"0","tid":"0x1132a95c0","ts":"365492663345"},{"cat":"function","dur":"9","name":"render","ph":"X","pid":"0","tid":"0x1132a95c0","ts":"365492663362"},{"cat":"function","dur":"238","name":"renderFrame","ph":"X","pid":"0","tid":"0x1132a95c0","ts":"365492663322"},{"cat":"function","dur":"11","name":"renderLine","ph":"X","pid":"0","tid":"0x1132a95c0","ts":"365492663574"},{"cat":"function","dur":"8","name":"renderLine","ph":"X","pid":"0","tid":"0x1132a95c0","ts":"365492663596"},{"cat":"function","dur":"17736","name":"loop","ph":"X","pid":"0","tid":"0x1132a95c0","ts":"365492663168"},{"cat":"function","dur":"107","name":"renderCircle","ph":"X","pid":"0","tid":"0x1132a95c0","ts":"365492680966"},{"cat":"function","dur":"12","name":"renderQuad","ph":"X","pid":"0","tid":"0x1132a95c0","ts":"365492681095"},{"cat":"function","dur":"19","name":"renderLine","ph":"X","pid":"0","tid":"0x1132a95c0","ts":"365492681130"},{"cat":"function","dur":"14","name":"render","ph":"X","pid":"0","tid":"0x1132a95c0","ts":"365492681159"},{"cat":"function","dur":"9","name":"render","ph":"X","pid":"0","tid":"0x1132a95c0","ts":"365492681181"},{"cat":"function","dur":"9","name":"render","ph":"X","pid":"0","tid":"0x1132a95c0","ts":"365492681218"},{"cat":"function","dur":"243","name":"renderFrame","ph":"X","pid":"0","tid":"0x1132a95c0","ts":"365492681159"},{"cat":"function","dur":"10","name":"renderLine","ph":"X","pid":"0","tid":"0x1132a95c0","ts":"365492681416"},{"cat":"function","dur":"7","name":"renderLine","ph":"X","pid":"0","tid":"0x1132a95c0","ts":"365492681436"},{"cat":"function","dur":"17264","name":"loop","ph":"X","pid":"0","tid":"0x1132a95c0","ts":"365492680943"},{"cat":"function","dur":"39","name":"renderCircle","ph":"X","pid":"0","tid":"0x1132a95c0","ts":"365492698275"},{"cat":"function","dur":"11","name":"renderQuad","ph":"X","pid":"0","tid":"0x1132a95c0","ts":"365492698328"},{"cat":"function","dur":"17","name":"renderLine","ph":"X","pid":"0","tid":"0x1132a95c0","ts":"365492698361"},{"cat":"function","dur":"14","name":"render","ph":"X","pid":"0","tid":"0x1132a95c0","ts":"365492698388"},{"cat":"function","dur":"9","name":"render","ph":"X","pid":"0","tid":"0x1132a95c0","ts":"365492698409"},{"cat":"function","dur":"7","name":"render","ph":"X","pid":"0","tid":"0x1132a95c0","ts":"365492698425"},{"cat":"function","dur":"219","name":"renderFrame","ph":"X","pid":"0","tid":"0x1132a95c0","ts":"365492698388"},{"cat":"function","dur":"13","name":"renderLine","ph":"X","pid":"0","tid":"0x1132a95c0","ts":"365492698646"},{"cat":"function","dur":"8","name":"renderLine","ph":"X","pid":"0","tid":"0x1132a95c0","ts":"365492698670"},{"cat":"function","dur":"16355","name":"loop","ph":"X","pid":"0","tid":"0x1132a95c0","ts":"365492698250"},{"cat":"function","dur":"39","name":"renderCircle","ph":"X","pid":"0","tid":"0x1132a95c0","ts":"365492714666"},{"cat":"function","dur":"11","name":"renderQuad","ph":"X","pid":"0","tid":"0x1132a95c0","ts":"365492714718"},{"cat":"function","dur":"20","name":"renderLine","ph":"X","pid":"0","tid":"0x1132a95c0","ts":"365492714761"},{"cat":"function","dur":"12","name":"render","ph":"X","pid":"0","tid":"0x1132a95c0","ts":"365492714793"},{"cat":"function","dur":"8","name":"render","ph":"X","pid":"0","tid":"0x1132a95c0","ts":"365492714814"},{"cat":"function","dur":"8","name":"render","ph":"X","pid":"0","tid":"0x1132a95c0","ts":"365492714830"},{"cat":"function","dur":"220","name":"renderFrame","ph":"X","pid":"0","tid":"0x1132a95c0","ts":"365492714792"},{"cat":"function","dur":"11","name":"renderLine","ph":"X","pid":"0","tid":"0x1132a95c0","ts":"365492715026"},{"cat":"function","dur":"8","name":"renderLine","ph":"X","pid":"0","tid":"0x1132a95c0","ts":"365492715047"},{"cat":"function","dur":"16833","name":"loop","ph":"X","pid":"0","tid":"0x1132a95c0","ts":"365492714644"},{"cat":"function","dur":"37","name":"renderCircle","ph":"X","pid":"0","tid":"0x1132a95c0","ts":"365492731576"},{"cat":"function","dur":"25","name":"renderQuad","ph":"X","pid":"0","tid":"0x1132a95c0","ts":"365492731626"},{"cat":"function","dur":"16","name":"renderLine","ph":"X","pid":"0","tid":"0x1132a95c0","ts":"365492731672"},{"cat":"function","dur":"12","name":"render","ph":"X","pid":"0","tid":"0x1132a95c0","ts":"365492731699"},{"cat":"function","dur":"9","name":"render","ph":"X","pid":"0","tid":"0x1132a95c0","ts":"365492731719"},{"cat":"function","dur":"8","name":"render","ph":"X","pid":"0","tid":"0x1132a95c0","ts":"365492731736"},{"cat":"function","dur":"222","name":"renderFrame","ph":"X","pid":"0","tid":"0x1132a95c0","ts":"365492731698"},{"cat":"function","dur":"12","name":"renderLine","ph":"X","pid":"0","tid":"0x1132a95c0","ts":"365492731935"},{"cat":"function","dur":"8","name":"renderLine","ph":"X","pid":"0","tid":"0x1132a95c0","ts":"365492731958"},{"cat":"function","dur":"17053","name":"loop","ph":"X","pid":"0","tid":"0x1132a95c0","ts":"365492731553"},{"cat":"function","dur":"39","name":"renderCircle","ph":"X","pid":"0","tid":"0x1132a95c0","ts":"365492748670"},{"cat":"function","dur":"12","name":"renderQuad","ph":"X","pid":"0","tid":"0x1132a95c0","ts":"365492748723"},{"cat":"function","dur":"17","name":"renderLine","ph":"X","pid":"0","tid":"0x1132a95c0","ts":"365492748757"},{"cat":"function","dur":"14","name":"render","ph":"X","pid":"0","tid":"0x1132a95c0","ts":"365492748806"},{"cat":"function","dur":"10","name":"render","ph":"X","pid":"0","tid":"0x1132a95c0","ts":"365492748830"},{"cat":"function","dur":"8","name":"render","ph":"X","pid":"0","tid":"0x1132a95c0","ts":"365492748848"},{"cat":"function","dur":"236","name":"renderFrame","ph":"X","pid":"0","tid":"0x1132a95c0","ts":"365492748805"},{"cat":"function","dur":"12","name":"renderLine","ph":"X","pid":"0","tid":"0x1132a95c0","ts":"365492749054"},{"cat":"function","dur":"8","name":"renderLine","ph":"X","pid":"0","tid":"0x1132a95c0","ts":"365492749077"},{"cat":"function","dur":"17596","name":"loop","ph":"X","pid":"0","tid":"0x1132a95c0","ts":"365492748646"},{"cat":"function","dur":"66","name":"renderCircle","ph":"X","pid":"0","tid":"0x1132a95c0","ts":"365492766316"},{"cat":"function","dur":"13","name":"renderQuad","ph":"X","pid":"0","tid":"0x1132a95c0","ts":"365492766401"},{"cat":"function","dur":"16","name":"renderLine","ph":"X","pid":"0","tid":"0x1132a95c0","ts":"365492766433"},{"cat":"function","dur":"13","name":"render","ph":"X","pid":"0","tid":"0x1132a95c0","ts":"365492766459"},{"cat":"function","dur":"7","name":"render","ph":"X","pid":"0","tid":"0x1132a95c0","ts":"365492766479"},{"cat":"function","dur":"7","name":"render","ph":"X","pid":"0","tid":"0x1132a95c0","ts":"365492766493"},{"cat":"function","dur":"241","name":"renderFrame","ph":"X","pid":"0","tid":"0x1132a95c0","ts":"365492766459"},{"cat":"function","dur":"20","name":"renderLine","ph":"X","pid":"0","tid":"0x1132a95c0","ts":"365492766725"},{"cat":"function","dur":"10","name":"renderLine","ph":"X","pid":"0","tid":"0x1132a95c0","ts":"365492766759"},{"cat":"function","dur":"17294","name":"loop","ph":"X","pid":"0","tid":"0x1132a95c0","ts":"365492766290"},{"cat":"function","dur":"39","name":"renderCircle","ph":"X","pid":"0","tid":"0x1132a95c0","ts":"365492783647"},{"cat":"function","dur":"11","name":"renderQuad","ph":"X","pid":"0","tid":"0x1132a95c0","ts":"365492783699"},{"cat":"function","dur":"18","name":"renderLine","ph":"X","pid":"0","tid":"0x1132a95c0","ts":"365492783731"},{"cat":"function","dur":"13","name":"render","ph":"X","pid":"0","tid":"0x1132a95c0","ts":"365492783759"},{"cat":"function","dur":"8","name":"render","ph":"X","pid":"0","tid":"0x1132a95c0","ts":"365492783781"},{"cat":"function","dur":"8","name":"render","ph":"X","pid":"0","tid":"0x1132a95c0","ts":"365492783797"},{"cat":"function","dur":"226","name":"renderFrame","ph":"X","pid":"0","tid":"0x1132a95c0","ts":"365492783758"},{"cat":"function","dur":"11","name":"renderLine","ph":"X","pid":"0","tid":"0x1132a95c0","ts":"365492783997"},{"cat":"function","dur":"8","name":"renderLine","ph":"X","pid":"0","tid":"0x1132a95c0","ts":"365492784018"},{"cat":"function","dur":"17860","name":"loop","ph":"X","pid":"0","tid":"0x1132a95c0","ts":"365492783624"},{"cat":"function","dur":"37","name":"renderCircle","ph":"X","pid":"0","tid":"0x1132a95c0","ts":"365492801551"},{"cat":"function","dur":"12","name":"renderQuad","ph":"X","pid":"0","tid":"0x1132a95c0","ts":"365492801615"},{"cat":"function","dur":"17","name":"renderLine","ph":"X","pid":"0","tid":"0x1132a95c0","ts":"365492801648"},{"cat":"function","dur":"14","name":"render","ph":"X","pid":"0","tid":"0x1132a95c0","ts":"365492801676"},{"cat":"function","dur":"8","name":"render","ph":"X","pid":"0","tid":"0x1132a95c0","ts":"365492801698"},{"cat":"function","dur":"8","name":"render","ph":"X","pid":"0","tid":"0x1132a95c0","ts":"365492801714"},{"cat":"function","dur":"231","name":"renderFrame","ph":"X","pid":"0","tid":"0x1132a95c0","ts":"365492801676"},{"cat":"function","dur":"13","name":"renderLine","ph":"X","pid":"0","tid":"0x1132a95c0","ts":"365492801923"},{"cat":"function","dur":"7","name":"renderLine","ph":"X","pid":"0","tid":"0x1132a95c0","ts":"365492801947"},{"cat":"function","dur":"17186","name":"loop","ph":"X","pid":"0","tid":"0x1132a95c0","ts":"365492801527"},{"cat":"function","dur":"36","name":"renderCircle","ph":"X","pid":"0","tid":"0x1132a95c0","ts":"365492818771"},{"cat":"function","dur":"12","name":"renderQuad","ph":"X","pid":"0","tid":"0x1132a95c0","ts":"365492818840"},{"cat":"function","dur":"17","name":"renderLine","ph":"X","pid":"0","tid":"0x1132a95c0","ts":"365492818887"},{"cat":"function","dur":"13","name":"render","ph":"X","pid":"0","tid":"0x1132a95c0","ts":"365492818914"},{"cat":"function","dur":"8","name":"render","ph":"X","pid":"0","tid":"0x1132a95c0","ts":"365492818935"},{"cat":"function","dur":"7","name":"render","ph":"X","pid":"0","tid":"0x1132a95c0","ts":"365492818951"},{"cat":"function","dur":"216","name":"renderFrame","ph":"X","pid":"0","tid":"0x1132a95c0","ts":"365492818913"},{"cat":"function","dur":"11","name":"renderLine","ph":"X","pid":"0","tid":"0x1132a95c0","ts":"365492819142"},{"cat":"function","dur":"7","name":"renderLine","ph":"X","pid":"0","tid":"0x1132a95c0","ts":"365492819162"},{"cat":"function","dur":"18142","name":"loop","ph":"X","pid":"0","tid":"0x1132a95c0","ts":"365492818750"},{"cat":"function","dur":"44","name":"renderCircle","ph":"X","pid":"0","tid":"0x1132a95c0","ts":"365492836973"},{"cat":"function","dur":"13","name":"renderQuad","ph":"X","pid":"0","tid":"0x1132a95c0","ts":"365492837035"},{"cat":"function","dur":"22","name":"renderLine","ph":"X","pid":"0","tid":"0x1132a95c0","ts":"365492837076"},{"cat":"function","dur":"16","name":"render","ph":"X","pid":"0","tid":"0x1132a95c0","ts":"365492837112"},{"cat":"function","dur":"11","name":"render","ph":"X","pid":"0","tid":"0x1132a95c0","ts":"365492837139"},{"cat":"function","dur":"12","name":"render","ph":"X","pid":"0","tid":"0x1132a95c0","ts":"365492837177"},{"cat":"function","dur":"315","name":"renderFrame","ph":"X","pid":"0","tid":"0x1132a95c0","ts":"365492837111"},{"cat":"function","dur":"15","name":"renderLine","ph":"X","pid":"0","tid":"0x1132a95c0","ts":"365492837442"},{"cat":"function","dur":"8","name":"renderLine","ph":"X","pid":"0","tid":"0x1132a95c0","ts":"365492837469"},{"cat":"function","dur":"16397","name":"loop","ph":"X","pid":"0","tid":"0x1132a95c0","ts":"365492836944"},{"cat":"function","dur":"35","name":"renderCircle","ph":"X","pid":"0","tid":"0x1132a95c0","ts":"365492853399"},{"cat":"function","dur":"11","name":"renderQuad","ph":"X","pid":"0","tid":"0x1132a95c0","ts":"365492853447"},{"cat":"function","dur":"17","name":"renderLine","ph":"X","pid":"0","tid":"0x1132a95c0","ts":"365492853479"},{"cat":"function","dur":"14","name":"render","ph":"X","pid":"0","tid":"0x1132a95c0","ts":"365492853506"},{"cat":"function","dur":"8","name":"render","ph":"X","pid":"0","tid":"0x1132a95c0","ts":"365492853528"},{"cat":"function","dur":"8","name":"render","ph":"X","pid":"0","tid":"0x1132a95c0","ts":"365492853544"},{"cat":"function","dur":"223","name":"renderFrame","ph":"X","pid":"0","tid":"0x1132a95c0","ts":"365492853506"},{"cat":"function","dur":"11","name":"renderLine","ph":"X","pid":"0","tid":"0x1132a95c0","ts":"365492853742"},{"cat":"function","dur":"8","name":"renderLine","ph":"X","pid":"0","tid":"0x1132a95c0","ts":"365492853763"},{"cat":"function","dur":"17295","name":"loop","ph":"X","pid":"0","tid":"0x1132a95c0","ts":"365492853378"},{"cat":"function","dur":"46","name":"renderCircle","ph":"X","pid":"0","tid":"0x1132a95c0","ts":"365492870754"},{"cat":"function","dur":"15","name":"renderQuad","ph":"X","pid":"0","tid":"0x1132a95c0","ts":"365492870818"},{"cat":"function","dur":"22","name":"renderLine","ph":"X","pid":"0","tid":"0x1132a95c0","ts":"365492870861"},{"cat":"function","dur":"17","name":"render","ph":"X","pid":"0","tid":"0x1132a95c0","ts":"365492870897"},{"cat":"function","dur":"11","name":"render","ph":"X","pid":"0","tid":"0x1132a95c0","ts":"365492870924"},{"cat":"function","dur":"10","name":"render","ph":"X","pid":"0","tid":"0x1132a95c0","ts":"365492870946"},{"cat":"function","dur":"345","name":"renderFrame","ph":"X","pid":"0","tid":"0x1132a95c0","ts":"365492870896"},{"cat":"function","dur":"29","name":"renderLine","ph":"X","pid":"0","tid":"0x1132a95c0","ts":"365492871284"},{"cat":"function","dur":"11","name":"renderLine","ph":"X","pid":"0","tid":"0x1132a95c0","ts":"365492871333"},{"cat":"function","dur":"17752","name":"loop","ph":"X","pid":"0","tid":"0x1132a95c0","ts":"365492870726"},{"cat":"function","dur":"34","name":"renderCircle","ph":"X","pid":"0","tid":"0x1132a95c0","ts":"365492888538"},{"cat":"function","dur":"11","name":"renderQuad","ph":"X","pid":"0","tid":"0x1132a95c0","ts":"365492888584"},{"cat":"function","dur":"17","name":"renderLine","ph":"X","pid":"0","tid":"0x1132a95c0","ts":"365492888614"},{"cat":"function","dur":"13","name":"render","ph":"X","pid":"0","tid":"0x1132a95c0","ts":"365492888641"},{"cat":"function","dur":"9","name":"render","ph":"X","pid":"0","tid":"0x1132a95c0","ts":"365492888661"},{"cat":"function","dur":"8","name":"render","ph":"X","pid":"0","tid":"0x1132a95c0","ts":"365492888677"},{"cat":"function","dur":"214","name":"renderFrame","ph":"X","pid":"0","tid":"0x1132a95c0","ts":"365492888640"},{"cat":"function","dur":"24","name":"renderLine","ph":"X","pid":"0","tid":"0x1132a95c0","ts":"365492888867"},{"cat":"function","dur":"7","name":"renderLine","ph":"X","pid":"0","tid":"0x1132a95c0","ts":"365492888901"},{"cat":"function","dur":"16936","name":"loop","ph":"X","pid":"0","tid":"0x1132a95c0","ts":"365492888518"},{"cat":"function","dur":"70","name":"renderCircle","ph":"X","pid":"0","tid":"0x1132a95c0","ts":"365492905558"},{"cat":"function","dur":"14","name":"renderQuad","ph":"X","pid":"0","tid":"0x1132a95c0","ts":"365492905649"},{"cat":"function","dur":"26","name":"renderLine","ph":"X","pid":"0","tid":"0x1132a95c0","ts":"365492905690"},{"cat":"function","dur":"18","name":"render","ph":"X","pid":"0","tid":"0x1132a95c0","ts":"365492905727"},{"cat":"function","dur":"9","name":"render","ph":"X","pid":"0","tid":"0x1132a95c0","ts":"365492905754"},{"cat":"function","dur":"9","name":"render","ph":"X","pid":"0","tid":"0x1132a95c0","ts":"365492905772"},{"cat":"function","dur":"253","name":"renderFrame","ph":"X","pid":"0","tid":"0x1132a95c0","ts":"365492905726"},{"cat":"function","dur":"14","name":"renderLine","ph":"X","pid":"0","tid":"0x1132a95c0","ts":"365492905997"},{"cat":"function","dur":"8","name":"renderLine","ph":"X","pid":"0","tid":"0x1132a95c0","ts":"365492906025"},{"cat":"function","dur":"16906","name":"loop","ph":"X","pid":"0","tid":"0x1132a95c0","ts":"365492905517"},{"cat":"function","dur":"33","name":"renderCircle","ph":"X","pid":"0","tid":"0x1132a95c0","ts":"365492922489"},{"cat":"function","dur":"11","name":"renderQuad","ph":"X","pid":"0","tid":"0x1132a95c0","ts":"365492922536"},{"cat":"function","dur":"16","name":"renderLine","ph":"X","pid":"0","tid":"0x1132a95c0","ts":"365492922568"},{"cat":"function","dur":"13","name":"render","ph":"X","pid":"0","tid":"0x1132a95c0","ts":"365492922595"},{"cat":"function","dur":"9","name":"render","ph":"X","pid":"0","tid":"0x1132a95c0","ts":"365492922617"},{"cat":"function","dur":"8","name":"render","ph":"X","pid":"0","tid":"0x1132a95c0","ts":"365492922634"},{"cat":"function","dur":"231","name":"renderFrame","ph":"X","pid":"0","tid":"0x1132a95c0","ts":"365492922594"},{"cat":"function","dur":"12","name":"renderLine","ph":"X","pid":"0","tid":"0x1132a95c0","ts":"365492922839"},{"cat":"function","dur":"8","name":"renderLine","ph":"X","pid":"0","tid":"0x1132a95c0","ts":"365492922861"},{"cat":"function","dur":"17148","name":"loop","ph":"X","pid":"0","tid":"0x1132a95c0","ts":"365492922465"},{"cat":"function","dur":"40","name":"renderCircle","ph":"X","pid":"0","tid":"0x1132a95c0","ts":"365492939685"},{"cat":"function","dur":"13","name":"renderQuad","ph":"X","pid":"0","tid":"0x1132a95c0","ts":"365492939742"},{"cat":"function","dur":"25","name":"renderLine","ph":"X","pid":"0","tid":"0x1132a95c0","ts":"365492939782"},{"cat":"function","dur":"19","name":"render","ph":"X","pid":"0","tid":"0x1132a95c0","ts":"365492939819"},{"cat":"function","dur":"11","name":"render","ph":"X","pid":"0","tid":"0x1132a95c0","ts":"365492939846"},{"cat":"function","dur":"9","name":"render","ph":"X","pid":"0","tid":"0x1132a95c0","ts":"365492939865"},{"cat":"function","dur":"252","name":"renderFrame","ph":"X","pid":"0","tid":"0x1132a95c0","ts":"365492939818"},{"cat":"function","dur":"12","name":"renderLine","ph":"X","pid":"0","tid":"0x1132a95c0","ts":"365492940107"},{"cat":"function","dur":"8","name":"renderLine","ph":"X","pid":"0","tid":"0x1132a95c0","ts":"365492940132"},{"cat":"function","dur":"54954","name":"loop","ph":"X","pid":"0","tid":"0x1132a95c0","ts":"365492939659"},{"cat":"function","dur":"33","name":"renderCircle","ph":"X","pid":"0","tid":"0x1132a95c0","ts":"365492994664"},{"cat":"function","dur":"11","name":"renderQuad","ph":"X","pid":"0","tid":"0x1132a95c0","ts":"365492994711"},{"cat":"function","dur":"16","name":"renderLine","ph":"X","pid":"0","tid":"0x1132a95c0","ts":"365492994742"},{"cat":"function","dur":"13","name":"render","ph":"X","pid":"0","tid":"0x1132a95c0","ts":"365492994769"},{"cat":"function","dur":"8","name":"render","ph":"X","pid":"0","tid":"0x1132a95c0","ts":"365492994790"},{"cat":"function","dur":"8","name":"render","ph":"X","pid":"0","tid":"0x1132a95c0","ts":"365492994806"},{"cat":"function","dur":"223","name":"renderFrame","ph":"X","pid":"0","tid":"0x1132a95c0","ts":"365492994768"},{"cat":"function","dur":"11","name":"renderLine","ph":"X","pid":"0","tid":"0x1132a95c0","ts":"365492995004"},{"cat":"function","dur":"7","name":"renderLine","ph":"X","pid":"0","tid":"0x1132a95c0","ts":"365492995025"},{"cat":"function","dur":"16644","name":"loop","ph":"X","pid":"0","tid":"0x1132a95c0","ts":"365492994649"},{"cat":"function","dur":"32","name":"renderCircle","ph":"X","pid":"0","tid":"0x1132a95c0","ts":"365493011347"},{"cat":"function","dur":"10","name":"renderQuad","ph":"X","pid":"0","tid":"0x1132a95c0","ts":"365493011392"},{"cat":"function","dur":"28","name":"renderLine","ph":"X","pid":"0","tid":"0x1132a95c0","ts":"365493011421"},{"cat":"function","dur":"24","name":"render","ph":"X","pid":"0","tid":"0x1132a95c0","ts":"365493011477"},{"cat":"function","dur":"12","name":"render","ph":"X","pid":"0","tid":"0x1132a95c0","ts":"365493011517"},{"cat":"function","dur":"8","name":"render","ph":"X","pid":"0","tid":"0x1132a95c0","ts":"365493011538"},{"cat":"function","dur":"242","name":"renderFrame","ph":"X","pid":"0","tid":"0x1132a95c0","ts":"365493011476"},{"cat":"function","dur":"13","name":"renderLine","ph":"X","pid":"0","tid":"0x1132a95c0","ts":"365493011731"},{"cat":"function","dur":"7","name":"renderLine","ph":"X","pid":"0","tid":"0x1132a95c0","ts":"365493011754"},{"cat":"function","dur":"16307","name":"loop","ph":"X","pid":"0","tid":"0x1132a95c0","ts":"365493011330"},{"cat":"function","dur":"37","name":"renderCircle","ph":"X","pid":"0","tid":"0x1132a95c0","ts":"365493027698"},{"cat":"function","dur":"12","name":"renderQuad","ph":"X","pid":"0","tid":"0x1132a95c0","ts":"365493027749"},{"cat":"function","dur":"18","name":"renderLine","ph":"X","pid":"0","tid":"0x1132a95c0","ts":"365493027782"},{"cat":"function","dur":"14","name":"render","ph":"X","pid":"0","tid":"0x1132a95c0","ts":"365493027811"},{"cat":"function","dur":"9","name":"render","ph":"X","pid":"0","tid":"0x1132a95c0","ts":"365493027834"},{"cat":"function","dur":"9","name":"render","ph":"X","pid":"0","tid":"0x1132a95c0","ts":"365493027851"},{"cat":"function","dur":"255","name":"renderFrame","ph":"X","pid":"0","tid":"0x1132a95c0","ts":"365493027810"},{"cat":"function","dur":"12","name":"renderLine","ph":"X","pid":"0","tid":"0x1132a95c0","ts":"365493028085"},{"cat":"function","dur":"8","name":"renderLine","ph":"X","pid":"0","tid":"0x1132a95c0","ts":"365493028109"},{"cat":"function","dur":"17088","name":"loop","ph":"X","pid":"0","tid":"0x1132a95c0","ts":"365493027677"},{"cat":"function","dur":"34","name":"renderCircle","ph":"X","pid":"0","tid":"0x1132a95c0","ts":"365493044817"},{"cat":"function","dur":"11","name":"renderQuad","ph":"X","pid":"0","tid":"0x1132a95c0","ts":"365493044864"},{"cat":"function","dur":"16","name":"renderLine","ph":"X","pid":"0","tid":"0x1132a95c0","ts":"365493044895"},{"cat":"function","dur":"13","name":"render","ph":"X","pid":"0","tid":"0x1132a95c0","ts":"365493044921"},{"cat":"function","dur":"9","name":"render","ph":"X","pid":"0","tid":"0x1132a95c0","ts":"365493044942"},{"cat":"function","dur":"9","name":"render","ph":"X","pid":"0","tid":"0x1132a95c0","ts":"365493044978"},{"cat":"function","dur":"242","name":"renderFrame","ph":"X","pid":"0","tid":"0x1132a95c0","ts":"365493044921"},{"cat":"function","dur":"10","name":"renderLine","ph":"X","pid":"0","tid":"0x1132a95c0","ts":"365493045176"},{"cat":"function","dur":"7","name":"renderLine","ph":"X","pid":"0","tid":"0x1132a95c0","ts":"365493045196"},{"cat":"function","dur":"16969","name":"loop","ph":"X","pid":"0","tid":"0x1132a95c0","ts":"365493044798"},{"cat":"function","dur":"37","name":"renderCircle","ph":"X","pid":"0","tid":"0x1132a95c0","ts":"365493061819"},{"cat":"function","dur":"12","name":"renderQuad","ph":"X","pid":"0","tid":"0x1132a95c0","ts":"365493061868"},{"cat":"function","dur":"16","name":"renderLine","ph":"X","pid":"0","tid":"0x1132a95c0","ts":"365493061900"},{"cat":"function","dur":"12","name":"render","ph":"X","pid":"0","tid":"0x1132a95c0","ts":"365493061926"},{"cat":"function","dur":"8","name":"render","ph":"X","pid":"0","tid":"0x1132a95c0","ts":"365493061961"},{"cat":"function","dur":"8","name":"render","ph":"X","pid":"0","tid":"0x1132a95c0","ts":"365493061976"},{"cat":"function","dur":"224","name":"renderFrame","ph":"X","pid":"0","tid":"0x1132a95c0","ts":"365493061925"},{"cat":"function","dur":"10","name":"renderLine","ph":"X","pid":"0","tid":"0x1132a95c0","ts":"365493062162"},{"cat":"function","dur":"6","name":"renderLine","ph":"X","pid":"0","tid":"0x1132a95c0","ts":"365493062181"},{"cat":"function","dur":"17045","name":"loop","ph":"X","pid":"0","tid":"0x1132a95c0","ts":"365493061798"},{"cat":"function","dur":"32","name":"renderCircle","ph":"X","pid":"0","tid":"0x1132a95c0","ts":"365493078890"},{"cat":"function","dur":"9","name":"renderQuad","ph":"X","pid":"0","tid":"0x1132a95c0","ts":"365493078933"},{"cat":"function","dur":"15","name":"renderLine","ph":"X","pid":"0","tid":"0x1132a95c0","ts":"365493078959"},{"cat":"function","dur":"10","name":"render","ph":"X","pid":"0","tid":"0x1132a95c0","ts":"365493078982"},{"cat":"function","dur":"7","name":"render","ph":"X","pid":"0","tid":"0x1132a95c0","ts":"365493078999"},{"cat":"function","dur":"7","name":"render","ph":"X","pid":"0","tid":"0x1132a95c0","ts":"365493079012"},{"cat":"function","dur":"181","name":"renderFrame","ph":"X","pid":"0","tid":"0x1132a95c0","ts":"365493078981"},{"cat":"function","dur":"9","name":"renderLine","ph":"X","pid":"0","tid":"0x1132a95c0","ts":"365493079173"},{"cat":"function","dur":"6","name":"renderLine","ph":"X","pid":"0","tid":"0x1132a95c0","ts":"365493079190"},{"cat":"function","dur":"17757","name":"loop","ph":"X","pid":"0","tid":"0x1132a95c0","ts":"365493078870"},{"cat":"function","dur":"41","name":"renderCircle","ph":"X","pid":"0","tid":"0x1132a95c0","ts":"365493096684"},{"cat":"function","dur":"10","name":"renderQuad","ph":"X","pid":"0","tid":"0x1132a95c0","ts":"365493096737"},{"cat":"function","dur":"17","name":"renderLine","ph":"X","pid":"0","tid":"0x1132a95c0","ts":"365493096764"},{"cat":"function","dur":"12","name":"render","ph":"X","pid":"0","tid":"0x1132a95c0","ts":"365493096790"},{"cat":"function","dur":"7","name":"render","ph":"X","pid":"0","tid":"0x1132a95c0","ts":"365493096809"},{"cat":"function","dur":"7","name":"render","ph":"X","pid":"0","tid":"0x1132a95c0","ts":"365493096822"},{"cat":"function","dur":"181","name":"renderFrame","ph":"X","pid":"0","tid":"0x1132a95c0","ts":"365493096789"},{"cat":"function","dur":"9","name":"renderLine","ph":"X","pid":"0","tid":"0x1132a95c0","ts":"365493096980"},{"cat":"function","dur":"6","name":"renderLine","ph":"X","pid":"0","tid":"0x1132a95c0","ts":"365493096998"},{"cat":"function","dur":"16274","name":"loop","ph":"X","pid":"0","tid":"0x1132a95c0","ts":"365493096660"},{"cat":"function","dur":"36","name":"renderCircle","ph":"X","pid":"0","tid":"0x1132a95c0","ts":"365493112990"},{"cat":"function","dur":"9","name":"renderQuad","ph":"X","pid":"0","tid":"0x1132a95c0","ts":"365493113037"},{"cat":"function","dur":"16","name":"renderLine","ph":"X","pid":"0","tid":"0x1132a95c0","ts":"365493113064"},{"cat":"function","dur":"12","name":"render","ph":"X","pid":"0","tid":"0x1132a95c0","ts":"365493113103"},{"cat":"function","dur":"7","name":"render","ph":"X","pid":"0","tid":"0x1132a95c0","ts":"365493113123"},{"cat":"function","dur":"6","name":"render","ph":"X","pid":"0","tid":"0x1132a95c0","ts":"365493113136"},{"cat":"function","dur":"182","name":"renderFrame","ph":"X","pid":"0","tid":"0x1132a95c0","ts":"365493113102"},{"cat":"function","dur":"10","name":"renderLine","ph":"X","pid":"0","tid":"0x1132a95c0","ts":"365493113294"},{"cat":"function","dur":"7","name":"renderLine","ph":"X","pid":"0","tid":"0x1132a95c0","ts":"365493113312"},{"cat":"function","dur":"17992","name":"loop","ph":"X","pid":"0","tid":"0x1132a95c0","ts":"365493112968"},{"cat":"function","dur":"33","name":"renderCircle","ph":"X","pid":"0","tid":"0x1132a95c0","ts":"365493131015"},{"cat":"function","dur":"8","name":"renderQuad","ph":"X","pid":"0","tid":"0x1132a95c0","ts":"365493131058"},{"cat":"function","dur":"15","name":"renderLine","ph":"X","pid":"0","tid":"0x1132a95c0","ts":"365493131083"},{"cat":"function","dur":"10","name":"render","ph":"X","pid":"0","tid":"0x1132a95c0","ts":"365493131106"},{"cat":"function","dur":"7","name":"render","ph":"X","pid":"0","tid":"0x1132a95c0","ts":"365493131123"},{"cat":"function","dur":"7","name":"render","ph":"X","pid":"0","tid":"0x1132a95c0","ts":"365493131136"},{"cat":"function","dur":"177","name":"renderFrame","ph":"X","pid":"0","tid":"0x1132a95c0","ts":"365493131105"},{"cat":"function","dur":"8","name":"renderLine","ph":"X","pid":"0","tid":"0x1132a95c0","ts":"365493131293"},{"cat":"function","dur":"6","name":"renderLine","ph":"X","pid":"0","tid":"0x1132a95c0","ts":"365493131309"},{"cat":"function","dur":"16978","name":"loop","ph":"X","pid":"0","tid":"0x1132a95c0","ts":"365493130993"},{"cat":"function","dur":"38","name":"renderCircle","ph":"X","pid":"0","tid":"0x1132a95c0","ts":"365493148029"},{"cat":"function","dur":"11","name":"renderQuad","ph":"X","pid":"0","tid":"0x1132a95c0","ts":"365493148081"},{"cat":"function","dur":"19","name":"renderLine","ph":"X","pid":"0","tid":"0x1132a95c0","ts":"365493148114"},{"cat":"function","dur":"14","name":"render","ph":"X","pid":"0","tid":"0x1132a95c0","ts":"365493148144"},{"cat":"function","dur":"9","name":"render","ph":"X","pid":"0","tid":"0x1132a95c0","ts":"365493148167"},{"cat":"function","dur":"8","name":"render","ph":"X","pid":"0","tid":"0x1132a95c0","ts":"365493148184"},{"cat":"function","dur":"235","name":"renderFrame","ph":"X","pid":"0","tid":"0x1132a95c0","ts":"365493148143"},{"cat":"function","dur":"12","name":"renderLine","ph":"X","pid":"0","tid":"0x1132a95c0","ts":"365493148391"},{"cat":"function","dur":"8","name":"renderLine","ph":"X","pid":"0","tid":"0x1132a95c0","ts":"365493148414"},{"cat":"function","dur":"16163","name":"loop","ph":"X","pid":"0","tid":"0x1132a95c0","ts":"365493148006"},{"cat":"function","dur":"38","name":"renderCircle","ph":"X","pid":"0","tid":"0x1132a95c0","ts":"365493164233"},{"cat":"function","dur":"11","name":"renderQuad","ph":"X","pid":"0","tid":"0x1132a95c0","ts":"365493164284"},{"cat":"function","dur":"17","name":"renderLine","ph":"X","pid":"0","tid":"0x1132a95c0","ts":"365493164317"},{"cat":"function","dur":"13","name":"render","ph":"X","pid":"0","tid":"0x1132a95c0","ts":"365493164345"},{"cat":"function","dur":"9","name":"render","ph":"X","pid":"0","tid":"0x1132a95c0","ts":"365493164367"},{"cat":"function","dur":"8","name":"render","ph":"X","pid":"0","tid":"0x1132a95c0","ts":"365493164384"},{"cat":"function","dur":"230","name":"renderFrame","ph":"X","pid":"0","tid":"0x1132a95c0","ts":"365493164344"},{"cat":"function","dur":"11","name":"renderLine","ph":"X","pid":"0","tid":"0x1132a95c0","ts":"365493164587"},{"cat":"function","dur":"8","name":"renderLine","ph":"X","pid":"0","tid":"0x1132a95c0","ts":"365493164609"},{"cat":"function","dur":"17769","name":"loop","ph":"X","pid":"0","tid":"0x1132a95c0","ts":"365493164208"},{"cat":"function","dur":"38","name":"renderCircle","ph":"X","pid":"0","tid":"0x1132a95c0","ts":"365493182036"},{"cat":"function","dur":"12","name":"renderQuad","ph":"X","pid":"0","tid":"0x1132a95c0","ts":"365493182107"},{"cat":"function","dur":"18","name":"renderLine","ph":"X","pid":"0","tid":"0x1132a95c0","ts":"365493182141"},{"cat":"function","dur":"14","name":"render","ph":"X","pid":"0","tid":"0x1132a95c0","ts":"365493182169"},{"cat":"function","dur":"8","name":"render","ph":"X","pid":"0","tid":"0x1132a95c0","ts":"365493182191"},{"cat":"function","dur":"8","name":"render","ph":"X","pid":"0","tid":"0x1132a95c0","ts":"365493182207"},{"cat":"function","dur":"226","name":"renderFrame","ph":"X","pid":"0","tid":"0x1132a95c0","ts":"365493182169"},{"cat":"function","dur":"12","name":"renderLine","ph":"X","pid":"0","tid":"0x1132a95c0","ts":"365493182411"},{"cat":"function","dur":"7","name":"renderLine","ph":"X","pid":"0","tid":"0x1132a95c0","ts":"365493182434"},{"cat":"function","dur":"17012","name":"loop","ph":"X","pid":"0","tid":"0x1132a95c0","ts":"365493182013"},{"cat":"function","dur":"42","name":"renderCircle","ph":"X","pid":"0","tid":"0x1132a95c0","ts":"365493199102"},{"cat":"function","dur":"13","name":"renderQuad","ph":"X","pid":"0","tid":"0x1132a95c0","ts":"365493199161"},{"cat":"function","dur":"19","name":"renderLine","ph":"X","pid":"0","tid":"0x1132a95c0","ts":"365493199197"},{"cat":"function","dur":"14","name":"render","ph":"X","pid":"0","tid":"0x1132a95c0","ts":"365493199228"},{"cat":"function","dur":"10","name":"render","ph":"X","pid":"0","tid":"0x1132a95c0","ts":"365493199251"},{"cat":"function","dur":"9","name":"render","ph":"X","pid":"0","tid":"0x1132a95c0","ts":"365493199269"},{"cat":"function","dur":"236","name":"renderFrame","ph":"X","pid":"0","tid":"0x1132a95c0","ts":"365493199227"},{"cat":"function","dur":"12","name":"renderLine","ph":"X","pid":"0","tid":"0x1132a95c0","ts":"365493199478"},{"cat":"function","dur":"8","name":"renderLine","ph":"X","pid":"0","tid":"0x1132a95c0","ts":"365493199501"},{"cat":"function","dur":"16241","name":"loop","ph":"X","pid":"0","tid":"0x1132a95c0","ts":"365493199075"},{"cat":"function","dur":"39","name":"renderCircle","ph":"X","pid":"0","tid":"0x1132a95c0","ts":"365493215378"},{"cat":"function","dur":"12","name":"renderQuad","ph":"X","pid":"0","tid":"0x1132a95c0","ts":"365493215430"},{"cat":"function","dur":"17","name":"renderLine","ph":"X","pid":"0","tid":"0x1132a95c0","ts":"365493215463"},{"cat":"function","dur":"13","name":"render","ph":"X","pid":"0","tid":"0x1132a95c0","ts":"365493215490"},{"cat":"function","dur":"8","name":"render","ph":"X","pid":"0","tid":"0x1132a95c0","ts":"365493215513"},{"cat":"function","dur":"7","name":"render","ph":"X","pid":"0","tid":"0x1132a95c0","ts":"365493215530"},{"cat":"function","dur":"225","name":"renderFrame","ph":"X","pid":"0","tid":"0x1132a95c0","ts":"365493215490"},{"cat":"function","dur":"20","name":"renderLine","ph":"X","pid":"0","tid":"0x1132a95c0","ts":"365493215779"},{"cat":"function","dur":"10","name":"renderLine","ph":"X","pid":"0","tid":"0x1132a95c0","ts":"365493215817"},{"cat":"function","dur":"113862","name":"loop","ph":"X","pid":"0","tid":"0x1132a95c0","ts":"365493215352"}],"displayTimeUnit":"ns"}