{"traceEvents": [{"cat": "function","dur": "1361628","name": "compute","ph": "X","pid": "0","tid": "0x102c015c0","ts": "102900256844752"},{"cat": "function","dur": "13211356","name": "renderCircle","ph": "X","pid": "0","tid": "0x102c015c0","ts": "102900405831639"},{"cat": "function","dur": "1674394","name": "render","ph": "X","pid": "0","tid": "0x102c015c0","ts": "102900419112353"},{"cat": "function","dur": "109848","name": "render","ph": "X","pid": "0","tid": "0x102c015c0","ts": "102900421005839"},{"cat": "function","dur": "53083","name": "computeLineOfSightVertices","ph": "X","pid": "0","tid": "0x102c015c0","ts": "102900421193243"},{"cat": "function","dur": "108903","name": "getShadowMesh","ph": "X","pid": "0","tid": "0x102c015c0","ts": "102900421191373"},{"cat": "function","dur": "4534488","name": "renderAntiShadows","ph": "X","pid": "0","tid": "0x102c015c0","ts": "102900421191132"},{"cat": "function","dur": "2945768","name": "renderOutline","ph": "X","pid": "0","tid": "0x102c015c0","ts": "102900425799439"},{"cat": "function","dur": "9831447","name": "renderFrame","ph": "X","pid": "0","tid": "0x102c015c0","ts": "102900419111397"},{"cat": "function","dur": "1245245","name": "renderLine","ph": "X","pid": "0","tid": "0x102c015c0","ts": "102900428992223"},{"cat": "function","dur": "173479","name": "renderLine","ph": "X","pid": "0","tid": "0x102c015c0","ts": "102900430331205"},{"cat": "function","dur": "245141309","name": "loop","ph": "X","pid": "0","tid": "0x102c015c0","ts": "102900405491973"},{"cat": "function","dur": "97803","name": "renderCircle","ph": "X","pid": "0","tid": "0x102c015c0","ts": "102900650746554"},{"cat": "function","dur": "63409","name": "render","ph": "X","pid": "0","tid": "0x102c015c0","ts": "102900650927003"},{"cat": "function","dur": "73478","name": "getShadowMesh","ph": "X","pid": "0","tid": "0x102c015c0","ts": "102900651087194"},{"cat": "function","dur": "170921","name": "renderAntiShadows","ph": "X","pid": "0","tid": "0x102c015c0","ts": "102900651086952"},{"cat": "function","dur": "394958","name": "renderFrame","ph": "X","pid": "0","tid": "0x102c015c0","ts": "102900650924386"},{"cat": "function","dur": "7534624","name": "loop","ph": "X","pid": "0","tid": "0x102c015c0","ts": "102900650710672"},{"cat": "function","dur": "132566","name": "renderCircle","ph": "X","pid": "0","tid": "0x102c015c0","ts": "102900658404189"},{"cat": "function","dur": "60481","name": "renderAntiShadows","ph": "X","pid": "0","tid": "0x102c015c0","ts": "102900658665737"},{"cat": "function","dur": "154633","name": "renderFrame","ph": "X","pid": "0","tid": "0x102c015c0","ts": "102900658618660"},{"cat": "function","dur": "9940007","name": "loop","ph": "X","pid": "0","tid": "0x102c015c0","ts": "102900658317413"},{"cat": "function","dur": "64163","name": "getShadowMesh","ph": "X","pid": "0","tid": "0x102c015c0","ts": "102900668453722"},{"cat": "function","dur": "135172","name": "renderAntiShadows","ph": "X","pid": "0","tid": "0x102c015c0","ts": "102900668453474"},{"cat": "function","dur": "254587","name": "renderFrame","ph": "X","pid": "0","tid": "0x102c015c0","ts": "102900668398020"},{"cat": "function","dur": "9190314","name": "loop","ph": "X","pid": "0","tid": "0x102c015c0","ts": "102900668321043"},{"cat": "function","dur": "50558","name": "renderCircle","ph": "X","pid": "0","tid": "0x102c015c0","ts": "102900677608124"},{"cat": "function","dur": "80775","name": "render","ph": "X","pid": "0","tid": "0x102c015c0","ts": "102900680002143"},{"cat": "function","dur": "94789","name": "computeLineOfSightVertices","ph": "X","pid": "0","tid": "0x102c015c0","ts": "102900680199968"},{"cat": "function","dur": "62442","name": "computeLineOfSightVertices","ph": "X","pid": "0","tid": "0x102c015c0","ts": "102900680349522"},{"cat": "function","dur": "259357","name": "getShadowMesh","ph": "X","pid": "0","tid": "0x102c015c0","ts": "102900680194477"},{"cat": "function","dur": "347996","name": "renderAntiShadows","ph": "X","pid": "0","tid": "0x102c015c0","ts": "102900680194244"},{"cat": "function","dur": "56407","name": "renderOutline","ph": "X","pid": "0","tid": "0x102c015c0","ts": "102900680602919"},{"cat": "function","dur": "811280","name": "renderFrame","ph": "X","pid": "0","tid": "0x102c015c0","ts": "102900680001040"},{"cat": "function","dur": "63801","name": "renderLine","ph": "X","pid": "0","tid": "0x102c015c0","ts": "102900680858122"},{"cat": "function","dur": "84698","name": "renderLine","ph": "X","pid": "0","tid": "0x102c015c0","ts": "102900680961212"},{"cat": "function","dur": "19861760","name": "loop","ph": "X","pid": "0","tid": "0x102c015c0","ts": "102900677565090"},{"cat": "function","dur": "89625","name": "compute","ph": "X","pid": "0","tid": "0x102c015c0","ts": "102900697493424"},{"cat": "function","dur": "76540","name": "getShadowMesh","ph": "X","pid": "0","tid": "0x102c015c0","ts": "102900697709563"},{"cat": "function","dur": "217641","name": "renderAntiShadows","ph": "X","pid": "0","tid": "0x102c015c0","ts": "102900697709357"},{"cat": "function","dur": "344887","name": "renderFrame","ph": "X","pid": "0","tid": "0x102c015c0","ts": "102900697653910"},{"cat": "function","dur": "8437347","name": "loop","ph": "X","pid": "0","tid": "0x102c015c0","ts": "102900697473243"},{"cat": "function","dur": "52327","name": "renderCircle","ph": "X","pid": "0","tid": "0x102c015c0","ts": "102900706008480"},{"cat": "function","dur": "58486","name": "getShadowMesh","ph": "X","pid": "0","tid": "0x102c015c0","ts": "102900706153544"},{"cat": "function","dur": "118727","name": "renderAntiShadows","ph": "X","pid": "0","tid": "0x102c015c0","ts": "102900706153309"},{"cat": "function","dur": "241145","name": "renderFrame","ph": "X","pid": "0","tid": "0x102c015c0","ts": "102900706091767"},{"cat": "function","dur": "44493181","name": "loop","ph": "X","pid": "0","tid": "0x102c015c0","ts": "102900705970363"},{"cat": "function","dur": "64668","name": "renderAntiShadows","ph": "X","pid": "0","tid": "0x102c015c0","ts": "102900750603540"},{"cat": "function","dur": "138905","name": "renderFrame","ph": "X","pid": "0","tid": "0x102c015c0","ts": "102900750574538"},{"cat": "function","dur": "9949885","name": "loop","ph": "X","pid": "0","tid": "0x102c015c0","ts": "102900750504833"},{"cat": "function","dur": "54194","name": "getShadowMesh","ph": "X","pid": "0","tid": "0x102c015c0","ts": "102900760615710"},{"cat": "function","dur": "104359","name": "renderAntiShadows","ph": "X","pid": "0","tid": "0x102c015c0","ts": "102900760615533"},{"cat": "function","dur": "196592","name": "renderFrame","ph": "X","pid": "0","tid": "0x102c015c0","ts": "102900760570043"},{"cat": "function","dur": "50958","name": "renderLine","ph": "X","pid": "0","tid": "0x102c015c0","ts": "102900763154040"},{"cat": "function","dur": "10685177","name": "loop","ph": "X","pid": "0","tid": "0x102c015c0","ts": "102900760500392"},{"cat": "function","dur": "76802","name": "render","ph": "X","pid": "0","tid": "0x102c015c0","ts": "102900771333080"},{"cat": "function","dur": "60007","name": "getShadowMesh","ph": "X","pid": "0","tid": "0x102c015c0","ts": "102900771475592"},{"cat": "function","dur": "128498","name": "renderAntiShadows","ph": "X","pid": "0","tid": "0x102c015c0","ts": "102900771475314"},{"cat": "function","dur": "324827","name": "renderFrame","ph": "X","pid": "0","tid": "0x102c015c0","ts": "102900771331016"},{"cat": "function","dur": "8858067","name": "loop","ph": "X","pid": "0","tid": "0x102c015c0","ts": "102900771241297"},{"cat": "function","dur": "65083","name": "renderCircle","ph": "X","pid": "0","tid": "0x102c015c0","ts": "102900780228149"},{"cat": "function","dur": "58635","name": "render","ph": "X","pid": "0","tid": "0x102c015c0","ts": "102900780327090"},{"cat": "function","dur": "57981","name": "render","ph": "X","pid": "0","tid": "0x102c015c0","ts": "102900780454162"},{"cat": "function","dur": "66135","name": "computeLineOfSightVertices","ph": "X","pid": "0","tid": "0x102c015c0","ts": "102900780614712"},{"cat": "function","dur": "171634","name": "getShadowMesh","ph": "X","pid": "0","tid": "0x102c015c0","ts": "102900780606049"},{"cat": "function","dur": "327016","name": "renderAntiShadows","ph": "X","pid": "0","tid": "0x102c015c0","ts": "102900780605826"},{"cat": "function","dur": "1129234","name": "renderFrame","ph": "X","pid": "0","tid": "0x102c015c0","ts": "102900780325948"},{"cat": "function","dur": "269606","name": "timeStep","ph": "X","pid": "0","tid": "0x102c015c0","ts": "102900781491257"},{"cat": "function","dur": "941638","name": "renderLine","ph": "X","pid": "0","tid": "0x102c015c0","ts": "102900783436232"},{"cat": "function","dur": "13030070","name": "loop","ph": "X","pid": "0","tid": "0x102c015c0","ts": "102900780173322"},{"cat": "function","dur": "62696","name": "renderAntiShadows","ph": "X","pid": "0","tid": "0x102c015c0","ts": "102900793336097"},{"cat": "function","dur": "135515","name": "renderFrame","ph": "X","pid": "0","tid": "0x102c015c0","ts": "102900793304099"},{"cat": "function","dur": "8876297","name": "loop","ph": "X","pid": "0","tid": "0x102c015c0","ts": "102900793242752"},{"cat": "function","dur": "78064","name": "compute","ph": "X","pid": "0","tid": "0x102c015c0","ts": "102900802260744"},{"cat": "function","dur": "59853","name": "computeLineOfSightVertices","ph": "X","pid": "0","tid": "0x102c015c0","ts": "102900802462410"},{"cat": "function","dur": "123387","name": "getShadowMesh","ph": "X","pid": "0","tid": "0x102c015c0","ts": "102900802421020"},{"cat": "function","dur": "176169","name": "renderAntiShadows","ph": "X","pid": "0","tid": "0x102c015c0","ts": "102900802420838"},{"cat": "function","dur": "59181","name": "renderOutline","ph": "X","pid": "0","tid": "0x102c015c0","ts": "102900802620549"},{"cat": "function","dur": "320423","name": "renderFrame","ph": "X","pid": "0","tid": "0x102c015c0","ts": "102900802394490"},{"cat": "function","dur": "7385270","name": "loop","ph": "X","pid": "0","tid": "0x102c015c0","ts": "102900802240328"},{"cat": "function","dur": "125476","name": "renderCircle","ph": "X","pid": "0","tid": "0x102c015c0","ts": "102900810111067"},{"cat": "function","dur": "68051","name": "render","ph": "X","pid": "0","tid": "0x102c015c0","ts": "102900810324675"},{"cat": "function","dur": "161983","name": "renderAntiShadows","ph": "X","pid": "0","tid": "0x102c015c0","ts": "102900810416269"},{"cat": "function","dur": "369540","name": "renderFrame","ph": "X","pid": "0","tid": "0x102c015c0","ts": "102900810271148"},{"cat": "function","dur": "153728","name": "renderLine","ph": "X","pid": "0","tid": "0x102c015c0","ts": "102900810659159"},{"cat": "function","dur": "11143860","name": "loop","ph": "X","pid": "0","tid": "0x102c015c0","ts": "102900810077560"},{"cat": "function","dur": "75078","name": "renderAntiShadows","ph": "X","pid": "0","tid": "0x102c015c0","ts": "102900821369619"},{"cat": "function","dur": "147441","name": "renderFrame","ph": "X","pid": "0","tid": "0x102c015c0","ts": "102900821339588"},{"cat": "function","dur": "7632917","name": "loop","ph": "X","pid": "0","tid": "0x102c015c0","ts": "102900821270680"},{"cat": "function","dur": "62526","name": "renderAntiShadows","ph": "X","pid": "0","tid": "0x102c015c0","ts": "102900829046952"},{"cat": "function","dur": "141310","name": "renderFrame","ph": "X","pid": "0","tid": "0x102c015c0","ts": "102900829019314"},{"cat": "function","dur": "10148594","name": "loop","ph": "X","pid": "0","tid": "0x102c015c0","ts": "102900828951126"},{"cat": "function","dur": "58987","name": "getShadowMesh","ph": "X","pid": "0","tid": "0x102c015c0","ts": "102900839265516"},{"cat": "function","dur": "112572","name": "renderAntiShadows","ph": "X","pid": "0","tid": "0x102c015c0","ts": "102900839265308"},{"cat": "function","dur": "203899","name": "renderFrame","ph": "X","pid": "0","tid": "0x102c015c0","ts": "102900839222727"},{"cat": "function","dur": "8742430","name": "loop","ph": "X","pid": "0","tid": "0x102c015c0","ts": "102900839144722"},{"cat": "function","dur": "59256","name": "getShadowMesh","ph": "X","pid": "0","tid": "0x102c015c0","ts": "102900848256812"},{"cat": "function","dur": "143345","name": "renderAntiShadows","ph": "X","pid": "0","tid": "0x102c015c0","ts": "102900848256584"},{"cat": "function","dur": "259233","name": "renderFrame","ph": "X","pid": "0","tid": "0x102c015c0","ts": "102900848194782"},{"cat": "function","dur": "8393515","name": "loop","ph": "X","pid": "0","tid": "0x102c015c0","ts": "102900848115793"},{"cat": "function","dur": "50683","name": "renderCircle","ph": "X","pid": "0","tid": "0x102c015c0","ts": "102900856627217"},{"cat": "function","dur": "58564","name": "getShadowMesh","ph": "X","pid": "0","tid": "0x102c015c0","ts": "102900856751296"},{"cat": "function","dur": "121840","name": "renderAntiShadows","ph": "X","pid": "0","tid": "0x102c015c0","ts": "102900856751050"},{"cat": "function","dur": "229382","name": "renderFrame","ph": "X","pid": "0","tid": "0x102c015c0","ts": "102900856700054"},{"cat": "function","dur": "9761345","name": "loop","ph": "X","pid": "0","tid": "0x102c015c0","ts": "102900856594574"},{"cat": "function","dur": "51785","name": "renderCircle","ph": "X","pid": "0","tid": "0x102c015c0","ts": "102900866455383"},{"cat": "function","dur": "75991","name": "getShadowMesh","ph": "X","pid": "0","tid": "0x102c015c0","ts": "102900866604454"},{"cat": "function","dur": "254527","name": "renderAntiShadows","ph": "X","pid": "0","tid": "0x102c015c0","ts": "102900866604269"},{"cat": "function","dur": "394257","name": "renderFrame","ph": "X","pid": "0","tid": "0x102c015c0","ts": "102900866531825"},{"cat": "function","dur": "8704490","name": "loop","ph": "X","pid": "0","tid": "0x102c015c0","ts": "102900866418123"},{"cat": "function","dur": "69038","name": "renderAntiShadows","ph": "X","pid": "0","tid": "0x102c015c0","ts": "102900875252835"},{"cat": "function","dur": "135681","name": "renderFrame","ph": "X","pid": "0","tid": "0x102c015c0","ts": "102900875225374"},{"cat": "function","dur": "6532350","name": "loop","ph": "X","pid": "0","tid": "0x102c015c0","ts": "102900875163687"},{"cat": "function","dur": "51707","name": "render","ph": "X","pid": "0","tid": "0x102c015c0","ts": "102900881828437"},{"cat": "function","dur": "65915","name": "getShadowMesh","ph": "X","pid": "0","tid": "0x102c015c0","ts": "102900881989345"},{"cat": "function","dur": "1278352","name": "renderAntiShadows","ph": "X","pid": "0","tid": "0x102c015c0","ts": "102900881989162"},{"cat": "function","dur": "1600526","name": "renderFrame","ph": "X","pid": "0","tid": "0x102c015c0","ts": "102900881827423"},{"cat": "function","dur": "8501862","name": "loop","ph": "X","pid": "0","tid": "0x102c015c0","ts": "102900881743384"},{"cat": "function","dur": "63889","name": "renderAntiShadows","ph": "X","pid": "0","tid": "0x102c015c0","ts": "102900890377515"},{"cat": "function","dur": "200626","name": "renderFrame","ph": "X","pid": "0","tid": "0x102c015c0","ts": "102900890346636"},{"cat": "function","dur": "7856477","name": "loop","ph": "X","pid": "0","tid": "0x102c015c0","ts": "102900890282556"},{"cat": "function","dur": "56834","name": "renderCircle","ph": "X","pid": "0","tid": "0x102c015c0","ts": "102900898227608"},{"cat": "function","dur": "66724","name": "getShadowMesh","ph": "X","pid": "0","tid": "0x102c015c0","ts": "102900898399463"},{"cat": "function","dur": "260473","name": "renderAntiShadows","ph": "X","pid": "0","tid": "0x102c015c0","ts": "102900898399283"},{"cat": "function","dur": "73935","name": "renderOutline","ph": "X","pid": "0","tid": "0x102c015c0","ts": "102900898737674"},{"cat": "function","dur": "532835","name": "renderFrame","ph": "X","pid": "0","tid": "0x102c015c0","ts": "102900898343750"},{"cat": "function","dur": "9005750","name": "loop","ph": "X","pid": "0","tid": "0x102c015c0","ts": "102900898189875"},{"cat": "function","dur": "69984","name": "renderAntiShadows","ph": "X","pid": "0","tid": "0x102c015c0","ts": "102900907379922"},{"cat": "function","dur": "170946","name": "renderFrame","ph": "X","pid": "0","tid": "0x102c015c0","ts": "102900907328060"},{"cat": "function","dur": "7830747","name": "loop","ph": "X","pid": "0","tid": "0x102c015c0","ts": "102900907247516"},{"cat": "function","dur": "66991","name": "renderAntiShadows","ph": "X","pid": "0","tid": "0x102c015c0","ts": "102900915219607"},{"cat": "function","dur": "140306","name": "renderFrame","ph": "X","pid": "0","tid": "0x102c015c0","ts": "102900915190244"},{"cat": "function","dur": "15897262","name": "loop","ph": "X","pid": "0","tid": "0x102c015c0","ts": "102900915122468"},{"cat": "function","dur": "63707","name": "renderAntiShadows","ph": "X","pid": "0","tid": "0x102c015c0","ts": "102900931216880"},{"cat": "function","dur": "177520","name": "renderFrame","ph": "X","pid": "0","tid": "0x102c015c0","ts": "102900931160489"},{"cat": "function","dur": "6762577","name": "loop","ph": "X","pid": "0","tid": "0x102c015c0","ts": "102900931076432"},{"cat": "function","dur": "61473","name": "getShadowMesh","ph": "X","pid": "0","tid": "0x102c015c0","ts": "102900938030370"},{"cat": "function","dur": "137396","name": "renderAntiShadows","ph": "X","pid": "0","tid": "0x102c015c0","ts": "102900938030193"},{"cat": "function","dur": "250701","name": "renderFrame","ph": "X","pid": "0","tid": "0x102c015c0","ts": "102900937977646"},{"cat": "function","dur": "7656657","name": "loop","ph": "X","pid": "0","tid": "0x102c015c0","ts": "102900937887463"},{"cat": "function","dur": "51883","name": "renderCircle","ph": "X","pid": "0","tid": "0x102c015c0","ts": "102900945647034"},{"cat": "function","dur": "56794","name": "getShadowMesh","ph": "X","pid": "0","tid": "0x102c015c0","ts": "102900945775246"},{"cat": "function","dur": "440643","name": "renderAntiShadows","ph": "X","pid": "0","tid": "0x102c015c0","ts": "102900945775065"},{"cat": "function","dur": "547200","name": "renderFrame","ph": "X","pid": "0","tid": "0x102c015c0","ts": "102900945723523"},{"cat": "function","dur": "15496048","name": "loop","ph": "X","pid": "0","tid": "0x102c015c0","ts": "102900945600220"},{"cat": "function","dur": "77572","name": "renderCircle","ph": "X","pid": "0","tid": "0x102c015c0","ts": "102900961200968"},{"cat": "function","dur": "64165","name": "renderAntiShadows","ph": "X","pid": "0","tid": "0x102c015c0","ts": "102900961351668"},{"cat": "function","dur": "149672","name": "renderFrame","ph": "X","pid": "0","tid": "0x102c015c0","ts": "102900961305784"},{"cat": "function","dur": "7478848","name": "loop","ph": "X","pid": "0","tid": "0x102c015c0","ts": "102900961159657"},{"cat": "function","dur": "60528","name": "getShadowMesh","ph": "X","pid": "0","tid": "0x102c015c0","ts": "102900968817680"},{"cat": "function","dur": "128165","name": "renderAntiShadows","ph": "X","pid": "0","tid": "0x102c015c0","ts": "102900968817444"},{"cat": "function","dur": "229996","name": "renderFrame","ph": "X","pid": "0","tid": "0x102c015c0","ts": "102900968770346"},{"cat": "function","dur": "7693963","name": "loop","ph": "X","pid": "0","tid": "0x102c015c0","ts": "102900968689433"},{"cat": "function","dur": "63361","name": "getShadowMesh","ph": "X","pid": "0","tid": "0x102c015c0","ts": "102900976566213"},{"cat": "function","dur": "149792","name": "renderAntiShadows","ph": "X","pid": "0","tid": "0x102c015c0","ts": "102900976566003"},{"cat": "function","dur": "292941","name": "renderFrame","ph": "X","pid": "0","tid": "0x102c015c0","ts": "102900976506073"},{"cat": "function","dur": "7653774","name": "loop","ph": "X","pid": "0","tid": "0x102c015c0","ts": "102900976425253"},{"cat": "function","dur": "213465","name": "renderCircle","ph": "X","pid": "0","tid": "0x102c015c0","ts": "102900984335563"},{"cat": "function","dur": "77514","name": "render","ph": "X","pid": "0","tid": "0x102c015c0","ts": "102900984660925"},{"cat": "function","dur": "52838","name": "computeLineOfSightVertices","ph": "X","pid": "0","tid": "0x102c015c0","ts": "102900984829492"},{"cat": "function","dur": "130341","name": "getShadowMesh","ph": "X","pid": "0","tid": "0x102c015c0","ts": "102900984821102"},{"cat": "function","dur": "269377","name": "renderAntiShadows","ph": "X","pid": "0","tid": "0x102c015c0","ts": "102900984820886"},{"cat": "function","dur": "134046","name": "renderOutline","ph": "X","pid": "0","tid": "0x102c015c0","ts": "102900985144439"},{"cat": "function","dur": "675639","name": "renderFrame","ph": "X","pid": "0","tid": "0x102c015c0","ts": "102900984657917"},{"cat": "function","dur": "8577750","name": "loop","ph": "X","pid": "0","tid": "0x102c015c0","ts": "102900984199942"},{"cat": "function","dur": "58362","name": "renderAntiShadows","ph": "X","pid": "0","tid": "0x102c015c0","ts": "102900992928232"},{"cat": "function","dur": "123140","name": "renderFrame","ph": "X","pid": "0","tid": "0x102c015c0","ts": "102900992901464"},{"cat": "function","dur": "9002279","name": "loop","ph": "X","pid": "0","tid": "0x102c015c0","ts": "102900992834938"},{"cat": "function","dur": "70174","name": "renderAntiShadows","ph": "X","pid": "0","tid": "0x102c015c0","ts": "102901001996486"},{"cat": "function","dur": "156904","name": "renderFrame","ph": "X","pid": "0","tid": "0x102c015c0","ts": "102901001958939"},{"cat": "function","dur": "8945940","name": "loop","ph": "X","pid": "0","tid": "0x102c015c0","ts": "102901001880614"},{"cat": "function","dur": "61671","name": "renderAntiShadows","ph": "X","pid": "0","tid": "0x102c015c0","ts": "102901010964269"},{"cat": "function","dur": "135209","name": "renderFrame","ph": "X","pid": "0","tid": "0x102c015c0","ts": "102901010929795"},{"cat": "function","dur": "10520400","name": "loop","ph": "X","pid": "0","tid": "0x102c015c0","ts": "102901010869387"},{"cat": "function","dur": "57683","name": "getShadowMesh","ph": "X","pid": "0","tid": "0x102c015c0","ts": "102901021580410"},{"cat": "function","dur": "127024","name": "renderAntiShadows","ph": "X","pid": "0","tid": "0x102c015c0","ts": "102901021580184"},{"cat": "function","dur": "230111","name": "renderFrame","ph": "X","pid": "0","tid": "0x102c015c0","ts": "102901021534134"},{"cat": "function","dur": "7934595","name": "loop","ph": "X","pid": "0","tid": "0x102c015c0","ts": "102901021444917"},{"cat": "function","dur": "74655","name": "renderCircle","ph": "X","pid": "0","tid": "0x102c015c0","ts": "102901029464325"},{"cat": "function","dur": "205597","name": "render","ph": "X","pid": "0","tid": "0x102c015c0","ts": "102901029568319"},{"cat": "function","dur": "158186","name": "render","ph": "X","pid": "0","tid": "0x102c015c0","ts": "102901030155557"},{"cat": "function","dur": "53636","name": "computeLineOfSightVertices","ph": "X","pid": "0","tid": "0x102c015c0","ts": "102901030442211"},{"cat": "function","dur": "132840","name": "getShadowMesh","ph": "X","pid": "0","tid": "0x102c015c0","ts": "102901030433234"},{"cat": "function","dur": "257224","name": "renderAntiShadows","ph": "X","pid": "0","tid": "0x102c015c0","ts": "102901030432966"},{"cat": "function","dur": "1314718","name": "renderFrame","ph": "X","pid": "0","tid": "0x102c015c0","ts": "102901029567453"},{"cat": "function","dur": "11128969","name": "loop","ph": "X","pid": "0","tid": "0x102c015c0","ts": "102901029431254"},{"cat": "function","dur": "73179","name": "render","ph": "X","pid": "0","tid": "0x102c015c0","ts": "102901040777325"},{"cat": "function","dur": "58608","name": "getShadowMesh","ph": "X","pid": "0","tid": "0x102c015c0","ts": "102901040975286"},{"cat": "function","dur": "124055","name": "renderAntiShadows","ph": "X","pid": "0","tid": "0x102c015c0","ts": "102901040975014"},{"cat": "function","dur": "414855","name": "renderFrame","ph": "X","pid": "0","tid": "0x102c015c0","ts": "102901040738864"},{"cat": "function","dur": "7478089","name": "loop","ph": "X","pid": "0","tid": "0x102c015c0","ts": "102901040648531"},{"cat": "function","dur": "50380","name": "renderCircle","ph": "X","pid": "0","tid": "0x102c015c0","ts": "102901048224951"},{"cat": "function","dur": "229362","name": "ModelMatrixTransform","ph": "X","pid": "0","tid": "0x102c015c0","ts": "102901048413847"},{"cat": "function","dur": "360994","name": "computeLineOfSightVertices","ph": "X","pid": "0","tid": "0x102c015c0","ts": "102901048409289"},{"cat": "function","dur": "482354","name": "getShadowMesh","ph": "X","pid": "0","tid": "0x102c015c0","ts": "102901048362340"},{"cat": "function","dur": "758286","name": "renderAntiShadows","ph": "X","pid": "0","tid": "0x102c015c0","ts": "102901048362147"},{"cat": "function","dur": "985992","name": "renderFrame","ph": "X","pid": "0","tid": "0x102c015c0","ts": "102901048311161"},{"cat": "function","dur": "65978","name": "renderLine","ph": "X","pid": "0","tid": "0x102c015c0","ts": "102901049339476"},{"cat": "function","dur": "51670","name": "renderLine","ph": "X","pid": "0","tid": "0x102c015c0","ts": "102901049551254"},{"cat": "function","dur": "9071888","name": "loop","ph": "X","pid": "0","tid": "0x102c015c0","ts": "102901048170366"},{"cat": "function","dur": "63763","name": "getShadowMesh","ph": "X","pid": "0","tid": "0x102c015c0","ts": "102901057443718"},{"cat": "function","dur": "128251","name": "renderAntiShadows","ph": "X","pid": "0","tid": "0x102c015c0","ts": "102901057443508"},{"cat": "function","dur": "243517","name": "renderFrame","ph": "X","pid": "0","tid": "0x102c015c0","ts": "102901057385064"},{"cat": "function","dur": "7998307","name": "loop","ph": "X","pid": "0","tid": "0x102c015c0","ts": "102901057298604"},{"cat": "function","dur": "92743","name": "renderCircle","ph": "X","pid": "0","tid": "0x102c015c0","ts": "102901065616190"},{"cat": "function","dur": "64526","name": "findExtremePoints","ph": "X","pid": "0","tid": "0x102c015c0","ts": "102901065830964"},{"cat": "function","dur": "191287","name": "computeLineOfSightVertices","ph": "X","pid": "0","tid": "0x102c015c0","ts": "102901065769543"},{"cat": "function","dur": "242497","name": "getShadowMesh","ph": "X","pid": "0","tid": "0x102c015c0","ts": "102901065765251"},{"cat": "function","dur": "292154","name": "renderAntiShadows","ph": "X","pid": "0","tid": "0x102c015c0","ts": "102901065765087"},{"cat": "function","dur": "362169","name": "renderFrame","ph": "X","pid": "0","tid": "0x102c015c0","ts": "102901065731569"},{"cat": "function","dur": "8100640","name": "loop","ph": "X","pid": "0","tid": "0x102c015c0","ts": "102901065512380"},{"cat": "function","dur": "61858","name": "renderAntiShadows","ph": "X","pid": "0","tid": "0x102c015c0","ts": "102901073750816"},{"cat": "function","dur": "135272","name": "renderFrame","ph": "X","pid": "0","tid": "0x102c015c0","ts": "102901073723637"},{"cat": "function","dur": "51142","name": "renderLine","ph": "X","pid": "0","tid": "0x102c015c0","ts": "102901073871278"},{"cat": "function","dur": "143516","name": "renderLine","ph": "X","pid": "0","tid": "0x102c015c0","ts": "102901073974293"},{"cat": "function","dur": "8132470","name": "loop","ph": "X","pid": "0","tid": "0x102c015c0","ts": "102901073662458"},{"cat": "function","dur": "62321","name": "getShadowMesh","ph": "X","pid": "0","tid": "0x102c015c0","ts": "102901082011365"},{"cat": "function","dur": "119609","name": "renderAntiShadows","ph": "X","pid": "0","tid": "0x102c015c0","ts": "102901082011124"},{"cat": "function","dur": "217092","name": "renderFrame","ph": "X","pid": "0","tid": "0x102c015c0","ts": "102901081965405"},{"cat": "function","dur": "7229075","name": "loop","ph": "X","pid": "0","tid": "0x102c015c0","ts": "102901081878294"},{"cat": "function","dur": "59159","name": "renderAntiShadows","ph": "X","pid": "0","tid": "0x102c015c0","ts": "102901089246825"},{"cat": "function","dur": "124400","name": "renderFrame","ph": "X","pid": "0","tid": "0x102c015c0","ts": "102901089218948"},{"cat": "function","dur": "11405999","name": "loop","ph": "X","pid": "0","tid": "0x102c015c0","ts": "102901089152248"},{"cat": "function","dur": "60077","name": "getShadowMesh","ph": "X","pid": "0","tid": "0x102c015c0","ts": "102901100919790"},{"cat": "function","dur": "121790","name": "renderAntiShadows","ph": "X","pid": "0","tid": "0x102c015c0","ts": "102901100919607"},{"cat": "function","dur": "217642","name": "renderFrame","ph": "X","pid": "0","tid": "0x102c015c0","ts": "102901100876195"},{"cat": "function","dur": "6695825","name": "loop","ph": "X","pid": "0","tid": "0x102c015c0","ts": "102901100600835"},{"cat": "function","dur": "58565","name": "getShadowMesh","ph": "X","pid": "0","tid": "0x102c015c0","ts": "102901107495009"},{"cat": "function","dur": "128801","name": "renderAntiShadows","ph": "X","pid": "0","tid": "0x102c015c0","ts": "102901107494806"},{"cat": "function","dur": "231967","name": "renderFrame","ph": "X","pid": "0","tid": "0x102c015c0","ts": "102901107447869"},{"cat": "function","dur": "7711887","name": "loop","ph": "X","pid": "0","tid": "0x102c015c0","ts": "102901107356439"},{"cat": "function","dur": "61399","name": "renderCircle","ph": "X","pid": "0","tid": "0x102c015c0","ts": "102901115307755"},{"cat": "function","dur": "59020","name": "getShadowMesh","ph": "X","pid": "0","tid": "0x102c015c0","ts": "102901115455300"},{"cat": "function","dur": "118640","name": "renderAntiShadows","ph": "X","pid": "0","tid": "0x102c015c0","ts": "102901115455085"},{"cat": "function","dur": "231592","name": "renderFrame","ph": "X","pid": "0","tid": "0x102c015c0","ts": "102901115401928"},{"cat": "function","dur": "8075305","name": "loop","ph": "X","pid": "0","tid": "0x102c015c0","ts": "102901115268628"},{"cat": "function","dur": "64960","name": "renderAntiShadows","ph": "X","pid": "0","tid": "0x102c015c0","ts": "102901123477729"},{"cat": "function","dur": "140184","name": "renderFrame","ph": "X","pid": "0","tid": "0x102c015c0","ts": "102901123446213"},{"cat": "function","dur": "7738876","name": "loop","ph": "X","pid": "0","tid": "0x102c015c0","ts": "102901123380067"},{"cat": "function","dur": "196473","name": "renderCircle","ph": "X","pid": "0","tid": "0x102c015c0","ts": "102901131501315"},{"cat": "function","dur": "56315","name": "getShadowMesh","ph": "X","pid": "0","tid": "0x102c015c0","ts": "102901131777686"},{"cat": "function","dur": "101993","name": "renderAntiShadows","ph": "X","pid": "0","tid": "0x102c015c0","ts": "102901131777477"},{"cat": "function","dur": "194132","name": "renderFrame","ph": "X","pid": "0","tid": "0x102c015c0","ts": "102901131730716"},{"cat": "function","dur": "9216431","name": "loop","ph": "X","pid": "0","tid": "0x102c015c0","ts": "102901131430916"},{"cat": "function","dur": "50693","name": "renderCircle","ph": "X","pid": "0","tid": "0x102c015c0","ts": "102901140751980"},{"cat": "function","dur": "69979","name": "renderAntiShadows","ph": "X","pid": "0","tid": "0x102c015c0","ts": "102901140867486"},{"cat": "function","dur": "156460","name": "renderFrame","ph": "X","pid": "0","tid": "0x102c015c0","ts": "102901140824310"},{"cat": "function","dur": "7292839","name": "loop","ph": "X","pid": "0","tid": "0x102c015c0","ts": "102901140717030"},{"cat": "function","dur": "53736","name": "renderCircle","ph": "X","pid": "0","tid": "0x102c015c0","ts": "102901148172189"},{"cat": "function","dur": "67237","name": "getShadowMesh","ph": "X","pid": "0","tid": "0x102c015c0","ts": "102901148332751"},{"cat": "function","dur": "238607","name": "renderAntiShadows","ph": "X","pid": "0","tid": "0x102c015c0","ts": "102901148332550"},{"cat": "function","dur": "468400","name": "renderFrame","ph": "X","pid": "0","tid": "0x102c015c0","ts": "102901148259846"},{"cat": "function","dur": "71507","name": "renderLine","ph": "X","pid": "0","tid": "0x102c015c0","ts": "102901148786173"},{"cat": "function","dur": "8274983","name": "loop","ph": "X","pid": "0","tid": "0x102c015c0","ts": "102901148122231"},{"cat": "function","dur": "58773","name": "getShadowMesh","ph": "X","pid": "0","tid": "0x102c015c0","ts": "102901156573194"},{"cat": "function","dur": "117153","name": "renderAntiShadows","ph": "X","pid": "0","tid": "0x102c015c0","ts": "102901156572930"},{"cat": "function","dur": "209553","name": "renderFrame","ph": "X","pid": "0","tid": "0x102c015c0","ts": "102901156530093"},{"cat": "function","dur": "6637737","name": "loop","ph": "X","pid": "0","tid": "0x102c015c0","ts": "102901156451184"},{"cat": "function","dur": "72658","name": "renderCircle","ph": "X","pid": "0","tid": "0x102c015c0","ts": "102901163172387"},{"cat": "function","dur": "50272","name": "computeLineOfSightVertices","ph": "X","pid": "0","tid": "0x102c015c0","ts": "102901163339591"},{"cat": "function","dur": "150579","name": "getShadowMesh","ph": "X","pid": "0","tid": "0x102c015c0","ts": "102901163336827"},{"cat": "function","dur": "261358","name": "renderAntiShadows","ph": "X","pid": "0","tid": "0x102c015c0","ts": "102901163336648"},{"cat": "function","dur": "438515","name": "renderFrame","ph": "X","pid": "0","tid": "0x102c015c0","ts": "102901163282874"},{"cat": "function","dur": "61813","name": "renderLine","ph": "X","pid": "0","tid": "0x102c015c0","ts": "102901163761420"},{"cat": "function","dur": "8019844","name": "loop","ph": "X","pid": "0","tid": "0x102c015c0","ts": "102901163141119"},{"cat": "function","dur": "52569","name": "renderCircle","ph": "X","pid": "0","tid": "0x102c015c0","ts": "102901171265254"},{"cat": "function","dur": "62105","name": "getShadowMesh","ph": "X","pid": "0","tid": "0x102c015c0","ts": "102901171396583"},{"cat": "function","dur": "115416","name": "renderAntiShadows","ph": "X","pid": "0","tid": "0x102c015c0","ts": "102901171396341"},{"cat": "function","dur": "216598","name": "renderFrame","ph": "X","pid": "0","tid": "0x102c015c0","ts": "102901171345439"},{"cat": "function","dur": "8074333","name": "loop","ph": "X","pid": "0","tid": "0x102c015c0","ts": "102901171224208"},{"cat": "function","dur": "64260","name": "renderAntiShadows","ph": "X","pid": "0","tid": "0x102c015c0","ts": "102901179450653"},{"cat": "function","dur": "134778","name": "renderFrame","ph": "X","pid": "0","tid": "0x102c015c0","ts": "102901179422090"},{"cat": "function","dur": "9057242","name": "loop","ph": "X","pid": "0","tid": "0x102c015c0","ts": "102901179346383"},{"cat": "function","dur": "60144","name": "getShadowMesh","ph": "X","pid": "0","tid": "0x102c015c0","ts": "102901188592613"},{"cat": "function","dur": "113188","name": "renderAntiShadows","ph": "X","pid": "0","tid": "0x102c015c0","ts": "102901188592398"},{"cat": "function","dur": "214058","name": "renderFrame","ph": "X","pid": "0","tid": "0x102c015c0","ts": "102901188541748"},{"cat": "function","dur": "6363626","name": "loop","ph": "X","pid": "0","tid": "0x102c015c0","ts": "102901188457078"},{"cat": "function","dur": "67836","name": "renderAntiShadows","ph": "X","pid": "0","tid": "0x102c015c0","ts": "102901194972549"},{"cat": "function","dur": "136010","name": "renderFrame","ph": "X","pid": "0","tid": "0x102c015c0","ts": "102901194943391"},{"cat": "function","dur": "9859880","name": "loop","ph": "X","pid": "0","tid": "0x102c015c0","ts": "102901194870431"},{"cat": "function","dur": "57755","name": "getShadowMesh","ph": "X","pid": "0","tid": "0x102c015c0","ts": "102901204922550"},{"cat": "function","dur": "122736","name": "renderAntiShadows","ph": "X","pid": "0","tid": "0x102c015c0","ts": "102901204922318"},{"cat": "function","dur": "214376","name": "renderFrame","ph": "X","pid": "0","tid": "0x102c015c0","ts": "102901204873987"},{"cat": "function","dur": "5909453","name": "loop","ph": "X","pid": "0","tid": "0x102c015c0","ts": "102901204781706"},{"cat": "function","dur": "58734","name": "renderAntiShadows","ph": "X","pid": "0","tid": "0x102c015c0","ts": "102901210833585"},{"cat": "function","dur": "126048","name": "renderFrame","ph": "X","pid": "0","tid": "0x102c015c0","ts": "102901210805293"},{"cat": "function","dur": "10199145","name": "loop","ph": "X","pid": "0","tid": "0x102c015c0","ts": "102901210736561"},{"cat": "function","dur": "65186","name": "renderAntiShadows","ph": "X","pid": "0","tid": "0x102c015c0","ts": "102901221082765"},{"cat": "function","dur": "141488","name": "renderFrame","ph": "X","pid": "0","tid": "0x102c015c0","ts": "102901221050160"},{"cat": "function","dur": "6734115","name": "loop","ph": "X","pid": "0","tid": "0x102c015c0","ts": "102901220972173"},{"cat": "function","dur": "61649","name": "getShadowMesh","ph": "X","pid": "0","tid": "0x102c015c0","ts": "102901227914266"},{"cat": "function","dur": "121367","name": "renderAntiShadows","ph": "X","pid": "0","tid": "0x102c015c0","ts": "102901227914028"},{"cat": "function","dur": "238826","name": "renderFrame","ph": "X","pid": "0","tid": "0x102c015c0","ts": "102901227853594"},{"cat": "function","dur": "10427432","name": "loop","ph": "X","pid": "0","tid": "0x102c015c0","ts": "102901227758886"},{"cat": "function","dur": "66218","name": "getShadowMesh","ph": "X","pid": "0","tid": "0x102c015c0","ts": "102901238808033"},{"cat": "function","dur": "138858","name": "renderAntiShadows","ph": "X","pid": "0","tid": "0x102c015c0","ts": "102901238807813"},{"cat": "function","dur": "248439","name": "renderFrame","ph": "X","pid": "0","tid": "0x102c015c0","ts": "102901238756585"},{"cat": "function","dur": "7516381","name": "loop","ph": "X","pid": "0","tid": "0x102c015c0","ts": "102901238665888"},{"cat": "function","dur": "57527","name": "getShadowMesh","ph": "X","pid": "0","tid": "0x102c015c0","ts": "102901246358624"},{"cat": "function","dur": "112436","name": "renderAntiShadows","ph": "X","pid": "0","tid": "0x102c015c0","ts": "102901246358439"},{"cat": "function","dur": "211025","name": "renderFrame","ph": "X","pid": "0","tid": "0x102c015c0","ts": "102901246317199"},{"cat": "function","dur": "8264993","name": "loop","ph": "X","pid": "0","tid": "0x102c015c0","ts": "102901246233708"},{"cat": "function","dur": "56897","name": "computeLineOfSightVertices","ph": "X","pid": "0","tid": "0x102c015c0","ts": "102901254753171"},{"cat": "function","dur": "119479","name": "getShadowMesh","ph": "X","pid": "0","tid": "0x102c015c0","ts": "102901254750399"},{"cat": "function","dur": "2570015","name": "renderAntiShadows","ph": "X","pid": "0","tid": "0x102c015c0","ts": "102901254750159"},{"cat": "function","dur": "2743648","name": "renderFrame","ph": "X","pid": "0","tid": "0x102c015c0","ts": "102901254670230"},{"cat": "function","dur": "8691213","name": "loop","ph": "X","pid": "0","tid": "0x102c015c0","ts": "102901254590195"},{"cat": "function","dur": "61770","name": "getShadowMesh","ph": "X","pid": "0","tid": "0x102c015c0","ts": "102901263464151"},{"cat": "function","dur": "125428","name": "renderAntiShadows","ph": "X","pid": "0","tid": "0x102c015c0","ts": "102901263463956"},{"cat": "function","dur": "223064","name": "renderFrame","ph": "X","pid": "0","tid": "0x102c015c0","ts": "102901263421120"},{"cat": "function","dur": "8232450","name": "loop","ph": "X","pid": "0","tid": "0x102c015c0","ts": "102901263337149"},{"cat": "function","dur": "52006","name": "renderCircle","ph": "X","pid": "0","tid": "0x102c015c0","ts": "102901271654398"},{"cat": "function","dur": "61388","name": "computeLineOfSightVertices","ph": "X","pid": "0","tid": "0x102c015c0","ts": "102901271773516"},{"cat": "function","dur": "116927","name": "getShadowMesh","ph": "X","pid": "0","tid": "0x102c015c0","ts": "102901271771254"},{"cat": "function","dur": "176011","name": "renderAntiShadows","ph": "X","pid": "0","tid": "0x102c015c0","ts": "102901271771028"},{"cat": "function","dur": "269165","name": "renderFrame","ph": "X","pid": "0","tid": "0x102c015c0","ts": "102901271726959"},{"cat": "function","dur": "6413733","name": "loop","ph": "X","pid": "0","tid": "0x102c015c0","ts": "102901271615826"},{"cat": "function","dur": "57445","name": "getShadowMesh","ph": "X","pid": "0","tid": "0x102c015c0","ts": "102901278227675"},{"cat": "function","dur": "107024","name": "renderAntiShadows","ph": "X","pid": "0","tid": "0x102c015c0","ts": "102901278227481"},{"cat": "function","dur": "203164","name": "renderFrame","ph": "X","pid": "0","tid": "0x102c015c0","ts": "102901278178926"},{"cat": "function","dur": "10288200","name": "loop","ph": "X","pid": "0","tid": "0x102c015c0","ts": "102901278093361"},{"cat": "function","dur": "56478","name": "renderCircle","ph": "X","pid": "0","tid": "0x102c015c0","ts": "102901288490188"},{"cat": "function","dur": "66971","name": "getShadowMesh","ph": "X","pid": "0","tid": "0x102c015c0","ts": "102901288637523"},{"cat": "function","dur": "130188","name": "renderAntiShadows","ph": "X","pid": "0","tid": "0x102c015c0","ts": "102901288637303"},{"cat": "function","dur": "244623","name": "renderFrame","ph": "X","pid": "0","tid": "0x102c015c0","ts": "102901288578183"},{"cat": "function","dur": "7158232","name": "loop","ph": "X","pid": "0","tid": "0x102c015c0","ts": "102901288445569"},{"cat": "function","dur": "56670","name": "renderCircle","ph": "X","pid": "0","tid": "0x102c015c0","ts": "102901295695921"},{"cat": "function","dur": "55974","name": "computeLineOfSightVertices","ph": "X","pid": "0","tid": "0x102c015c0","ts": "102901295843717"},{"cat": "function","dur": "115204","name": "getShadowMesh","ph": "X","pid": "0","tid": "0x102c015c0","ts": "102901295841114"},{"cat": "function","dur": "200965","name": "renderAntiShadows","ph": "X","pid": "0","tid": "0x102c015c0","ts": "102901295840875"},{"cat": "function","dur": "322285","name": "renderFrame","ph": "X","pid": "0","tid": "0x102c015c0","ts": "102901295778885"},{"cat": "function","dur": "9691995","name": "loop","ph": "X","pid": "0","tid": "0x102c015c0","ts": "102901295656556"},{"cat": "function","dur": "62487","name": "getShadowMesh","ph": "X","pid": "0","tid": "0x102c015c0","ts": "102901305529264"},{"cat": "function","dur": "129219","name": "renderAntiShadows","ph": "X","pid": "0","tid": "0x102c015c0","ts": "102901305529075"},{"cat": "function","dur": "234481","name": "renderFrame","ph": "X","pid": "0","tid": "0x102c015c0","ts": "102901305479900"},{"cat": "function","dur": "7554411","name": "loop","ph": "X","pid": "0","tid": "0x102c015c0","ts": "102901305396156"},{"cat": "function","dur": "71328","name": "renderCircle","ph": "X","pid": "0","tid": "0x102c015c0","ts": "102901313135103"},{"cat": "function","dur": "66095","name": "getShadowMesh","ph": "X","pid": "0","tid": "0x102c015c0","ts": "102901313382871"},{"cat": "function","dur": "137517","name": "renderAntiShadows","ph": "X","pid": "0","tid": "0x102c015c0","ts": "102901313382567"},{"cat": "function","dur": "296680","name": "renderFrame","ph": "X","pid": "0","tid": "0x102c015c0","ts": "102901313319914"},{"cat": "function","dur": "97765","name": "renderLine","ph": "X","pid": "0","tid": "0x102c015c0","ts": "102901313685446"},{"cat": "function","dur": "7345535","name": "loop","ph": "X","pid": "0","tid": "0x102c015c0","ts": "102901313008525"},{"cat": "function","dur": "60297","name": "renderAntiShadows","ph": "X","pid": "0","tid": "0x102c015c0","ts": "102901320488783"},{"cat": "function","dur": "134255","name": "renderFrame","ph": "X","pid": "0","tid": "0x102c015c0","ts": "102901320453150"},{"cat": "function","dur": "7393689","name": "loop","ph": "X","pid": "0","tid": "0x102c015c0","ts": "102901320389720"},{"cat": "function","dur": "67776","name": "renderAntiShadows","ph": "X","pid": "0","tid": "0x102c015c0","ts": "102901327915407"},{"cat": "function","dur": "146694","name": "renderFrame","ph": "X","pid": "0","tid": "0x102c015c0","ts": "102901327886751"},{"cat": "function","dur": "9989609","name": "loop","ph": "X","pid": "0","tid": "0x102c015c0","ts": "102901327821828"},{"cat": "function","dur": "60560","name": "getShadowMesh","ph": "X","pid": "0","tid": "0x102c015c0","ts": "102901337997555"},{"cat": "function","dur": "114684","name": "renderAntiShadows","ph": "X","pid": "0","tid": "0x102c015c0","ts": "102901337997319"},{"cat": "function","dur": "209833","name": "renderFrame","ph": "X","pid": "0","tid": "0x102c015c0","ts": "102901337956581"},{"cat": "function","dur": "7705976","name": "loop","ph": "X","pid": "0","tid": "0x102c015c0","ts": "102901337870168"},{"cat": "function","dur": "60033","name": "getShadowMesh","ph": "X","pid": "0","tid": "0x102c015c0","ts": "102901345757526"},{"cat": "function","dur": "159248","name": "renderAntiShadows","ph": "X","pid": "0","tid": "0x102c015c0","ts": "102901345757309"},{"cat": "function","dur": "276886","name": "renderFrame","ph": "X","pid": "0","tid": "0x102c015c0","ts": "102901345718278"},{"cat": "function","dur": "9981695","name": "loop","ph": "X","pid": "0","tid": "0x102c015c0","ts": "102901345632745"},{"cat": "function","dur": "58962","name": "getShadowMesh","ph": "X","pid": "0","tid": "0x102c015c0","ts": "102901355793643"},{"cat": "function","dur": "111516","name": "renderAntiShadows","ph": "X","pid": "0","tid": "0x102c015c0","ts": "102901355793429"},{"cat": "function","dur": "202574","name": "renderFrame","ph": "X","pid": "0","tid": "0x102c015c0","ts": "102901355751800"},{"cat": "function","dur": "6414646","name": "loop","ph": "X","pid": "0","tid": "0x102c015c0","ts": "102901355670435"},{"cat": "function","dur": "59643","name": "getShadowMesh","ph": "X","pid": "0","tid": "0x102c015c0","ts": "102901362282381"},{"cat": "function","dur": "112607","name": "renderAntiShadows","ph": "X","pid": "0","tid": "0x102c015c0","ts": "102901362282161"},{"cat": "function","dur": "243186","name": "renderFrame","ph": "X","pid": "0","tid": "0x102c015c0","ts": "102901362231767"},{"cat": "function","dur": "9828892","name": "loop","ph": "X","pid": "0","tid": "0x102c015c0","ts": "102901362145901"},{"cat": "function","dur": "65741","name": "renderAntiShadows","ph": "X","pid": "0","tid": "0x102c015c0","ts": "102901372108723"},{"cat": "function","dur": "131006","name": "renderFrame","ph": "X","pid": "0","tid": "0x102c015c0","ts": "102901372081785"},{"cat": "function","dur": "6161736","name": "loop","ph": "X","pid": "0","tid": "0x102c015c0","ts": "102901372018125"},{"cat": "function","dur": "59457","name": "getShadowMesh","ph": "X","pid": "0","tid": "0x102c015c0","ts": "102901378367797"},{"cat": "function","dur": "124195","name": "renderAntiShadows","ph": "X","pid": "0","tid": "0x102c015c0","ts": "102901378367591"},{"cat": "function","dur": "239759","name": "renderFrame","ph": "X","pid": "0","tid": "0x102c015c0","ts": "102901378319686"},{"cat": "function","dur": "10087677","name": "loop","ph": "X","pid": "0","tid": "0x102c015c0","ts": "102901378233286"},{"cat": "function","dur": "65846","name": "renderAntiShadows","ph": "X","pid": "0","tid": "0x102c015c0","ts": "102901388478163"},{"cat": "function","dur": "144528","name": "renderFrame","ph": "X","pid": "0","tid": "0x102c015c0","ts": "102901388446996"},{"cat": "function","dur": "6432217","name": "loop","ph": "X","pid": "0","tid": "0x102c015c0","ts": "102901388372700"},{"cat": "function","dur": "60436","name": "getShadowMesh","ph": "X","pid": "0","tid": "0x102c015c0","ts": "102901394982155"},{"cat": "function","dur": "117880","name": "renderAntiShadows","ph": "X","pid": "0","tid": "0x102c015c0","ts": "102901394981931"},{"cat": "function","dur": "207404","name": "renderFrame","ph": "X","pid": "0","tid": "0x102c015c0","ts": "102901394940624"},{"cat": "function","dur": "10612254","name": "loop","ph": "X","pid": "0","tid": "0x102c015c0","ts": "102901394861300"},{"cat": "function","dur": "55561","name": "getShadowMesh","ph": "X","pid": "0","tid": "0x102c015c0","ts": "102901405644987"},{"cat": "function","dur": "102790","name": "renderAntiShadows","ph": "X","pid": "0","tid": "0x102c015c0","ts": "102901405644796"},{"cat": "function","dur": "189582","name": "renderFrame","ph": "X","pid": "0","tid": "0x102c015c0","ts": "102901405604253"},{"cat": "function","dur": "7342267","name": "loop","ph": "X","pid": "0","tid": "0x102c015c0","ts": "102901405522474"},{"cat": "function","dur": "62126","name": "renderAntiShadows","ph": "X","pid": "0","tid": "0x102c015c0","ts": "102901413014159"},{"cat": "function","dur": "135345","name": "renderFrame","ph": "X","pid": "0","tid": "0x102c015c0","ts": "102901412978249"},{"cat": "function","dur": "15242261","name": "loop","ph": "X","pid": "0","tid": "0x102c015c0","ts": "102901412908943"},{"cat": "function","dur": "132298","name": "renderCircle","ph": "X","pid": "0","tid": "0x102c015c0","ts": "102901428544275"},{"cat": "function","dur": "52746","name": "render","ph": "X","pid": "0","tid": "0x102c015c0","ts": "102901428744074"},{"cat": "function","dur": "74428","name": "getShadowMesh","ph": "X","pid": "0","tid": "0x102c015c0","ts": "102901428865168"},{"cat": "function","dur": "200562","name": "renderAntiShadows","ph": "X","pid": "0","tid": "0x102c015c0","ts": "102901428864996"},{"cat": "function","dur": "107027","name": "renderOutline","ph": "X","pid": "0","tid": "0x102c015c0","ts": "102901429138204"},{"cat": "function","dur": "135441","name": "renderOutline","ph": "X","pid": "0","tid": "0x102c015c0","ts": "102901429392695"},{"cat": "function","dur": "78042","name": "renderOutline","ph": "X","pid": "0","tid": "0x102c015c0","ts": "102901429659456"},{"cat": "function","dur": "1057961","name": "renderFrame","ph": "X","pid": "0","tid": "0x102c015c0","ts": "102901428742590"},{"cat": "function","dur": "149451","name": "renderLine","ph": "X","pid": "0","tid": "0x102c015c0","ts": "102901429815353"},{"cat": "function","dur": "7750321","name": "loop","ph": "X","pid": "0","tid": "0x102c015c0","ts": "102901428432188"},{"cat": "function","dur": "58813","name": "getShadowMesh","ph": "X","pid": "0","tid": "0x102c015c0","ts": "102901436380320"},{"cat": "function","dur": "118887","name": "renderAntiShadows","ph": "X","pid": "0","tid": "0x102c015c0","ts": "102901436380107"},{"cat": "function","dur": "218870","name": "renderFrame","ph": "X","pid": "0","tid": "0x102c015c0","ts": "102901436338424"},{"cat": "function","dur": "9319554","name": "loop","ph": "X","pid": "0","tid": "0x102c015c0","ts": "102901436259820"},{"cat": "function","dur": "51024","name": "renderCircle","ph": "X","pid": "0","tid": "0x102c015c0","ts": "102901445669940"},{"cat": "function","dur": "59014","name": "getShadowMesh","ph": "X","pid": "0","tid": "0x102c015c0","ts": "102901445792880"},{"cat": "function","dur": "110579","name": "renderAntiShadows","ph": "X","pid": "0","tid": "0x102c015c0","ts": "102901445792690"},{"cat": "function","dur": "212613","name": "renderFrame","ph": "X","pid": "0","tid": "0x102c015c0","ts": "102901445741771"},{"cat": "function","dur": "10212303","name": "loop","ph": "X","pid": "0","tid": "0x102c015c0","ts": "102901445626508"},{"cat": "function","dur": "66137","name": "renderAntiShadows","ph": "X","pid": "0","tid": "0x102c015c0","ts": "102901455984083"},{"cat": "function","dur": "140803","name": "renderFrame","ph": "X","pid": "0","tid": "0x102c015c0","ts": "102901455954017"},{"cat": "function","dur": "7052179","name": "loop","ph": "X","pid": "0","tid": "0x102c015c0","ts": "102901455882529"},{"cat": "function","dur": "70239","name": "getShadowMesh","ph": "X","pid": "0","tid": "0x102c015c0","ts": "102901463199688"},{"cat": "function","dur": "178154","name": "renderAntiShadows","ph": "X","pid": "0","tid": "0x102c015c0","ts": "102901463199453"},{"cat": "function","dur": "324123","name": "renderFrame","ph": "X","pid": "0","tid": "0x102c015c0","ts": "102901463118958"},{"cat": "function","dur": "9741594","name": "loop","ph": "X","pid": "0","tid": "0x102c015c0","ts": "102901463032314"},{"cat": "function","dur": "57980","name": "getShadowMesh","ph": "X","pid": "0","tid": "0x102c015c0","ts": "102901472953167"},{"cat": "function","dur": "130315","name": "renderAntiShadows","ph": "X","pid": "0","tid": "0x102c015c0","ts": "102901472952954"},{"cat": "function","dur": "241775","name": "renderFrame","ph": "X","pid": "0","tid": "0x102c015c0","ts": "102901472903951"},{"cat": "function","dur": "7066647","name": "loop","ph": "X","pid": "0","tid": "0x102c015c0","ts": "102901472824308"},{"cat": "function","dur": "58789","name": "computeLineOfSightVertices","ph": "X","pid": "0","tid": "0x102c015c0","ts": "102901480086501"},{"cat": "function","dur": "141766","name": "getShadowMesh","ph": "X","pid": "0","tid": "0x102c015c0","ts": "102901480083623"},{"cat": "function","dur": "201487","name": "renderAntiShadows","ph": "X","pid": "0","tid": "0x102c015c0","ts": "102901480083420"},{"cat": "function","dur": "298420","name": "renderFrame","ph": "X","pid": "0","tid": "0x102c015c0","ts": "102901480038528"},{"cat": "function","dur": "68757","name": "renderLine","ph": "X","pid": "0","tid": "0x102c015c0","ts": "102901480416506"},{"cat": "function","dur": "8008093","name": "loop","ph": "X","pid": "0","tid": "0x102c015c0","ts": "102901479953033"},{"cat": "function","dur": "51950","name": "renderCircle","ph": "X","pid": "0","tid": "0x102c015c0","ts": "102901488054036"},{"cat": "function","dur": "63069","name": "getShadowMesh","ph": "X","pid": "0","tid": "0x102c015c0","ts": "102901488187645"},{"cat": "function","dur": "123500","name": "renderAntiShadows","ph": "X","pid": "0","tid": "0x102c015c0","ts": "102901488187446"},{"cat": "function","dur": "237509","name": "renderFrame","ph": "X","pid": "0","tid": "0x102c015c0","ts": "102901488131729"},{"cat": "function","dur": "6401886","name": "loop","ph": "X","pid": "0","tid": "0x102c015c0","ts": "102901488013074"},{"cat": "function","dur": "71908","name": "renderAntiShadows","ph": "X","pid": "0","tid": "0x102c015c0","ts": "102901494573456"},{"cat": "function","dur": "160540","name": "renderFrame","ph": "X","pid": "0","tid": "0x102c015c0","ts": "102901494535484"},{"cat": "function","dur": "9845930","name": "loop","ph": "X","pid": "0","tid": "0x102c015c0","ts": "102901494459391"},{"cat": "function","dur": "59419","name": "getShadowMesh","ph": "X","pid": "0","tid": "0x102c015c0","ts": "102901504466486"},{"cat": "function","dur": "111995","name": "renderAntiShadows","ph": "X","pid": "0","tid": "0x102c015c0","ts": "102901504466275"},{"cat": "function","dur": "208634","name": "renderFrame","ph": "X","pid": "0","tid": "0x102c015c0","ts": "102901504418300"},{"cat": "function","dur": "7081288","name": "loop","ph": "X","pid": "0","tid": "0x102c015c0","ts": "102901504346357"},{"cat": "function","dur": "65831","name": "getShadowMesh","ph": "X","pid": "0","tid": "0x102c015c0","ts": "102901511627350"},{"cat": "function","dur": "133183","name": "renderAntiShadows","ph": "X","pid": "0","tid": "0x102c015c0","ts": "102901511627150"},{"cat": "function","dur": "233750","name": "renderFrame","ph": "X","pid": "0","tid": "0x102c015c0","ts": "102901511579310"},{"cat": "function","dur": "8655376","name": "loop","ph": "X","pid": "0","tid": "0x102c015c0","ts": "102901511489278"},{"cat": "function","dur": "81947","name": "getShadowMesh","ph": "X","pid": "0","tid": "0x102c015c0","ts": "102901520352001"},{"cat": "function","dur": "194977","name": "renderAntiShadows","ph": "X","pid": "0","tid": "0x102c015c0","ts": "102901520351784"},{"cat": "function","dur": "348872","name": "renderFrame","ph": "X","pid": "0","tid": "0x102c015c0","ts": "102901520278517"},{"cat": "function","dur": "7867838","name": "loop","ph": "X","pid": "0","tid": "0x102c015c0","ts": "102901520193891"},{"cat": "function","dur": "69594","name": "renderAntiShadows","ph": "X","pid": "0","tid": "0x102c015c0","ts": "102901528206913"},{"cat": "function","dur": "149727","name": "renderFrame","ph": "X","pid": "0","tid": "0x102c015c0","ts": "102901528171036"},{"cat": "function","dur": "10305996","name": "loop","ph": "X","pid": "0","tid": "0x102c015c0","ts": "102901528102320"},{"cat": "function","dur": "50360","name": "renderCircle","ph": "X","pid": "0","tid": "0x102c015c0","ts": "102901538505340"},{"cat": "function","dur": "64048","name": "getShadowMesh","ph": "X","pid": "0","tid": "0x102c015c0","ts": "102901538641620"},{"cat": "function","dur": "124493","name": "renderAntiShadows","ph": "X","pid": "0","tid": "0x102c015c0","ts": "102901538641395"},{"cat": "function","dur": "242738","name": "renderFrame","ph": "X","pid": "0","tid": "0x102c015c0","ts": "102901538583215"},{"cat": "function","dur": "7785168","name": "loop","ph": "X","pid": "0","tid": "0x102c015c0","ts": "102901538460795"},{"cat": "function","dur": "67359","name": "renderCircle","ph": "X","pid": "0","tid": "0x102c015c0","ts": "102901546366076"},{"cat": "function","dur": "54833","name": "render","ph": "X","pid": "0","tid": "0x102c015c0","ts": "102901546486396"},{"cat": "function","dur": "66586","name": "getShadowMesh","ph": "X","pid": "0","tid": "0x102c015c0","ts": "102901546587369"},{"cat": "function","dur": "180243","name": "renderAntiShadows","ph": "X","pid": "0","tid": "0x102c015c0","ts": "102901546587161"},{"cat": "function","dur": "338312","name": "renderFrame","ph": "X","pid": "0","tid": "0x102c015c0","ts": "102901546484539"},{"cat": "function","dur": "972405","name": "renderLine","ph": "X","pid": "0","tid": "0x102c015c0","ts": "102901546884379"},{"cat": "function","dur": "9065149","name": "loop","ph": "X","pid": "0","tid": "0x102c015c0","ts": "102901546323684"},{"cat": "function","dur": "67667","name": "renderAntiShadows","ph": "X","pid": "0","tid": "0x102c015c0","ts": "102901555542627"},{"cat": "function","dur": "151604","name": "renderFrame","ph": "X","pid": "0","tid": "0x102c015c0","ts": "102901555504424"},{"cat": "function","dur": "75709694","name": "loop","ph": "X","pid": "0","tid": "0x102c015c0","ts": "102901555433127"}