{"traceEvents":[{"cat":"function","dur":"6209","name":"renderCircle","ph":"X","pid":"0","tid":"0x11bafa5c0","ts":"365595612704"},{"cat":"function","dur":"1559","name":"renderQuad","ph":"X","pid":"0","tid":"0x11bafa5c0","ts":"365595618989"},{"cat":"function","dur":"964","name":"renderLine","ph":"X","pid":"0","tid":"0x11bafa5c0","ts":"365595620602"},{"cat":"function","dur":"1818","name":"render","ph":"X","pid":"0","tid":"0x11bafa5c0","ts":"365595621598"},{"cat":"function","dur":"33","name":"render","ph":"X","pid":"0","tid":"0x11bafa5c0","ts":"365595623443"},{"cat":"function","dur":"25","name":"render","ph":"X","pid":"0","tid":"0x11bafa5c0","ts":"365595623492"},{"cat":"function","dur":"2166","name":"renderFrame","ph":"X","pid":"0","tid":"0x11bafa5c0","ts":"365595621597"},{"cat":"function","dur":"46","name":"renderLine","ph":"X","pid":"0","tid":"0x11bafa5c0","ts":"365595623787"},{"cat":"function","dur":"38","name":"renderLine","ph":"X","pid":"0","tid":"0x11bafa5c0","ts":"365595623860"},{"cat":"function","dur":"125153","name":"loop","ph":"X","pid":"0","tid":"0x11bafa5c0","ts":"365595612671"},{"cat":"function","dur":"36","name":"renderCircle","ph":"X","pid":"0","tid":"0x11bafa5c0","ts":"365595737887"},{"cat":"function","dur":"12","name":"renderQuad","ph":"X","pid":"0","tid":"0x11bafa5c0","ts":"365595737941"},{"cat":"function","dur":"18","name":"renderLine","ph":"X","pid":"0","tid":"0x11bafa5c0","ts":"365595737977"},{"cat":"function","dur":"14","name":"render","ph":"X","pid":"0","tid":"0x11bafa5c0","ts":"365595738010"},{"cat":"function","dur":"9","name":"render","ph":"X","pid":"0","tid":"0x11bafa5c0","ts":"365595738037"},{"cat":"function","dur":"9","name":"render","ph":"X","pid":"0","tid":"0x11bafa5c0","ts":"365595738057"},{"cat":"function","dur":"249","name":"renderFrame","ph":"X","pid":"0","tid":"0x11bafa5c0","ts":"365595738009"},{"cat":"function","dur":"12","name":"renderLine","ph":"X","pid":"0","tid":"0x11bafa5c0","ts":"365595738276"},{"cat":"function","dur":"59","name":"renderLine","ph":"X","pid":"0","tid":"0x11bafa5c0","ts":"365595738302"},{"cat":"function","dur":"17332","name":"loop","ph":"X","pid":"0","tid":"0x11bafa5c0","ts":"365595737870"},{"cat":"function","dur":"44","name":"renderCircle","ph":"X","pid":"0","tid":"0x11bafa5c0","ts":"365595755298"},{"cat":"function","dur":"12","name":"renderQuad","ph":"X","pid":"0","tid":"0x11bafa5c0","ts":"365595755359"},{"cat":"function","dur":"19","name":"renderLine","ph":"X","pid":"0","tid":"0x11bafa5c0","ts":"365595755398"},{"cat":"function","dur":"14","name":"render","ph":"X","pid":"0","tid":"0x11bafa5c0","ts":"365595755431"},{"cat":"function","dur":"10","name":"render","ph":"X","pid":"0","tid":"0x11bafa5c0","ts":"365595755458"},{"cat":"function","dur":"9","name":"render","ph":"X","pid":"0","tid":"0x11bafa5c0","ts":"365595755479"},{"cat":"function","dur":"256","name":"renderFrame","ph":"X","pid":"0","tid":"0x11bafa5c0","ts":"365595755430"},{"cat":"function","dur":"12","name":"renderLine","ph":"X","pid":"0","tid":"0x11bafa5c0","ts":"365595755705"},{"cat":"function","dur":"8","name":"renderLine","ph":"X","pid":"0","tid":"0x11bafa5c0","ts":"365595755748"},{"cat":"function","dur":"17394","name":"loop","ph":"X","pid":"0","tid":"0x11bafa5c0","ts":"365595755270"},{"cat":"function","dur":"34","name":"renderCircle","ph":"X","pid":"0","tid":"0x11bafa5c0","ts":"365595772728"},{"cat":"function","dur":"11","name":"renderQuad","ph":"X","pid":"0","tid":"0x11bafa5c0","ts":"365595772777"},{"cat":"function","dur":"15","name":"renderLine","ph":"X","pid":"0","tid":"0x11bafa5c0","ts":"365595772811"},{"cat":"function","dur":"13","name":"render","ph":"X","pid":"0","tid":"0x11bafa5c0","ts":"365595772839"},{"cat":"function","dur":"9","name":"render","ph":"X","pid":"0","tid":"0x11bafa5c0","ts":"365595772863"},{"cat":"function","dur":"9","name":"render","ph":"X","pid":"0","tid":"0x11bafa5c0","ts":"365595772882"},{"cat":"function","dur":"228","name":"renderFrame","ph":"X","pid":"0","tid":"0x11bafa5c0","ts":"365595772839"},{"cat":"function","dur":"11","name":"renderLine","ph":"X","pid":"0","tid":"0x11bafa5c0","ts":"365595773083"},{"cat":"function","dur":"8","name":"renderLine","ph":"X","pid":"0","tid":"0x11bafa5c0","ts":"365595773120"},{"cat":"function","dur":"16861","name":"loop","ph":"X","pid":"0","tid":"0x11bafa5c0","ts":"365595772707"},{"cat":"function","dur":"37","name":"renderCircle","ph":"X","pid":"0","tid":"0x11bafa5c0","ts":"365595789628"},{"cat":"function","dur":"11","name":"renderQuad","ph":"X","pid":"0","tid":"0x11bafa5c0","ts":"365595789677"},{"cat":"function","dur":"18","name":"renderLine","ph":"X","pid":"0","tid":"0x11bafa5c0","ts":"365595789708"},{"cat":"function","dur":"12","name":"render","ph":"X","pid":"0","tid":"0x11bafa5c0","ts":"365595789736"},{"cat":"function","dur":"8","name":"render","ph":"X","pid":"0","tid":"0x11bafa5c0","ts":"365595789757"},{"cat":"function","dur":"7","name":"render","ph":"X","pid":"0","tid":"0x11bafa5c0","ts":"365595789773"},{"cat":"function","dur":"214","name":"renderFrame","ph":"X","pid":"0","tid":"0x11bafa5c0","ts":"365595789735"},{"cat":"function","dur":"10","name":"renderLine","ph":"X","pid":"0","tid":"0x11bafa5c0","ts":"365595789962"},{"cat":"function","dur":"7","name":"renderLine","ph":"X","pid":"0","tid":"0x11bafa5c0","ts":"365595789982"},{"cat":"function","dur":"17108","name":"loop","ph":"X","pid":"0","tid":"0x11bafa5c0","ts":"365595789606"},{"cat":"function","dur":"36","name":"renderCircle","ph":"X","pid":"0","tid":"0x11bafa5c0","ts":"365595806773"},{"cat":"function","dur":"11","name":"renderQuad","ph":"X","pid":"0","tid":"0x11bafa5c0","ts":"365595806822"},{"cat":"function","dur":"16","name":"renderLine","ph":"X","pid":"0","tid":"0x11bafa5c0","ts":"365595806852"},{"cat":"function","dur":"12","name":"render","ph":"X","pid":"0","tid":"0x11bafa5c0","ts":"365595806878"},{"cat":"function","dur":"8","name":"render","ph":"X","pid":"0","tid":"0x11bafa5c0","ts":"365595806899"},{"cat":"function","dur":"8","name":"render","ph":"X","pid":"0","tid":"0x11bafa5c0","ts":"365595806914"},{"cat":"function","dur":"217","name":"renderFrame","ph":"X","pid":"0","tid":"0x11bafa5c0","ts":"365595806877"},{"cat":"function","dur":"10","name":"renderLine","ph":"X","pid":"0","tid":"0x11bafa5c0","ts":"365595807107"},{"cat":"function","dur":"7","name":"renderLine","ph":"X","pid":"0","tid":"0x11bafa5c0","ts":"365595807127"},{"cat":"function","dur":"17232","name":"loop","ph":"X","pid":"0","tid":"0x11bafa5c0","ts":"365595806750"},{"cat":"function","dur":"35","name":"renderCircle","ph":"X","pid":"0","tid":"0x11bafa5c0","ts":"365595824038"},{"cat":"function","dur":"10","name":"renderQuad","ph":"X","pid":"0","tid":"0x11bafa5c0","ts":"365595824085"},{"cat":"function","dur":"16","name":"renderLine","ph":"X","pid":"0","tid":"0x11bafa5c0","ts":"365595824115"},{"cat":"function","dur":"12","name":"render","ph":"X","pid":"0","tid":"0x11bafa5c0","ts":"365595824141"},{"cat":"function","dur":"8","name":"render","ph":"X","pid":"0","tid":"0x11bafa5c0","ts":"365595824161"},{"cat":"function","dur":"7","name":"render","ph":"X","pid":"0","tid":"0x11bafa5c0","ts":"365595824177"},{"cat":"function","dur":"212","name":"renderFrame","ph":"X","pid":"0","tid":"0x11bafa5c0","ts":"365595824140"},{"cat":"function","dur":"10","name":"renderLine","ph":"X","pid":"0","tid":"0x11bafa5c0","ts":"365595824364"},{"cat":"function","dur":"7","name":"renderLine","ph":"X","pid":"0","tid":"0x11bafa5c0","ts":"365595824383"},{"cat":"function","dur":"16693","name":"loop","ph":"X","pid":"0","tid":"0x11bafa5c0","ts":"365595824018"},{"cat":"function","dur":"84","name":"renderCircle","ph":"X","pid":"0","tid":"0x11bafa5c0","ts":"365595840809"},{"cat":"function","dur":"19","name":"renderQuad","ph":"X","pid":"0","tid":"0x11bafa5c0","ts":"365595841034"},{"cat":"function","dur":"39","name":"renderLine","ph":"X","pid":"0","tid":"0x11bafa5c0","ts":"365595841095"},{"cat":"function","dur":"18","name":"render","ph":"X","pid":"0","tid":"0x11bafa5c0","ts":"365595841158"},{"cat":"function","dur":"9","name":"render","ph":"X","pid":"0","tid":"0x11bafa5c0","ts":"365595841188"},{"cat":"function","dur":"8","name":"render","ph":"X","pid":"0","tid":"0x11bafa5c0","ts":"365595841206"},{"cat":"function","dur":"324","name":"renderFrame","ph":"X","pid":"0","tid":"0x11bafa5c0","ts":"365595841157"},{"cat":"function","dur":"20","name":"renderLine","ph":"X","pid":"0","tid":"0x11bafa5c0","ts":"365595841505"},{"cat":"function","dur":"14","name":"renderLine","ph":"X","pid":"0","tid":"0x11bafa5c0","ts":"365595841545"},{"cat":"function","dur":"16846","name":"loop","ph":"X","pid":"0","tid":"0x11bafa5c0","ts":"365595840766"},{"cat":"function","dur":"34","name":"renderCircle","ph":"X","pid":"0","tid":"0x11bafa5c0","ts":"365595857668"},{"cat":"function","dur":"11","name":"renderQuad","ph":"X","pid":"0","tid":"0x11bafa5c0","ts":"365595857716"},{"cat":"function","dur":"17","name":"renderLine","ph":"X","pid":"0","tid":"0x11bafa5c0","ts":"365595857748"},{"cat":"function","dur":"13","name":"render","ph":"X","pid":"0","tid":"0x11bafa5c0","ts":"365595857775"},{"cat":"function","dur":"8","name":"render","ph":"X","pid":"0","tid":"0x11bafa5c0","ts":"365595857797"},{"cat":"function","dur":"8","name":"render","ph":"X","pid":"0","tid":"0x11bafa5c0","ts":"365595857814"},{"cat":"function","dur":"227","name":"renderFrame","ph":"X","pid":"0","tid":"0x11bafa5c0","ts":"365595857775"},{"cat":"function","dur":"11","name":"renderLine","ph":"X","pid":"0","tid":"0x11bafa5c0","ts":"365595858015"},{"cat":"function","dur":"18","name":"renderLine","ph":"X","pid":"0","tid":"0x11bafa5c0","ts":"365595858058"},{"cat":"function","dur":"16679","name":"loop","ph":"X","pid":"0","tid":"0x11bafa5c0","ts":"365595857648"},{"cat":"function","dur":"33","name":"renderCircle","ph":"X","pid":"0","tid":"0x11bafa5c0","ts":"365595874380"},{"cat":"function","dur":"11","name":"renderQuad","ph":"X","pid":"0","tid":"0x11bafa5c0","ts":"365595874425"},{"cat":"function","dur":"16","name":"renderLine","ph":"X","pid":"0","tid":"0x11bafa5c0","ts":"365595874456"},{"cat":"function","dur":"13","name":"render","ph":"X","pid":"0","tid":"0x11bafa5c0","ts":"365595874483"},{"cat":"function","dur":"9","name":"render","ph":"X","pid":"0","tid":"0x11bafa5c0","ts":"365595874504"},{"cat":"function","dur":"8","name":"render","ph":"X","pid":"0","tid":"0x11bafa5c0","ts":"365595874520"},{"cat":"function","dur":"224","name":"renderFrame","ph":"X","pid":"0","tid":"0x11bafa5c0","ts":"365595874482"},{"cat":"function","dur":"11","name":"renderLine","ph":"X","pid":"0","tid":"0x11bafa5c0","ts":"365595874719"},{"cat":"function","dur":"8","name":"renderLine","ph":"X","pid":"0","tid":"0x11bafa5c0","ts":"365595874740"},{"cat":"function","dur":"16294","name":"loop","ph":"X","pid":"0","tid":"0x11bafa5c0","ts":"365595874363"},{"cat":"function","dur":"33","name":"renderCircle","ph":"X","pid":"0","tid":"0x11bafa5c0","ts":"365595890708"},{"cat":"function","dur":"10","name":"renderQuad","ph":"X","pid":"0","tid":"0x11bafa5c0","ts":"365595890753"},{"cat":"function","dur":"15","name":"renderLine","ph":"X","pid":"0","tid":"0x11bafa5c0","ts":"365595890783"},{"cat":"function","dur":"12","name":"render","ph":"X","pid":"0","tid":"0x11bafa5c0","ts":"365595890808"},{"cat":"function","dur":"8","name":"render","ph":"X","pid":"0","tid":"0x11bafa5c0","ts":"365595890828"},{"cat":"function","dur":"8","name":"render","ph":"X","pid":"0","tid":"0x11bafa5c0","ts":"365595890844"},{"cat":"function","dur":"215","name":"renderFrame","ph":"X","pid":"0","tid":"0x11bafa5c0","ts":"365595890807"},{"cat":"function","dur":"11","name":"renderLine","ph":"X","pid":"0","tid":"0x11bafa5c0","ts":"365595891035"},{"cat":"function","dur":"7","name":"renderLine","ph":"X","pid":"0","tid":"0x11bafa5c0","ts":"365595891056"},{"cat":"function","dur":"17350","name":"loop","ph":"X","pid":"0","tid":"0x11bafa5c0","ts":"365595890691"},{"cat":"function","dur":"36","name":"renderCircle","ph":"X","pid":"0","tid":"0x11bafa5c0","ts":"365595908086"},{"cat":"function","dur":"10","name":"renderQuad","ph":"X","pid":"0","tid":"0x11bafa5c0","ts":"365595908134"},{"cat":"function","dur":"17","name":"renderLine","ph":"X","pid":"0","tid":"0x11bafa5c0","ts":"365595908172"},{"cat":"function","dur":"12","name":"render","ph":"X","pid":"0","tid":"0x11bafa5c0","ts":"365595908200"},{"cat":"function","dur":"9","name":"render","ph":"X","pid":"0","tid":"0x11bafa5c0","ts":"365595908238"},{"cat":"function","dur":"8","name":"render","ph":"X","pid":"0","tid":"0x11bafa5c0","ts":"365595908256"},{"cat":"function","dur":"236","name":"renderFrame","ph":"X","pid":"0","tid":"0x11bafa5c0","ts":"365595908199"},{"cat":"function","dur":"10","name":"renderLine","ph":"X","pid":"0","tid":"0x11bafa5c0","ts":"365595908447"},{"cat":"function","dur":"7","name":"renderLine","ph":"X","pid":"0","tid":"0x11bafa5c0","ts":"365595908468"},{"cat":"function","dur":"16710","name":"loop","ph":"X","pid":"0","tid":"0x11bafa5c0","ts":"365595908067"},{"cat":"function","dur":"33","name":"renderCircle","ph":"X","pid":"0","tid":"0x11bafa5c0","ts":"365595924849"},{"cat":"function","dur":"10","name":"renderQuad","ph":"X","pid":"0","tid":"0x11bafa5c0","ts":"365595924895"},{"cat":"function","dur":"15","name":"renderLine","ph":"X","pid":"0","tid":"0x11bafa5c0","ts":"365595924926"},{"cat":"function","dur":"12","name":"render","ph":"X","pid":"0","tid":"0x11bafa5c0","ts":"365595924951"},{"cat":"function","dur":"8","name":"render","ph":"X","pid":"0","tid":"0x11bafa5c0","ts":"365595924971"},{"cat":"function","dur":"7","name":"render","ph":"X","pid":"0","tid":"0x11bafa5c0","ts":"365595924987"},{"cat":"function","dur":"211","name":"renderFrame","ph":"X","pid":"0","tid":"0x11bafa5c0","ts":"365595924950"},{"cat":"function","dur":"10","name":"renderLine","ph":"X","pid":"0","tid":"0x11bafa5c0","ts":"365595925173"},{"cat":"function","dur":"7","name":"renderLine","ph":"X","pid":"0","tid":"0x11bafa5c0","ts":"365595925192"},{"cat":"function","dur":"16373","name":"loop","ph":"X","pid":"0","tid":"0x11bafa5c0","ts":"365595924831"},{"cat":"function","dur":"37","name":"renderCircle","ph":"X","pid":"0","tid":"0x11bafa5c0","ts":"365595941277"},{"cat":"function","dur":"11","name":"renderQuad","ph":"X","pid":"0","tid":"0x11bafa5c0","ts":"365595941329"},{"cat":"function","dur":"16","name":"renderLine","ph":"X","pid":"0","tid":"0x11bafa5c0","ts":"365595941361"},{"cat":"function","dur":"13","name":"render","ph":"X","pid":"0","tid":"0x11bafa5c0","ts":"365595941387"},{"cat":"function","dur":"9","name":"render","ph":"X","pid":"0","tid":"0x11bafa5c0","ts":"365595941408"},{"cat":"function","dur":"8","name":"render","ph":"X","pid":"0","tid":"0x11bafa5c0","ts":"365595941425"},{"cat":"function","dur":"224","name":"renderFrame","ph":"X","pid":"0","tid":"0x11bafa5c0","ts":"365595941386"},{"cat":"function","dur":"11","name":"renderLine","ph":"X","pid":"0","tid":"0x11bafa5c0","ts":"365595941623"},{"cat":"function","dur":"8","name":"renderLine","ph":"X","pid":"0","tid":"0x11bafa5c0","ts":"365595941644"},{"cat":"function","dur":"16529","name":"loop","ph":"X","pid":"0","tid":"0x11bafa5c0","ts":"365595941256"},{"cat":"function","dur":"35","name":"renderCircle","ph":"X","pid":"0","tid":"0x11bafa5c0","ts":"365595957840"},{"cat":"function","dur":"11","name":"renderQuad","ph":"X","pid":"0","tid":"0x11bafa5c0","ts":"365595957887"},{"cat":"function","dur":"15","name":"renderLine","ph":"X","pid":"0","tid":"0x11bafa5c0","ts":"365595957918"},{"cat":"function","dur":"12","name":"render","ph":"X","pid":"0","tid":"0x11bafa5c0","ts":"365595957944"},{"cat":"function","dur":"9","name":"render","ph":"X","pid":"0","tid":"0x11bafa5c0","ts":"365595957964"},{"cat":"function","dur":"9","name":"render","ph":"X","pid":"0","tid":"0x11bafa5c0","ts":"365595957981"},{"cat":"function","dur":"223","name":"renderFrame","ph":"X","pid":"0","tid":"0x11bafa5c0","ts":"365595957943"},{"cat":"function","dur":"11","name":"renderLine","ph":"X","pid":"0","tid":"0x11bafa5c0","ts":"365595958178"},{"cat":"function","dur":"7","name":"renderLine","ph":"X","pid":"0","tid":"0x11bafa5c0","ts":"365595958199"},{"cat":"function","dur":"17829","name":"loop","ph":"X","pid":"0","tid":"0x11bafa5c0","ts":"365595957822"},{"cat":"function","dur":"35","name":"renderCircle","ph":"X","pid":"0","tid":"0x11bafa5c0","ts":"365595975708"},{"cat":"function","dur":"11","name":"renderQuad","ph":"X","pid":"0","tid":"0x11bafa5c0","ts":"365595975755"},{"cat":"function","dur":"17","name":"renderLine","ph":"X","pid":"0","tid":"0x11bafa5c0","ts":"365595975820"},{"cat":"function","dur":"13","name":"render","ph":"X","pid":"0","tid":"0x11bafa5c0","ts":"365595975847"},{"cat":"function","dur":"8","name":"render","ph":"X","pid":"0","tid":"0x11bafa5c0","ts":"365595975869"},{"cat":"function","dur":"8","name":"render","ph":"X","pid":"0","tid":"0x11bafa5c0","ts":"365595975885"},{"cat":"function","dur":"227","name":"renderFrame","ph":"X","pid":"0","tid":"0x11bafa5c0","ts":"365595975847"},{"cat":"function","dur":"11","name":"renderLine","ph":"X","pid":"0","tid":"0x11bafa5c0","ts":"365595976088"},{"cat":"function","dur":"7","name":"renderLine","ph":"X","pid":"0","tid":"0x11bafa5c0","ts":"365595976110"},{"cat":"function","dur":"17609","name":"loop","ph":"X","pid":"0","tid":"0x11bafa5c0","ts":"365595975687"},{"cat":"function","dur":"40","name":"renderCircle","ph":"X","pid":"0","tid":"0x11bafa5c0","ts":"365595993356"},{"cat":"function","dur":"11","name":"renderQuad","ph":"X","pid":"0","tid":"0x11bafa5c0","ts":"365595993408"},{"cat":"function","dur":"16","name":"renderLine","ph":"X","pid":"0","tid":"0x11bafa5c0","ts":"365595993441"},{"cat":"function","dur":"13","name":"render","ph":"X","pid":"0","tid":"0x11bafa5c0","ts":"365595993467"},{"cat":"function","dur":"8","name":"render","ph":"X","pid":"0","tid":"0x11bafa5c0","ts":"365595993488"},{"cat":"function","dur":"8","name":"render","ph":"X","pid":"0","tid":"0x11bafa5c0","ts":"365595993504"},{"cat":"function","dur":"215","name":"renderFrame","ph":"X","pid":"0","tid":"0x11bafa5c0","ts":"365595993466"},{"cat":"function","dur":"10","name":"renderLine","ph":"X","pid":"0","tid":"0x11bafa5c0","ts":"365595993694"},{"cat":"function","dur":"7","name":"renderLine","ph":"X","pid":"0","tid":"0x11bafa5c0","ts":"365595993714"},{"cat":"function","dur":"17680","name":"loop","ph":"X","pid":"0","tid":"0x11bafa5c0","ts":"365595993335"},{"cat":"function","dur":"37","name":"renderCircle","ph":"X","pid":"0","tid":"0x11bafa5c0","ts":"365596011078"},{"cat":"function","dur":"11","name":"renderQuad","ph":"X","pid":"0","tid":"0x11bafa5c0","ts":"365596011128"},{"cat":"function","dur":"17","name":"renderLine","ph":"X","pid":"0","tid":"0x11bafa5c0","ts":"365596011159"},{"cat":"function","dur":"13","name":"render","ph":"X","pid":"0","tid":"0x11bafa5c0","ts":"365596011187"},{"cat":"function","dur":"8","name":"render","ph":"X","pid":"0","tid":"0x11bafa5c0","ts":"365596011209"},{"cat":"function","dur":"8","name":"render","ph":"X","pid":"0","tid":"0x11bafa5c0","ts":"365596011225"},{"cat":"function","dur":"226","name":"renderFrame","ph":"X","pid":"0","tid":"0x11bafa5c0","ts":"365596011186"},{"cat":"function","dur":"11","name":"renderLine","ph":"X","pid":"0","tid":"0x11bafa5c0","ts":"365596011425"},{"cat":"function","dur":"8","name":"renderLine","ph":"X","pid":"0","tid":"0x11bafa5c0","ts":"365596011446"},{"cat":"function","dur":"17076","name":"loop","ph":"X","pid":"0","tid":"0x11bafa5c0","ts":"365596011056"},{"cat":"function","dur":"35","name":"renderCircle","ph":"X","pid":"0","tid":"0x11bafa5c0","ts":"365596028203"},{"cat":"function","dur":"10","name":"renderQuad","ph":"X","pid":"0","tid":"0x11bafa5c0","ts":"365596028251"},{"cat":"function","dur":"16","name":"renderLine","ph":"X","pid":"0","tid":"0x11bafa5c0","ts":"365596028281"},{"cat":"function","dur":"12","name":"render","ph":"X","pid":"0","tid":"0x11bafa5c0","ts":"365596028308"},{"cat":"function","dur":"9","name":"render","ph":"X","pid":"0","tid":"0x11bafa5c0","ts":"365596028328"},{"cat":"function","dur":"8","name":"render","ph":"X","pid":"0","tid":"0x11bafa5c0","ts":"365596028345"},{"cat":"function","dur":"218","name":"renderFrame","ph":"X","pid":"0","tid":"0x11bafa5c0","ts":"365596028307"},{"cat":"function","dur":"10","name":"renderLine","ph":"X","pid":"0","tid":"0x11bafa5c0","ts":"365596028538"},{"cat":"function","dur":"7","name":"renderLine","ph":"X","pid":"0","tid":"0x11bafa5c0","ts":"365596028558"},{"cat":"function","dur":"17754","name":"loop","ph":"X","pid":"0","tid":"0x11bafa5c0","ts":"365596028182"},{"cat":"function","dur":"38","name":"renderCircle","ph":"X","pid":"0","tid":"0x11bafa5c0","ts":"365596045997"},{"cat":"function","dur":"15","name":"renderQuad","ph":"X","pid":"0","tid":"0x11bafa5c0","ts":"365596046075"},{"cat":"function","dur":"17","name":"renderLine","ph":"X","pid":"0","tid":"0x11bafa5c0","ts":"365596046114"},{"cat":"function","dur":"13","name":"render","ph":"X","pid":"0","tid":"0x11bafa5c0","ts":"365596046142"},{"cat":"function","dur":"9","name":"render","ph":"X","pid":"0","tid":"0x11bafa5c0","ts":"365596046163"},{"cat":"function","dur":"8","name":"render","ph":"X","pid":"0","tid":"0x11bafa5c0","ts":"365596046179"},{"cat":"function","dur":"225","name":"renderFrame","ph":"X","pid":"0","tid":"0x11bafa5c0","ts":"365596046141"},{"cat":"function","dur":"11","name":"renderLine","ph":"X","pid":"0","tid":"0x11bafa5c0","ts":"365596046379"},{"cat":"function","dur":"8","name":"renderLine","ph":"X","pid":"0","tid":"0x11bafa5c0","ts":"365596046400"},{"cat":"function","dur":"17278","name":"loop","ph":"X","pid":"0","tid":"0x11bafa5c0","ts":"365596045975"},{"cat":"function","dur":"39","name":"renderCircle","ph":"X","pid":"0","tid":"0x11bafa5c0","ts":"365596063320"},{"cat":"function","dur":"11","name":"renderQuad","ph":"X","pid":"0","tid":"0x11bafa5c0","ts":"365596063375"},{"cat":"function","dur":"18","name":"renderLine","ph":"X","pid":"0","tid":"0x11bafa5c0","ts":"365596063408"},{"cat":"function","dur":"16","name":"render","ph":"X","pid":"0","tid":"0x11bafa5c0","ts":"365596063437"},{"cat":"function","dur":"11","name":"render","ph":"X","pid":"0","tid":"0x11bafa5c0","ts":"365596063464"},{"cat":"function","dur":"10","name":"render","ph":"X","pid":"0","tid":"0x11bafa5c0","ts":"365596063485"},{"cat":"function","dur":"308","name":"renderFrame","ph":"X","pid":"0","tid":"0x11bafa5c0","ts":"365596063436"},{"cat":"function","dur":"31","name":"renderLine","ph":"X","pid":"0","tid":"0x11bafa5c0","ts":"365596063786"},{"cat":"function","dur":"12","name":"renderLine","ph":"X","pid":"0","tid":"0x11bafa5c0","ts":"365596063837"},{"cat":"function","dur":"16120","name":"loop","ph":"X","pid":"0","tid":"0x11bafa5c0","ts":"365596063298"},{"cat":"function","dur":"35","name":"renderCircle","ph":"X","pid":"0","tid":"0x11bafa5c0","ts":"365596079474"},{"cat":"function","dur":"10","name":"renderQuad","ph":"X","pid":"0","tid":"0x11bafa5c0","ts":"365596079522"},{"cat":"function","dur":"17","name":"renderLine","ph":"X","pid":"0","tid":"0x11bafa5c0","ts":"365596079552"},{"cat":"function","dur":"13","name":"render","ph":"X","pid":"0","tid":"0x11bafa5c0","ts":"365596079579"},{"cat":"function","dur":"8","name":"render","ph":"X","pid":"0","tid":"0x11bafa5c0","ts":"365596079601"},{"cat":"function","dur":"8","name":"render","ph":"X","pid":"0","tid":"0x11bafa5c0","ts":"365596079617"},{"cat":"function","dur":"231","name":"renderFrame","ph":"X","pid":"0","tid":"0x11bafa5c0","ts":"365596079579"},{"cat":"function","dur":"11","name":"renderLine","ph":"X","pid":"0","tid":"0x11bafa5c0","ts":"365596079824"},{"cat":"function","dur":"7","name":"renderLine","ph":"X","pid":"0","tid":"0x11bafa5c0","ts":"365596079846"},{"cat":"function","dur":"17233","name":"loop","ph":"X","pid":"0","tid":"0x11bafa5c0","ts":"365596079452"},{"cat":"function","dur":"61","name":"renderCircle","ph":"X","pid":"0","tid":"0x11bafa5c0","ts":"365596096798"},{"cat":"function","dur":"22","name":"renderQuad","ph":"X","pid":"0","tid":"0x11bafa5c0","ts":"365596096893"},{"cat":"function","dur":"34","name":"renderLine","ph":"X","pid":"0","tid":"0x11bafa5c0","ts":"365596096947"},{"cat":"function","dur":"29","name":"render","ph":"X","pid":"0","tid":"0x11bafa5c0","ts":"365596097006"},{"cat":"function","dur":"14","name":"render","ph":"X","pid":"0","tid":"0x11bafa5c0","ts":"365596097052"},{"cat":"function","dur":"12","name":"render","ph":"X","pid":"0","tid":"0x11bafa5c0","ts":"365596097081"},{"cat":"function","dur":"355","name":"renderFrame","ph":"X","pid":"0","tid":"0x11bafa5c0","ts":"365596097005"},{"cat":"function","dur":"19","name":"renderLine","ph":"X","pid":"0","tid":"0x11bafa5c0","ts":"365596097386"},{"cat":"function","dur":"8","name":"renderLine","ph":"X","pid":"0","tid":"0x11bafa5c0","ts":"365596097416"},{"cat":"function","dur":"17448","name":"loop","ph":"X","pid":"0","tid":"0x11bafa5c0","ts":"365596096759"},{"cat":"function","dur":"35","name":"renderCircle","ph":"X","pid":"0","tid":"0x11bafa5c0","ts":"365596114265"},{"cat":"function","dur":"11","name":"renderQuad","ph":"X","pid":"0","tid":"0x11bafa5c0","ts":"365596114313"},{"cat":"function","dur":"16","name":"renderLine","ph":"X","pid":"0","tid":"0x11bafa5c0","ts":"365596114345"},{"cat":"function","dur":"13","name":"render","ph":"X","pid":"0","tid":"0x11bafa5c0","ts":"365596114372"},{"cat":"function","dur":"9","name":"render","ph":"X","pid":"0","tid":"0x11bafa5c0","ts":"365596114394"},{"cat":"function","dur":"8","name":"render","ph":"X","pid":"0","tid":"0x11bafa5c0","ts":"365596114411"},{"cat":"function","dur":"229","name":"renderFrame","ph":"X","pid":"0","tid":"0x11bafa5c0","ts":"365596114372"},{"cat":"function","dur":"10","name":"renderLine","ph":"X","pid":"0","tid":"0x11bafa5c0","ts":"365596114615"},{"cat":"function","dur":"8","name":"renderLine","ph":"X","pid":"0","tid":"0x11bafa5c0","ts":"365596114636"},{"cat":"function","dur":"17375","name":"loop","ph":"X","pid":"0","tid":"0x11bafa5c0","ts":"365596114243"},{"cat":"function","dur":"89","name":"renderCircle","ph":"X","pid":"0","tid":"0x11bafa5c0","ts":"365596131743"},{"cat":"function","dur":"15","name":"renderQuad","ph":"X","pid":"0","tid":"0x11bafa5c0","ts":"365596131848"},{"cat":"function","dur":"27","name":"renderLine","ph":"X","pid":"0","tid":"0x11bafa5c0","ts":"365596131889"},{"cat":"function","dur":"22","name":"render","ph":"X","pid":"0","tid":"0x11bafa5c0","ts":"365596131928"},{"cat":"function","dur":"12","name":"render","ph":"X","pid":"0","tid":"0x11bafa5c0","ts":"365596131960"},{"cat":"function","dur":"12","name":"render","ph":"X","pid":"0","tid":"0x11bafa5c0","ts":"365596131981"},{"cat":"function","dur":"309","name":"renderFrame","ph":"X","pid":"0","tid":"0x11bafa5c0","ts":"365596131926"},{"cat":"function","dur":"14","name":"renderLine","ph":"X","pid":"0","tid":"0x11bafa5c0","ts":"365596132253"},{"cat":"function","dur":"8","name":"renderLine","ph":"X","pid":"0","tid":"0x11bafa5c0","ts":"365596132279"},{"cat":"function","dur":"16314","name":"loop","ph":"X","pid":"0","tid":"0x11bafa5c0","ts":"365596131704"},{"cat":"function","dur":"36","name":"renderCircle","ph":"X","pid":"0","tid":"0x11bafa5c0","ts":"365596148090"},{"cat":"function","dur":"10","name":"renderQuad","ph":"X","pid":"0","tid":"0x11bafa5c0","ts":"365596148139"},{"cat":"function","dur":"34","name":"renderLine","ph":"X","pid":"0","tid":"0x11bafa5c0","ts":"365596148171"},{"cat":"function","dur":"19","name":"render","ph":"X","pid":"0","tid":"0x11bafa5c0","ts":"365596148227"},{"cat":"function","dur":"10","name":"render","ph":"X","pid":"0","tid":"0x11bafa5c0","ts":"365596148257"},{"cat":"function","dur":"9","name":"render","ph":"X","pid":"0","tid":"0x11bafa5c0","ts":"365596148275"},{"cat":"function","dur":"254","name":"renderFrame","ph":"X","pid":"0","tid":"0x11bafa5c0","ts":"365596148226"},{"cat":"function","dur":"12","name":"renderLine","ph":"X","pid":"0","tid":"0x11bafa5c0","ts":"365596148494"},{"cat":"function","dur":"8","name":"renderLine","ph":"X","pid":"0","tid":"0x11bafa5c0","ts":"365596148517"},{"cat":"function","dur":"17201","name":"loop","ph":"X","pid":"0","tid":"0x11bafa5c0","ts":"365596148068"},{"cat":"function","dur":"54","name":"renderCircle","ph":"X","pid":"0","tid":"0x11bafa5c0","ts":"365596165373"},{"cat":"function","dur":"12","name":"renderQuad","ph":"X","pid":"0","tid":"0x11bafa5c0","ts":"365596165441"},{"cat":"function","dur":"19","name":"renderLine","ph":"X","pid":"0","tid":"0x11bafa5c0","ts":"365596165475"},{"cat":"function","dur":"16","name":"render","ph":"X","pid":"0","tid":"0x11bafa5c0","ts":"365596165507"},{"cat":"function","dur":"10","name":"render","ph":"X","pid":"0","tid":"0x11bafa5c0","ts":"365596165532"},{"cat":"function","dur":"9","name":"render","ph":"X","pid":"0","tid":"0x11bafa5c0","ts":"365596165550"},{"cat":"function","dur":"242","name":"renderFrame","ph":"X","pid":"0","tid":"0x11bafa5c0","ts":"365596165507"},{"cat":"function","dur":"12","name":"renderLine","ph":"X","pid":"0","tid":"0x11bafa5c0","ts":"365596165787"},{"cat":"function","dur":"7","name":"renderLine","ph":"X","pid":"0","tid":"0x11bafa5c0","ts":"365596165811"},{"cat":"function","dur":"16918","name":"loop","ph":"X","pid":"0","tid":"0x11bafa5c0","ts":"365596165344"},{"cat":"function","dur":"34","name":"renderCircle","ph":"X","pid":"0","tid":"0x11bafa5c0","ts":"365596182321"},{"cat":"function","dur":"11","name":"renderQuad","ph":"X","pid":"0","tid":"0x11bafa5c0","ts":"365596182367"},{"cat":"function","dur":"15","name":"renderLine","ph":"X","pid":"0","tid":"0x11bafa5c0","ts":"365596182397"},{"cat":"function","dur":"13","name":"render","ph":"X","pid":"0","tid":"0x11bafa5c0","ts":"365596182432"},{"cat":"function","dur":"8","name":"render","ph":"X","pid":"0","tid":"0x11bafa5c0","ts":"365596182454"},{"cat":"function","dur":"9","name":"render","ph":"X","pid":"0","tid":"0x11bafa5c0","ts":"365596182470"},{"cat":"function","dur":"218","name":"renderFrame","ph":"X","pid":"0","tid":"0x11bafa5c0","ts":"365596182431"},{"cat":"function","dur":"10","name":"renderLine","ph":"X","pid":"0","tid":"0x11bafa5c0","ts":"365596182662"},{"cat":"function","dur":"7","name":"renderLine","ph":"X","pid":"0","tid":"0x11bafa5c0","ts":"365596182682"},{"cat":"function","dur":"17849","name":"loop","ph":"X","pid":"0","tid":"0x11bafa5c0","ts":"365596182299"},{"cat":"function","dur":"62","name":"renderCircle","ph":"X","pid":"0","tid":"0x11bafa5c0","ts":"365596200262"},{"cat":"function","dur":"13","name":"renderQuad","ph":"X","pid":"0","tid":"0x11bafa5c0","ts":"365596200340"},{"cat":"function","dur":"25","name":"renderLine","ph":"X","pid":"0","tid":"0x11bafa5c0","ts":"365596200375"},{"cat":"function","dur":"18","name":"render","ph":"X","pid":"0","tid":"0x11bafa5c0","ts":"365596200410"},{"cat":"function","dur":"10","name":"render","ph":"X","pid":"0","tid":"0x11bafa5c0","ts":"365596200436"},{"cat":"function","dur":"8","name":"render","ph":"X","pid":"0","tid":"0x11bafa5c0","ts":"365596200454"},{"cat":"function","dur":"235","name":"renderFrame","ph":"X","pid":"0","tid":"0x11bafa5c0","ts":"365596200409"},{"cat":"function","dur":"12","name":"renderLine","ph":"X","pid":"0","tid":"0x11bafa5c0","ts":"365596200657"},{"cat":"function","dur":"7","name":"renderLine","ph":"X","pid":"0","tid":"0x11bafa5c0","ts":"365596200680"},{"cat":"function","dur":"17939","name":"loop","ph":"X","pid":"0","tid":"0x11bafa5c0","ts":"365596200225"},{"cat":"function","dur":"34","name":"renderCircle","ph":"X","pid":"0","tid":"0x11bafa5c0","ts":"365596218221"},{"cat":"function","dur":"10","name":"renderQuad","ph":"X","pid":"0","tid":"0x11bafa5c0","ts":"365596218266"},{"cat":"function","dur":"16","name":"renderLine","ph":"X","pid":"0","tid":"0x11bafa5c0","ts":"365596218295"},{"cat":"function","dur":"12","name":"render","ph":"X","pid":"0","tid":"0x11bafa5c0","ts":"365596218321"},{"cat":"function","dur":"9","name":"render","ph":"X","pid":"0","tid":"0x11bafa5c0","ts":"365596218340"},{"cat":"function","dur":"7","name":"render","ph":"X","pid":"0","tid":"0x11bafa5c0","ts":"365596218356"},{"cat":"function","dur":"207","name":"renderFrame","ph":"X","pid":"0","tid":"0x11bafa5c0","ts":"365596218320"},{"cat":"function","dur":"10","name":"renderLine","ph":"X","pid":"0","tid":"0x11bafa5c0","ts":"365596218539"},{"cat":"function","dur":"7","name":"renderLine","ph":"X","pid":"0","tid":"0x11bafa5c0","ts":"365596218559"},{"cat":"function","dur":"17748","name":"loop","ph":"X","pid":"0","tid":"0x11bafa5c0","ts":"365596218200"},{"cat":"function","dur":"41","name":"renderCircle","ph":"X","pid":"0","tid":"0x11bafa5c0","ts":"365596236045"},{"cat":"function","dur":"11","name":"renderQuad","ph":"X","pid":"0","tid":"0x11bafa5c0","ts":"365596236100"},{"cat":"function","dur":"16","name":"renderLine","ph":"X","pid":"0","tid":"0x11bafa5c0","ts":"365596236132"},{"cat":"function","dur":"13","name":"render","ph":"X","pid":"0","tid":"0x11bafa5c0","ts":"365596236158"},{"cat":"function","dur":"8","name":"render","ph":"X","pid":"0","tid":"0x11bafa5c0","ts":"365596236179"},{"cat":"function","dur":"9","name":"render","ph":"X","pid":"0","tid":"0x11bafa5c0","ts":"365596236214"},{"cat":"function","dur":"236","name":"renderFrame","ph":"X","pid":"0","tid":"0x11bafa5c0","ts":"365596236157"},{"cat":"function","dur":"11","name":"renderLine","ph":"X","pid":"0","tid":"0x11bafa5c0","ts":"365596236405"},{"cat":"function","dur":"7","name":"renderLine","ph":"X","pid":"0","tid":"0x11bafa5c0","ts":"365596236426"},{"cat":"function","dur":"16693","name":"loop","ph":"X","pid":"0","tid":"0x11bafa5c0","ts":"365596236022"},{"cat":"function","dur":"36","name":"renderCircle","ph":"X","pid":"0","tid":"0x11bafa5c0","ts":"365596252772"},{"cat":"function","dur":"11","name":"renderQuad","ph":"X","pid":"0","tid":"0x11bafa5c0","ts":"365596252820"},{"cat":"function","dur":"17","name":"renderLine","ph":"X","pid":"0","tid":"0x11bafa5c0","ts":"365596252851"},{"cat":"function","dur":"12","name":"render","ph":"X","pid":"0","tid":"0x11bafa5c0","ts":"365596252879"},{"cat":"function","dur":"9","name":"render","ph":"X","pid":"0","tid":"0x11bafa5c0","ts":"365596252899"},{"cat":"function","dur":"8","name":"render","ph":"X","pid":"0","tid":"0x11bafa5c0","ts":"365596252915"},{"cat":"function","dur":"217","name":"renderFrame","ph":"X","pid":"0","tid":"0x11bafa5c0","ts":"365596252878"},{"cat":"function","dur":"11","name":"renderLine","ph":"X","pid":"0","tid":"0x11bafa5c0","ts":"365596253107"},{"cat":"function","dur":"7","name":"renderLine","ph":"X","pid":"0","tid":"0x11bafa5c0","ts":"365596253128"},{"cat":"function","dur":"17092","name":"loop","ph":"X","pid":"0","tid":"0x11bafa5c0","ts":"365596252751"},{"cat":"function","dur":"41","name":"renderCircle","ph":"X","pid":"0","tid":"0x11bafa5c0","ts":"365596269911"},{"cat":"function","dur":"11","name":"renderQuad","ph":"X","pid":"0","tid":"0x11bafa5c0","ts":"365596269964"},{"cat":"function","dur":"19","name":"renderLine","ph":"X","pid":"0","tid":"0x11bafa5c0","ts":"365596269995"},{"cat":"function","dur":"13","name":"render","ph":"X","pid":"0","tid":"0x11bafa5c0","ts":"365596270024"},{"cat":"function","dur":"9","name":"render","ph":"X","pid":"0","tid":"0x11bafa5c0","ts":"365596270045"},{"cat":"function","dur":"8","name":"render","ph":"X","pid":"0","tid":"0x11bafa5c0","ts":"365596270062"},{"cat":"function","dur":"257","name":"renderFrame","ph":"X","pid":"0","tid":"0x11bafa5c0","ts":"365596270023"},{"cat":"function","dur":"11","name":"renderLine","ph":"X","pid":"0","tid":"0x11bafa5c0","ts":"365596270294"},{"cat":"function","dur":"7","name":"renderLine","ph":"X","pid":"0","tid":"0x11bafa5c0","ts":"365596270315"},{"cat":"function","dur":"16955","name":"loop","ph":"X","pid":"0","tid":"0x11bafa5c0","ts":"365596269887"},{"cat":"function","dur":"34","name":"renderCircle","ph":"X","pid":"0","tid":"0x11bafa5c0","ts":"365596286900"},{"cat":"function","dur":"11","name":"renderQuad","ph":"X","pid":"0","tid":"0x11bafa5c0","ts":"365596286945"},{"cat":"function","dur":"15","name":"renderLine","ph":"X","pid":"0","tid":"0x11bafa5c0","ts":"365596286975"},{"cat":"function","dur":"12","name":"render","ph":"X","pid":"0","tid":"0x11bafa5c0","ts":"365596287000"},{"cat":"function","dur":"8","name":"render","ph":"X","pid":"0","tid":"0x11bafa5c0","ts":"365596287020"},{"cat":"function","dur":"8","name":"render","ph":"X","pid":"0","tid":"0x11bafa5c0","ts":"365596287035"},{"cat":"function","dur":"213","name":"renderFrame","ph":"X","pid":"0","tid":"0x11bafa5c0","ts":"365596286999"},{"cat":"function","dur":"10","name":"renderLine","ph":"X","pid":"0","tid":"0x11bafa5c0","ts":"365596287224"},{"cat":"function","dur":"7","name":"renderLine","ph":"X","pid":"0","tid":"0x11bafa5c0","ts":"365596287243"},{"cat":"function","dur":"17827","name":"loop","ph":"X","pid":"0","tid":"0x11bafa5c0","ts":"365596286879"},{"cat":"function","dur":"35","name":"renderCircle","ph":"X","pid":"0","tid":"0x11bafa5c0","ts":"365596304774"},{"cat":"function","dur":"10","name":"renderQuad","ph":"X","pid":"0","tid":"0x11bafa5c0","ts":"365596304821"},{"cat":"function","dur":"17","name":"renderLine","ph":"X","pid":"0","tid":"0x11bafa5c0","ts":"365596304850"},{"cat":"function","dur":"13","name":"render","ph":"X","pid":"0","tid":"0x11bafa5c0","ts":"365596304895"},{"cat":"function","dur":"9","name":"render","ph":"X","pid":"0","tid":"0x11bafa5c0","ts":"365596304916"},{"cat":"function","dur":"8","name":"render","ph":"X","pid":"0","tid":"0x11bafa5c0","ts":"365596304932"},{"cat":"function","dur":"214","name":"renderFrame","ph":"X","pid":"0","tid":"0x11bafa5c0","ts":"365596304894"},{"cat":"function","dur":"10","name":"renderLine","ph":"X","pid":"0","tid":"0x11bafa5c0","ts":"365596305121"},{"cat":"function","dur":"7","name":"renderLine","ph":"X","pid":"0","tid":"0x11bafa5c0","ts":"365596305141"},{"cat":"function","dur":"17384","name":"loop","ph":"X","pid":"0","tid":"0x11bafa5c0","ts":"365596304753"},{"cat":"function","dur":"41","name":"renderCircle","ph":"X","pid":"0","tid":"0x11bafa5c0","ts":"365596322200"},{"cat":"function","dur":"10","name":"renderQuad","ph":"X","pid":"0","tid":"0x11bafa5c0","ts":"365596322255"},{"cat":"function","dur":"18","name":"renderLine","ph":"X","pid":"0","tid":"0x11bafa5c0","ts":"365596322285"},{"cat":"function","dur":"14","name":"render","ph":"X","pid":"0","tid":"0x11bafa5c0","ts":"365596322313"},{"cat":"function","dur":"8","name":"render","ph":"X","pid":"0","tid":"0x11bafa5c0","ts":"365596322335"},{"cat":"function","dur":"8","name":"render","ph":"X","pid":"0","tid":"0x11bafa5c0","ts":"365596322351"},{"cat":"function","dur":"220","name":"renderFrame","ph":"X","pid":"0","tid":"0x11bafa5c0","ts":"365596322312"},{"cat":"function","dur":"11","name":"renderLine","ph":"X","pid":"0","tid":"0x11bafa5c0","ts":"365596322546"},{"cat":"function","dur":"7","name":"renderLine","ph":"X","pid":"0","tid":"0x11bafa5c0","ts":"365596322567"},{"cat":"function","dur":"16560","name":"loop","ph":"X","pid":"0","tid":"0x11bafa5c0","ts":"365596322176"},{"cat":"function","dur":"43","name":"renderCircle","ph":"X","pid":"0","tid":"0x11bafa5c0","ts":"365596338814"},{"cat":"function","dur":"12","name":"renderQuad","ph":"X","pid":"0","tid":"0x11bafa5c0","ts":"365596338869"},{"cat":"function","dur":"17","name":"renderLine","ph":"X","pid":"0","tid":"0x11bafa5c0","ts":"365596338902"},{"cat":"function","dur":"13","name":"render","ph":"X","pid":"0","tid":"0x11bafa5c0","ts":"365596338929"},{"cat":"function","dur":"9","name":"render","ph":"X","pid":"0","tid":"0x11bafa5c0","ts":"365596338951"},{"cat":"function","dur":"7","name":"render","ph":"X","pid":"0","tid":"0x11bafa5c0","ts":"365596338968"},{"cat":"function","dur":"220","name":"renderFrame","ph":"X","pid":"0","tid":"0x11bafa5c0","ts":"365596338929"},{"cat":"function","dur":"12","name":"renderLine","ph":"X","pid":"0","tid":"0x11bafa5c0","ts":"365596339162"},{"cat":"function","dur":"7","name":"renderLine","ph":"X","pid":"0","tid":"0x11bafa5c0","ts":"365596339184"},{"cat":"function","dur":"16613","name":"loop","ph":"X","pid":"0","tid":"0x11bafa5c0","ts":"365596338790"},{"cat":"function","dur":"36","name":"renderCircle","ph":"X","pid":"0","tid":"0x11bafa5c0","ts":"365596355458"},{"cat":"function","dur":"11","name":"renderQuad","ph":"X","pid":"0","tid":"0x11bafa5c0","ts":"365596355506"},{"cat":"function","dur":"17","name":"renderLine","ph":"X","pid":"0","tid":"0x11bafa5c0","ts":"365596355537"},{"cat":"function","dur":"13","name":"render","ph":"X","pid":"0","tid":"0x11bafa5c0","ts":"365596355564"},{"cat":"function","dur":"9","name":"render","ph":"X","pid":"0","tid":"0x11bafa5c0","ts":"365596355585"},{"cat":"function","dur":"8","name":"render","ph":"X","pid":"0","tid":"0x11bafa5c0","ts":"365596355602"},{"cat":"function","dur":"218","name":"renderFrame","ph":"X","pid":"0","tid":"0x11bafa5c0","ts":"365596355563"},{"cat":"function","dur":"10","name":"renderLine","ph":"X","pid":"0","tid":"0x11bafa5c0","ts":"365596355794"},{"cat":"function","dur":"7","name":"renderLine","ph":"X","pid":"0","tid":"0x11bafa5c0","ts":"365596355814"},{"cat":"function","dur":"16806","name":"loop","ph":"X","pid":"0","tid":"0x11bafa5c0","ts":"365596355435"},{"cat":"function","dur":"51","name":"renderCircle","ph":"X","pid":"0","tid":"0x11bafa5c0","ts":"365596372322"},{"cat":"function","dur":"12","name":"renderQuad","ph":"X","pid":"0","tid":"0x11bafa5c0","ts":"365596372409"},{"cat":"function","dur":"18","name":"renderLine","ph":"X","pid":"0","tid":"0x11bafa5c0","ts":"365596372445"},{"cat":"function","dur":"13","name":"render","ph":"X","pid":"0","tid":"0x11bafa5c0","ts":"365596372474"},{"cat":"function","dur":"67","name":"render","ph":"X","pid":"0","tid":"0x11bafa5c0","ts":"365596372496"},{"cat":"function","dur":"15","name":"render","ph":"X","pid":"0","tid":"0x11bafa5c0","ts":"365596372584"},{"cat":"function","dur":"309","name":"renderFrame","ph":"X","pid":"0","tid":"0x11bafa5c0","ts":"365596372473"},{"cat":"function","dur":"14","name":"renderLine","ph":"X","pid":"0","tid":"0x11bafa5c0","ts":"365596372797"},{"cat":"function","dur":"8","name":"renderLine","ph":"X","pid":"0","tid":"0x11bafa5c0","ts":"365596372822"},{"cat":"function","dur":"16570","name":"loop","ph":"X","pid":"0","tid":"0x11bafa5c0","ts":"365596372293"},{"cat":"function","dur":"41","name":"renderCircle","ph":"X","pid":"0","tid":"0x11bafa5c0","ts":"365596388930"},{"cat":"function","dur":"11","name":"renderQuad","ph":"X","pid":"0","tid":"0x11bafa5c0","ts":"365596388985"},{"cat":"function","dur":"16","name":"renderLine","ph":"X","pid":"0","tid":"0x11bafa5c0","ts":"365596389016"},{"cat":"function","dur":"14","name":"render","ph":"X","pid":"0","tid":"0x11bafa5c0","ts":"365596389042"},{"cat":"function","dur":"9","name":"render","ph":"X","pid":"0","tid":"0x11bafa5c0","ts":"365596389064"},{"cat":"function","dur":"7","name":"render","ph":"X","pid":"0","tid":"0x11bafa5c0","ts":"365596389081"},{"cat":"function","dur":"234","name":"renderFrame","ph":"X","pid":"0","tid":"0x11bafa5c0","ts":"365596389041"},{"cat":"function","dur":"11","name":"renderLine","ph":"X","pid":"0","tid":"0x11bafa5c0","ts":"365596389289"},{"cat":"function","dur":"7","name":"renderLine","ph":"X","pid":"0","tid":"0x11bafa5c0","ts":"365596389310"},{"cat":"function","dur":"17144","name":"loop","ph":"X","pid":"0","tid":"0x11bafa5c0","ts":"365596388906"},{"cat":"function","dur":"35","name":"renderCircle","ph":"X","pid":"0","tid":"0x11bafa5c0","ts":"365596406115"},{"cat":"function","dur":"10","name":"renderQuad","ph":"X","pid":"0","tid":"0x11bafa5c0","ts":"365596406163"},{"cat":"function","dur":"16","name":"renderLine","ph":"X","pid":"0","tid":"0x11bafa5c0","ts":"365596406193"},{"cat":"function","dur":"13","name":"render","ph":"X","pid":"0","tid":"0x11bafa5c0","ts":"365596406219"},{"cat":"function","dur":"8","name":"render","ph":"X","pid":"0","tid":"0x11bafa5c0","ts":"365596406240"},{"cat":"function","dur":"8","name":"render","ph":"X","pid":"0","tid":"0x11bafa5c0","ts":"365596406256"},{"cat":"function","dur":"219","name":"renderFrame","ph":"X","pid":"0","tid":"0x11bafa5c0","ts":"365596406219"},{"cat":"function","dur":"11","name":"renderLine","ph":"X","pid":"0","tid":"0x11bafa5c0","ts":"365596406450"},{"cat":"function","dur":"7","name":"renderLine","ph":"X","pid":"0","tid":"0x11bafa5c0","ts":"365596406471"},{"cat":"function","dur":"16853","name":"loop","ph":"X","pid":"0","tid":"0x11bafa5c0","ts":"365596406092"},{"cat":"function","dur":"37","name":"renderCircle","ph":"X","pid":"0","tid":"0x11bafa5c0","ts":"365596423005"},{"cat":"function","dur":"11","name":"renderQuad","ph":"X","pid":"0","tid":"0x11bafa5c0","ts":"365596423054"},{"cat":"function","dur":"17","name":"renderLine","ph":"X","pid":"0","tid":"0x11bafa5c0","ts":"365596423085"},{"cat":"function","dur":"12","name":"render","ph":"X","pid":"0","tid":"0x11bafa5c0","ts":"365596423112"},{"cat":"function","dur":"9","name":"render","ph":"X","pid":"0","tid":"0x11bafa5c0","ts":"365596423132"},{"cat":"function","dur":"8","name":"render","ph":"X","pid":"0","tid":"0x11bafa5c0","ts":"365596423149"},{"cat":"function","dur":"216","name":"renderFrame","ph":"X","pid":"0","tid":"0x11bafa5c0","ts":"365596423111"},{"cat":"function","dur":"10","name":"renderLine","ph":"X","pid":"0","tid":"0x11bafa5c0","ts":"365596423340"},{"cat":"function","dur":"7","name":"renderLine","ph":"X","pid":"0","tid":"0x11bafa5c0","ts":"365596423360"},{"cat":"function","dur":"17773","name":"loop","ph":"X","pid":"0","tid":"0x11bafa5c0","ts":"365596422983"},{"cat":"function","dur":"37","name":"renderCircle","ph":"X","pid":"0","tid":"0x11bafa5c0","ts":"365596440821"},{"cat":"function","dur":"11","name":"renderQuad","ph":"X","pid":"0","tid":"0x11bafa5c0","ts":"365596440871"},{"cat":"function","dur":"17","name":"renderLine","ph":"X","pid":"0","tid":"0x11bafa5c0","ts":"365596440903"},{"cat":"function","dur":"13","name":"render","ph":"X","pid":"0","tid":"0x11bafa5c0","ts":"365596440931"},{"cat":"function","dur":"12","name":"render","ph":"X","pid":"0","tid":"0x11bafa5c0","ts":"365596440952"},{"cat":"function","dur":"11","name":"render","ph":"X","pid":"0","tid":"0x11bafa5c0","ts":"365596440976"},{"cat":"function","dur":"244","name":"renderFrame","ph":"X","pid":"0","tid":"0x11bafa5c0","ts":"365596440930"},{"cat":"function","dur":"11","name":"renderLine","ph":"X","pid":"0","tid":"0x11bafa5c0","ts":"365596441188"},{"cat":"function","dur":"7","name":"renderLine","ph":"X","pid":"0","tid":"0x11bafa5c0","ts":"365596441210"},{"cat":"function","dur":"16088","name":"loop","ph":"X","pid":"0","tid":"0x11bafa5c0","ts":"365596440797"},{"cat":"function","dur":"41","name":"renderCircle","ph":"X","pid":"0","tid":"0x11bafa5c0","ts":"365596457009"},{"cat":"function","dur":"24","name":"renderQuad","ph":"X","pid":"0","tid":"0x11bafa5c0","ts":"365596457073"},{"cat":"function","dur":"26","name":"renderLine","ph":"X","pid":"0","tid":"0x11bafa5c0","ts":"365596457142"},{"cat":"function","dur":"17","name":"render","ph":"X","pid":"0","tid":"0x11bafa5c0","ts":"365596457191"},{"cat":"function","dur":"11","name":"render","ph":"X","pid":"0","tid":"0x11bafa5c0","ts":"365596457220"},{"cat":"function","dur":"9","name":"render","ph":"X","pid":"0","tid":"0x11bafa5c0","ts":"365596457239"},{"cat":"function","dur":"310","name":"renderFrame","ph":"X","pid":"0","tid":"0x11bafa5c0","ts":"365596457190"},{"cat":"function","dur":"18","name":"renderLine","ph":"X","pid":"0","tid":"0x11bafa5c0","ts":"365596457523"},{"cat":"function","dur":"9","name":"renderLine","ph":"X","pid":"0","tid":"0x11bafa5c0","ts":"365596457555"},{"cat":"function","dur":"17291","name":"loop","ph":"X","pid":"0","tid":"0x11bafa5c0","ts":"365596456957"},{"cat":"function","dur":"37","name":"renderCircle","ph":"X","pid":"0","tid":"0x11bafa5c0","ts":"365596474312"},{"cat":"function","dur":"11","name":"renderQuad","ph":"X","pid":"0","tid":"0x11bafa5c0","ts":"365596474362"},{"cat":"function","dur":"18","name":"renderLine","ph":"X","pid":"0","tid":"0x11bafa5c0","ts":"365596474394"},{"cat":"function","dur":"13","name":"render","ph":"X","pid":"0","tid":"0x11bafa5c0","ts":"365596474423"},{"cat":"function","dur":"9","name":"render","ph":"X","pid":"0","tid":"0x11bafa5c0","ts":"365596474445"},{"cat":"function","dur":"9","name":"render","ph":"X","pid":"0","tid":"0x11bafa5c0","ts":"365596474462"},{"cat":"function","dur":"247","name":"renderFrame","ph":"X","pid":"0","tid":"0x11bafa5c0","ts":"365596474422"},{"cat":"function","dur":"12","name":"renderLine","ph":"X","pid":"0","tid":"0x11bafa5c0","ts":"365596474684"},{"cat":"function","dur":"8","name":"renderLine","ph":"X","pid":"0","tid":"0x11bafa5c0","ts":"365596474707"},{"cat":"function","dur":"16208","name":"loop","ph":"X","pid":"0","tid":"0x11bafa5c0","ts":"365596474290"},{"cat":"function","dur":"36","name":"renderCircle","ph":"X","pid":"0","tid":"0x11bafa5c0","ts":"365596490555"},{"cat":"function","dur":"11","name":"renderQuad","ph":"X","pid":"0","tid":"0x11bafa5c0","ts":"365596490604"},{"cat":"function","dur":"17","name":"renderLine","ph":"X","pid":"0","tid":"0x11bafa5c0","ts":"365596490636"},{"cat":"function","dur":"13","name":"render","ph":"X","pid":"0","tid":"0x11bafa5c0","ts":"365596490664"},{"cat":"function","dur":"8","name":"render","ph":"X","pid":"0","tid":"0x11bafa5c0","ts":"365596490686"},{"cat":"function","dur":"9","name":"render","ph":"X","pid":"0","tid":"0x11bafa5c0","ts":"365596490702"},{"cat":"function","dur":"226","name":"renderFrame","ph":"X","pid":"0","tid":"0x11bafa5c0","ts":"365596490663"},{"cat":"function","dur":"12","name":"renderLine","ph":"X","pid":"0","tid":"0x11bafa5c0","ts":"365596490921"},{"cat":"function","dur":"8","name":"renderLine","ph":"X","pid":"0","tid":"0x11bafa5c0","ts":"365596490944"},{"cat":"function","dur":"16575","name":"loop","ph":"X","pid":"0","tid":"0x11bafa5c0","ts":"365596490535"},{"cat":"function","dur":"36","name":"renderCircle","ph":"X","pid":"0","tid":"0x11bafa5c0","ts":"365596507165"},{"cat":"function","dur":"11","name":"renderQuad","ph":"X","pid":"0","tid":"0x11bafa5c0","ts":"365596507214"},{"cat":"function","dur":"17","name":"renderLine","ph":"X","pid":"0","tid":"0x11bafa5c0","ts":"365596507244"},{"cat":"function","dur":"13","name":"render","ph":"X","pid":"0","tid":"0x11bafa5c0","ts":"365596507270"},{"cat":"function","dur":"9","name":"render","ph":"X","pid":"0","tid":"0x11bafa5c0","ts":"365596507291"},{"cat":"function","dur":"8","name":"render","ph":"X","pid":"0","tid":"0x11bafa5c0","ts":"365596507307"},{"cat":"function","dur":"216","name":"renderFrame","ph":"X","pid":"0","tid":"0x11bafa5c0","ts":"365596507270"},{"cat":"function","dur":"10","name":"renderLine","ph":"X","pid":"0","tid":"0x11bafa5c0","ts":"365596507499"},{"cat":"function","dur":"7","name":"renderLine","ph":"X","pid":"0","tid":"0x11bafa5c0","ts":"365596507519"},{"cat":"function","dur":"17755","name":"loop","ph":"X","pid":"0","tid":"0x11bafa5c0","ts":"365596507145"},{"cat":"function","dur":"37","name":"renderCircle","ph":"X","pid":"0","tid":"0x11bafa5c0","ts":"365596524967"},{"cat":"function","dur":"11","name":"renderQuad","ph":"X","pid":"0","tid":"0x11bafa5c0","ts":"365596525017"},{"cat":"function","dur":"17","name":"renderLine","ph":"X","pid":"0","tid":"0x11bafa5c0","ts":"365596525049"},{"cat":"function","dur":"14","name":"render","ph":"X","pid":"0","tid":"0x11bafa5c0","ts":"365596525077"},{"cat":"function","dur":"9","name":"render","ph":"X","pid":"0","tid":"0x11bafa5c0","ts":"365596525100"},{"cat":"function","dur":"9","name":"render","ph":"X","pid":"0","tid":"0x11bafa5c0","ts":"365596525117"},{"cat":"function","dur":"232","name":"renderFrame","ph":"X","pid":"0","tid":"0x11bafa5c0","ts":"365596525076"},{"cat":"function","dur":"17","name":"renderLine","ph":"X","pid":"0","tid":"0x11bafa5c0","ts":"365596525327"},{"cat":"function","dur":"10","name":"renderLine","ph":"X","pid":"0","tid":"0x11bafa5c0","ts":"365596525358"},{"cat":"function","dur":"17185","name":"loop","ph":"X","pid":"0","tid":"0x11bafa5c0","ts":"365596524944"},{"cat":"function","dur":"36","name":"renderCircle","ph":"X","pid":"0","tid":"0x11bafa5c0","ts":"365596542186"},{"cat":"function","dur":"10","name":"renderQuad","ph":"X","pid":"0","tid":"0x11bafa5c0","ts":"365596542234"},{"cat":"function","dur":"17","name":"renderLine","ph":"X","pid":"0","tid":"0x11bafa5c0","ts":"365596542264"},{"cat":"function","dur":"13","name":"render","ph":"X","pid":"0","tid":"0x11bafa5c0","ts":"365596542290"},{"cat":"function","dur":"8","name":"render","ph":"X","pid":"0","tid":"0x11bafa5c0","ts":"365596542311"},{"cat":"function","dur":"8","name":"render","ph":"X","pid":"0","tid":"0x11bafa5c0","ts":"365596542326"},{"cat":"function","dur":"217","name":"renderFrame","ph":"X","pid":"0","tid":"0x11bafa5c0","ts":"365596542290"},{"cat":"function","dur":"11","name":"renderLine","ph":"X","pid":"0","tid":"0x11bafa5c0","ts":"365596542519"},{"cat":"function","dur":"7","name":"renderLine","ph":"X","pid":"0","tid":"0x11bafa5c0","ts":"365596542540"},{"cat":"function","dur":"17481","name":"loop","ph":"X","pid":"0","tid":"0x11bafa5c0","ts":"365596542166"},{"cat":"function","dur":"35","name":"renderCircle","ph":"X","pid":"0","tid":"0x11bafa5c0","ts":"365596559705"},{"cat":"function","dur":"11","name":"renderQuad","ph":"X","pid":"0","tid":"0x11bafa5c0","ts":"365596559752"},{"cat":"function","dur":"16","name":"renderLine","ph":"X","pid":"0","tid":"0x11bafa5c0","ts":"365596559782"},{"cat":"function","dur":"13","name":"render","ph":"X","pid":"0","tid":"0x11bafa5c0","ts":"365596559808"},{"cat":"function","dur":"8","name":"render","ph":"X","pid":"0","tid":"0x11bafa5c0","ts":"365596559829"},{"cat":"function","dur":"9","name":"render","ph":"X","pid":"0","tid":"0x11bafa5c0","ts":"365596559863"},{"cat":"function","dur":"237","name":"renderFrame","ph":"X","pid":"0","tid":"0x11bafa5c0","ts":"365596559807"},{"cat":"function","dur":"11","name":"renderLine","ph":"X","pid":"0","tid":"0x11bafa5c0","ts":"365596560056"},{"cat":"function","dur":"7","name":"renderLine","ph":"X","pid":"0","tid":"0x11bafa5c0","ts":"365596560077"},{"cat":"function","dur":"16243","name":"loop","ph":"X","pid":"0","tid":"0x11bafa5c0","ts":"365596559684"},{"cat":"function","dur":"37","name":"renderCircle","ph":"X","pid":"0","tid":"0x11bafa5c0","ts":"365596576003"},{"cat":"function","dur":"11","name":"renderQuad","ph":"X","pid":"0","tid":"0x11bafa5c0","ts":"365596576053"},{"cat":"function","dur":"17","name":"renderLine","ph":"X","pid":"0","tid":"0x11bafa5c0","ts":"365596576085"},{"cat":"function","dur":"13","name":"render","ph":"X","pid":"0","tid":"0x11bafa5c0","ts":"365596576112"},{"cat":"function","dur":"8","name":"render","ph":"X","pid":"0","tid":"0x11bafa5c0","ts":"365596576133"},{"cat":"function","dur":"8","name":"render","ph":"X","pid":"0","tid":"0x11bafa5c0","ts":"365596576149"},{"cat":"function","dur":"223","name":"renderFrame","ph":"X","pid":"0","tid":"0x11bafa5c0","ts":"365596576111"},{"cat":"function","dur":"11","name":"renderLine","ph":"X","pid":"0","tid":"0x11bafa5c0","ts":"365596576348"},{"cat":"function","dur":"7","name":"renderLine","ph":"X","pid":"0","tid":"0x11bafa5c0","ts":"365596576369"},{"cat":"function","dur":"16887","name":"loop","ph":"X","pid":"0","tid":"0x11bafa5c0","ts":"365596575981"},{"cat":"function","dur":"37","name":"renderCircle","ph":"X","pid":"0","tid":"0x11bafa5c0","ts":"365596592962"},{"cat":"function","dur":"11","name":"renderQuad","ph":"X","pid":"0","tid":"0x11bafa5c0","ts":"365596593013"},{"cat":"function","dur":"17","name":"renderLine","ph":"X","pid":"0","tid":"0x11bafa5c0","ts":"365596593046"},{"cat":"function","dur":"13","name":"render","ph":"X","pid":"0","tid":"0x11bafa5c0","ts":"365596593074"},{"cat":"function","dur":"8","name":"render","ph":"X","pid":"0","tid":"0x11bafa5c0","ts":"365596593096"},{"cat":"function","dur":"9","name":"render","ph":"X","pid":"0","tid":"0x11bafa5c0","ts":"365596593112"},{"cat":"function","dur":"251","name":"renderFrame","ph":"X","pid":"0","tid":"0x11bafa5c0","ts":"365596593074"},{"cat":"function","dur":"13","name":"renderLine","ph":"X","pid":"0","tid":"0x11bafa5c0","ts":"365596593342"},{"cat":"function","dur":"8","name":"renderLine","ph":"X","pid":"0","tid":"0x11bafa5c0","ts":"365596593368"},{"cat":"function","dur":"17340","name":"loop","ph":"X","pid":"0","tid":"0x11bafa5c0","ts":"365596592938"},{"cat":"function","dur":"37","name":"renderCircle","ph":"X","pid":"0","tid":"0x11bafa5c0","ts":"365596610343"},{"cat":"function","dur":"10","name":"renderQuad","ph":"X","pid":"0","tid":"0x11bafa5c0","ts":"365596610394"},{"cat":"function","dur":"18","name":"renderLine","ph":"X","pid":"0","tid":"0x11bafa5c0","ts":"365596610425"},{"cat":"function","dur":"13","name":"render","ph":"X","pid":"0","tid":"0x11bafa5c0","ts":"365596610454"},{"cat":"function","dur":"8","name":"render","ph":"X","pid":"0","tid":"0x11bafa5c0","ts":"365596610476"},{"cat":"function","dur":"8","name":"render","ph":"X","pid":"0","tid":"0x11bafa5c0","ts":"365596610492"},{"cat":"function","dur":"229","name":"renderFrame","ph":"X","pid":"0","tid":"0x11bafa5c0","ts":"365596610453"},{"cat":"function","dur":"11","name":"renderLine","ph":"X","pid":"0","tid":"0x11bafa5c0","ts":"365596610696"},{"cat":"function","dur":"8","name":"renderLine","ph":"X","pid":"0","tid":"0x11bafa5c0","ts":"365596610718"},{"cat":"function","dur":"17979","name":"loop","ph":"X","pid":"0","tid":"0x11bafa5c0","ts":"365596610319"},{"cat":"function","dur":"38","name":"renderCircle","ph":"X","pid":"0","tid":"0x11bafa5c0","ts":"365596628424"},{"cat":"function","dur":"11","name":"renderQuad","ph":"X","pid":"0","tid":"0x11bafa5c0","ts":"365596628475"},{"cat":"function","dur":"17","name":"renderLine","ph":"X","pid":"0","tid":"0x11bafa5c0","ts":"365596628509"},{"cat":"function","dur":"14","name":"render","ph":"X","pid":"0","tid":"0x11bafa5c0","ts":"365596628557"},{"cat":"function","dur":"9","name":"render","ph":"X","pid":"0","tid":"0x11bafa5c0","ts":"365596628581"},{"cat":"function","dur":"9","name":"render","ph":"X","pid":"0","tid":"0x11bafa5c0","ts":"365596628598"},{"cat":"function","dur":"366","name":"renderFrame","ph":"X","pid":"0","tid":"0x11bafa5c0","ts":"365596628556"},{"cat":"function","dur":"13","name":"renderLine","ph":"X","pid":"0","tid":"0x11bafa5c0","ts":"365596628939"},{"cat":"function","dur":"7","name":"renderLine","ph":"X","pid":"0","tid":"0x11bafa5c0","ts":"365596628963"},{"cat":"function","dur":"17498","name":"loop","ph":"X","pid":"0","tid":"0x11bafa5c0","ts":"365596628382"},{"cat":"function","dur":"40","name":"renderCircle","ph":"X","pid":"0","tid":"0x11bafa5c0","ts":"365596645946"},{"cat":"function","dur":"11","name":"renderQuad","ph":"X","pid":"0","tid":"0x11bafa5c0","ts":"365596645998"},{"cat":"function","dur":"19","name":"renderLine","ph":"X","pid":"0","tid":"0x11bafa5c0","ts":"365596646031"},{"cat":"function","dur":"13","name":"render","ph":"X","pid":"0","tid":"0x11bafa5c0","ts":"365596646060"},{"cat":"function","dur":"10","name":"render","ph":"X","pid":"0","tid":"0x11bafa5c0","ts":"365596646081"},{"cat":"function","dur":"9","name":"render","ph":"X","pid":"0","tid":"0x11bafa5c0","ts":"365596646099"},{"cat":"function","dur":"227","name":"renderFrame","ph":"X","pid":"0","tid":"0x11bafa5c0","ts":"365596646059"},{"cat":"function","dur":"13","name":"renderLine","ph":"X","pid":"0","tid":"0x11bafa5c0","ts":"365596646301"},{"cat":"function","dur":"7","name":"renderLine","ph":"X","pid":"0","tid":"0x11bafa5c0","ts":"365596646325"},{"cat":"function","dur":"53004","name":"loop","ph":"X","pid":"0","tid":"0x11bafa5c0","ts":"365596645921"},{"cat":"function","dur":"30","name":"renderCircle","ph":"X","pid":"0","tid":"0x11bafa5c0","ts":"365596698972"},{"cat":"function","dur":"11","name":"renderQuad","ph":"X","pid":"0","tid":"0x11bafa5c0","ts":"365596699014"},{"cat":"function","dur":"16","name":"renderLine","ph":"X","pid":"0","tid":"0x11bafa5c0","ts":"365596699043"},{"cat":"function","dur":"12","name":"render","ph":"X","pid":"0","tid":"0x11bafa5c0","ts":"365596699069"},{"cat":"function","dur":"9","name":"render","ph":"X","pid":"0","tid":"0x11bafa5c0","ts":"365596699089"},{"cat":"function","dur":"8","name":"render","ph":"X","pid":"0","tid":"0x11bafa5c0","ts":"365596699106"},{"cat":"function","dur":"215","name":"renderFrame","ph":"X","pid":"0","tid":"0x11bafa5c0","ts":"365596699069"},{"cat":"function","dur":"11","name":"renderLine","ph":"X","pid":"0","tid":"0x11bafa5c0","ts":"365596699297"},{"cat":"function","dur":"7","name":"renderLine","ph":"X","pid":"0","tid":"0x11bafa5c0","ts":"365596699318"},{"cat":"function","dur":"16874","name":"loop","ph":"X","pid":"0","tid":"0x11bafa5c0","ts":"365596698957"},{"cat":"function","dur":"51","name":"renderCircle","ph":"X","pid":"0","tid":"0x11bafa5c0","ts":"365596715915"},{"cat":"function","dur":"12","name":"renderQuad","ph":"X","pid":"0","tid":"0x11bafa5c0","ts":"365596715985"},{"cat":"function","dur":"19","name":"renderLine","ph":"X","pid":"0","tid":"0x11bafa5c0","ts":"365596716018"},{"cat":"function","dur":"15","name":"render","ph":"X","pid":"0","tid":"0x11bafa5c0","ts":"365596716047"},{"cat":"function","dur":"9","name":"render","ph":"X","pid":"0","tid":"0x11bafa5c0","ts":"365596716070"},{"cat":"function","dur":"8","name":"render","ph":"X","pid":"0","tid":"0x11bafa5c0","ts":"365596716087"},{"cat":"function","dur":"241","name":"renderFrame","ph":"X","pid":"0","tid":"0x11bafa5c0","ts":"365596716046"},{"cat":"function","dur":"12","name":"renderLine","ph":"X","pid":"0","tid":"0x11bafa5c0","ts":"365596716301"},{"cat":"function","dur":"7","name":"renderLine","ph":"X","pid":"0","tid":"0x11bafa5c0","ts":"365596716323"},{"cat":"function","dur":"17466","name":"loop","ph":"X","pid":"0","tid":"0x11bafa5c0","ts":"365596715888"},{"cat":"function","dur":"66","name":"renderCircle","ph":"X","pid":"0","tid":"0x11bafa5c0","ts":"365596733446"},{"cat":"function","dur":"15","name":"renderQuad","ph":"X","pid":"0","tid":"0x11bafa5c0","ts":"365596733550"},{"cat":"function","dur":"27","name":"renderLine","ph":"X","pid":"0","tid":"0x11bafa5c0","ts":"365596733593"},{"cat":"function","dur":"18","name":"render","ph":"X","pid":"0","tid":"0x11bafa5c0","ts":"365596733632"},{"cat":"function","dur":"11","name":"render","ph":"X","pid":"0","tid":"0x11bafa5c0","ts":"365596733660"},{"cat":"function","dur":"9","name":"render","ph":"X","pid":"0","tid":"0x11bafa5c0","ts":"365596733679"},{"cat":"function","dur":"263","name":"renderFrame","ph":"X","pid":"0","tid":"0x11bafa5c0","ts":"365596733631"},{"cat":"function","dur":"12","name":"renderLine","ph":"X","pid":"0","tid":"0x11bafa5c0","ts":"365596733910"},{"cat":"function","dur":"8","name":"renderLine","ph":"X","pid":"0","tid":"0x11bafa5c0","ts":"365596733934"},{"cat":"function","dur":"16229","name":"loop","ph":"X","pid":"0","tid":"0x11bafa5c0","ts":"365596733408"},{"cat":"function","dur":"34","name":"renderCircle","ph":"X","pid":"0","tid":"0x11bafa5c0","ts":"365596749692"},{"cat":"function","dur":"10","name":"renderQuad","ph":"X","pid":"0","tid":"0x11bafa5c0","ts":"365596749737"},{"cat":"function","dur":"15","name":"renderLine","ph":"X","pid":"0","tid":"0x11bafa5c0","ts":"365596749767"},{"cat":"function","dur":"12","name":"render","ph":"X","pid":"0","tid":"0x11bafa5c0","ts":"365596749792"},{"cat":"function","dur":"9","name":"render","ph":"X","pid":"0","tid":"0x11bafa5c0","ts":"365596749811"},{"cat":"function","dur":"7","name":"render","ph":"X","pid":"0","tid":"0x11bafa5c0","ts":"365596749827"},{"cat":"function","dur":"210","name":"renderFrame","ph":"X","pid":"0","tid":"0x11bafa5c0","ts":"365596749791"},{"cat":"function","dur":"11","name":"renderLine","ph":"X","pid":"0","tid":"0x11bafa5c0","ts":"365596750013"},{"cat":"function","dur":"7","name":"renderLine","ph":"X","pid":"0","tid":"0x11bafa5c0","ts":"365596750033"},{"cat":"function","dur":"17694","name":"loop","ph":"X","pid":"0","tid":"0x11bafa5c0","ts":"365596749671"},{"cat":"function","dur":"55","name":"renderCircle","ph":"X","pid":"0","tid":"0x11bafa5c0","ts":"365596767459"},{"cat":"function","dur":"12","name":"renderQuad","ph":"X","pid":"0","tid":"0x11bafa5c0","ts":"365596767527"},{"cat":"function","dur":"21","name":"renderLine","ph":"X","pid":"0","tid":"0x11bafa5c0","ts":"365596767562"},{"cat":"function","dur":"16","name":"render","ph":"X","pid":"0","tid":"0x11bafa5c0","ts":"365596767594"},{"cat":"function","dur":"10","name":"render","ph":"X","pid":"0","tid":"0x11bafa5c0","ts":"365596767618"},{"cat":"function","dur":"9","name":"render","ph":"X","pid":"0","tid":"0x11bafa5c0","ts":"365596767635"},{"cat":"function","dur":"233","name":"renderFrame","ph":"X","pid":"0","tid":"0x11bafa5c0","ts":"365596767593"},{"cat":"function","dur":"11","name":"renderLine","ph":"X","pid":"0","tid":"0x11bafa5c0","ts":"365596767840"},{"cat":"function","dur":"8","name":"renderLine","ph":"X","pid":"0","tid":"0x11bafa5c0","ts":"365596767861"},{"cat":"function","dur":"17914","name":"loop","ph":"X","pid":"0","tid":"0x11bafa5c0","ts":"365596767426"},{"cat":"function","dur":"33","name":"renderCircle","ph":"X","pid":"0","tid":"0x11bafa5c0","ts":"365596785393"},{"cat":"function","dur":"11","name":"renderQuad","ph":"X","pid":"0","tid":"0x11bafa5c0","ts":"365596785437"},{"cat":"function","dur":"16","name":"renderLine","ph":"X","pid":"0","tid":"0x11bafa5c0","ts":"365596785466"},{"cat":"function","dur":"12","name":"render","ph":"X","pid":"0","tid":"0x11bafa5c0","ts":"365596785491"},{"cat":"function","dur":"8","name":"render","ph":"X","pid":"0","tid":"0x11bafa5c0","ts":"365596785511"},{"cat":"function","dur":"8","name":"render","ph":"X","pid":"0","tid":"0x11bafa5c0","ts":"365596785526"},{"cat":"function","dur":"211","name":"renderFrame","ph":"X","pid":"0","tid":"0x11bafa5c0","ts":"365596785491"},{"cat":"function","dur":"10","name":"renderLine","ph":"X","pid":"0","tid":"0x11bafa5c0","ts":"365596785714"},{"cat":"function","dur":"7","name":"renderLine","ph":"X","pid":"0","tid":"0x11bafa5c0","ts":"365596785734"},{"cat":"function","dur":"17372","name":"loop","ph":"X","pid":"0","tid":"0x11bafa5c0","ts":"365596785374"},{"cat":"function","dur":"52","name":"renderCircle","ph":"X","pid":"0","tid":"0x11bafa5c0","ts":"365596802833"},{"cat":"function","dur":"13","name":"renderQuad","ph":"X","pid":"0","tid":"0x11bafa5c0","ts":"365596802899"},{"cat":"function","dur":"18","name":"renderLine","ph":"X","pid":"0","tid":"0x11bafa5c0","ts":"365596802934"},{"cat":"function","dur":"14","name":"render","ph":"X","pid":"0","tid":"0x11bafa5c0","ts":"365596802963"},{"cat":"function","dur":"9","name":"render","ph":"X","pid":"0","tid":"0x11bafa5c0","ts":"365596802986"},{"cat":"function","dur":"9","name":"render","ph":"X","pid":"0","tid":"0x11bafa5c0","ts":"365596803003"},{"cat":"function","dur":"236","name":"renderFrame","ph":"X","pid":"0","tid":"0x11bafa5c0","ts":"365596802962"},{"cat":"function","dur":"11","name":"renderLine","ph":"X","pid":"0","tid":"0x11bafa5c0","ts":"365596803212"},{"cat":"function","dur":"8","name":"renderLine","ph":"X","pid":"0","tid":"0x11bafa5c0","ts":"365596803234"},{"cat":"function","dur":"17158","name":"loop","ph":"X","pid":"0","tid":"0x11bafa5c0","ts":"365596802799"},{"cat":"function","dur":"34","name":"renderCircle","ph":"X","pid":"0","tid":"0x11bafa5c0","ts":"365596820011"},{"cat":"function","dur":"10","name":"renderQuad","ph":"X","pid":"0","tid":"0x11bafa5c0","ts":"365596820057"},{"cat":"function","dur":"15","name":"renderLine","ph":"X","pid":"0","tid":"0x11bafa5c0","ts":"365596820087"},{"cat":"function","dur":"12","name":"render","ph":"X","pid":"0","tid":"0x11bafa5c0","ts":"365596820112"},{"cat":"function","dur":"9","name":"render","ph":"X","pid":"0","tid":"0x11bafa5c0","ts":"365596820132"},{"cat":"function","dur":"8","name":"render","ph":"X","pid":"0","tid":"0x11bafa5c0","ts":"365596820148"},{"cat":"function","dur":"216","name":"renderFrame","ph":"X","pid":"0","tid":"0x11bafa5c0","ts":"365596820111"},{"cat":"function","dur":"10","name":"renderLine","ph":"X","pid":"0","tid":"0x11bafa5c0","ts":"365596820340"},{"cat":"function","dur":"7","name":"renderLine","ph":"X","pid":"0","tid":"0x11bafa5c0","ts":"365596820360"},{"cat":"function","dur":"17917","name":"loop","ph":"X","pid":"0","tid":"0x11bafa5c0","ts":"365596819992"},{"cat":"function","dur":"39","name":"renderCircle","ph":"X","pid":"0","tid":"0x11bafa5c0","ts":"365596837974"},{"cat":"function","dur":"11","name":"renderQuad","ph":"X","pid":"0","tid":"0x11bafa5c0","ts":"365596838026"},{"cat":"function","dur":"17","name":"renderLine","ph":"X","pid":"0","tid":"0x11bafa5c0","ts":"365596838058"},{"cat":"function","dur":"14","name":"render","ph":"X","pid":"0","tid":"0x11bafa5c0","ts":"365596838086"},{"cat":"function","dur":"26","name":"render","ph":"X","pid":"0","tid":"0x11bafa5c0","ts":"365596838109"},{"cat":"function","dur":"14","name":"render","ph":"X","pid":"0","tid":"0x11bafa5c0","ts":"365596838150"},{"cat":"function","dur":"274","name":"renderFrame","ph":"X","pid":"0","tid":"0x11bafa5c0","ts":"365596838086"},{"cat":"function","dur":"11","name":"renderLine","ph":"X","pid":"0","tid":"0x11bafa5c0","ts":"365596838374"},{"cat":"function","dur":"8","name":"renderLine","ph":"X","pid":"0","tid":"0x11bafa5c0","ts":"365596838396"},{"cat":"function","dur":"17135","name":"loop","ph":"X","pid":"0","tid":"0x11bafa5c0","ts":"365596837947"},{"cat":"function","dur":"78","name":"renderCircle","ph":"X","pid":"0","tid":"0x11bafa5c0","ts":"365596855201"},{"cat":"function","dur":"12","name":"renderQuad","ph":"X","pid":"0","tid":"0x11bafa5c0","ts":"365596855299"},{"cat":"function","dur":"17","name":"renderLine","ph":"X","pid":"0","tid":"0x11bafa5c0","ts":"365596855332"},{"cat":"function","dur":"13","name":"render","ph":"X","pid":"0","tid":"0x11bafa5c0","ts":"365596855359"},{"cat":"function","dur":"8","name":"render","ph":"X","pid":"0","tid":"0x11bafa5c0","ts":"365596855380"},{"cat":"function","dur":"8","name":"render","ph":"X","pid":"0","tid":"0x11bafa5c0","ts":"365596855396"},{"cat":"function","dur":"215","name":"renderFrame","ph":"X","pid":"0","tid":"0x11bafa5c0","ts":"365596855358"},{"cat":"function","dur":"12","name":"renderLine","ph":"X","pid":"0","tid":"0x11bafa5c0","ts":"365596855603"},{"cat":"function","dur":"7","name":"renderLine","ph":"X","pid":"0","tid":"0x11bafa5c0","ts":"365596855625"},{"cat":"function","dur":"16416","name":"loop","ph":"X","pid":"0","tid":"0x11bafa5c0","ts":"365596855182"},{"cat":"function","dur":"36","name":"renderCircle","ph":"X","pid":"0","tid":"0x11bafa5c0","ts":"365596871677"},{"cat":"function","dur":"11","name":"renderQuad","ph":"X","pid":"0","tid":"0x11bafa5c0","ts":"365596871733"},{"cat":"function","dur":"16","name":"renderLine","ph":"X","pid":"0","tid":"0x11bafa5c0","ts":"365596871765"},{"cat":"function","dur":"13","name":"render","ph":"X","pid":"0","tid":"0x11bafa5c0","ts":"365596871791"},{"cat":"function","dur":"8","name":"render","ph":"X","pid":"0","tid":"0x11bafa5c0","ts":"365596871812"},{"cat":"function","dur":"8","name":"render","ph":"X","pid":"0","tid":"0x11bafa5c0","ts":"365596871828"},{"cat":"function","dur":"218","name":"renderFrame","ph":"X","pid":"0","tid":"0x11bafa5c0","ts":"365596871791"},{"cat":"function","dur":"11","name":"renderLine","ph":"X","pid":"0","tid":"0x11bafa5c0","ts":"365596872022"},{"cat":"function","dur":"7","name":"renderLine","ph":"X","pid":"0","tid":"0x11bafa5c0","ts":"365596872043"},{"cat":"function","dur":"17648","name":"loop","ph":"X","pid":"0","tid":"0x11bafa5c0","ts":"365596871655"},{"cat":"function","dur":"32","name":"renderCircle","ph":"X","pid":"0","tid":"0x11bafa5c0","ts":"365596889356"},{"cat":"function","dur":"10","name":"renderQuad","ph":"X","pid":"0","tid":"0x11bafa5c0","ts":"365596889400"},{"cat":"function","dur":"15","name":"renderLine","ph":"X","pid":"0","tid":"0x11bafa5c0","ts":"365596889429"},{"cat":"function","dur":"12","name":"render","ph":"X","pid":"0","tid":"0x11bafa5c0","ts":"365596889454"},{"cat":"function","dur":"8","name":"render","ph":"X","pid":"0","tid":"0x11bafa5c0","ts":"365596889474"},{"cat":"function","dur":"8","name":"render","ph":"X","pid":"0","tid":"0x11bafa5c0","ts":"365596889489"},{"cat":"function","dur":"212","name":"renderFrame","ph":"X","pid":"0","tid":"0x11bafa5c0","ts":"365596889453"},{"cat":"function","dur":"10","name":"renderLine","ph":"X","pid":"0","tid":"0x11bafa5c0","ts":"365596889677"},{"cat":"function","dur":"7","name":"renderLine","ph":"X","pid":"0","tid":"0x11bafa5c0","ts":"365596889697"},{"cat":"function","dur":"17452","name":"loop","ph":"X","pid":"0","tid":"0x11bafa5c0","ts":"365596889338"},{"cat":"function","dur":"37","name":"renderCircle","ph":"X","pid":"0","tid":"0x11bafa5c0","ts":"365596906852"},{"cat":"function","dur":"11","name":"renderQuad","ph":"X","pid":"0","tid":"0x11bafa5c0","ts":"365596906900"},{"cat":"function","dur":"16","name":"renderLine","ph":"X","pid":"0","tid":"0x11bafa5c0","ts":"365596906931"},{"cat":"function","dur":"15","name":"render","ph":"X","pid":"0","tid":"0x11bafa5c0","ts":"365596906958"},{"cat":"function","dur":"10","name":"render","ph":"X","pid":"0","tid":"0x11bafa5c0","ts":"365596906987"},{"cat":"function","dur":"10","name":"render","ph":"X","pid":"0","tid":"0x11bafa5c0","ts":"365596907005"},{"cat":"function","dur":"227","name":"renderFrame","ph":"X","pid":"0","tid":"0x11bafa5c0","ts":"365596906957"},{"cat":"function","dur":"10","name":"renderLine","ph":"X","pid":"0","tid":"0x11bafa5c0","ts":"365596907197"},{"cat":"function","dur":"7","name":"renderLine","ph":"X","pid":"0","tid":"0x11bafa5c0","ts":"365596907217"},{"cat":"function","dur":"17467","name":"loop","ph":"X","pid":"0","tid":"0x11bafa5c0","ts":"365596906830"},{"cat":"function","dur":"35","name":"renderCircle","ph":"X","pid":"0","tid":"0x11bafa5c0","ts":"365596924344"},{"cat":"function","dur":"12","name":"renderQuad","ph":"X","pid":"0","tid":"0x11bafa5c0","ts":"365596924393"},{"cat":"function","dur":"16","name":"renderLine","ph":"X","pid":"0","tid":"0x11bafa5c0","ts":"365596924425"},{"cat":"function","dur":"12","name":"render","ph":"X","pid":"0","tid":"0x11bafa5c0","ts":"365596924451"},{"cat":"function","dur":"9","name":"render","ph":"X","pid":"0","tid":"0x11bafa5c0","ts":"365596924471"},{"cat":"function","dur":"9","name":"render","ph":"X","pid":"0","tid":"0x11bafa5c0","ts":"365596924489"},{"cat":"function","dur":"218","name":"renderFrame","ph":"X","pid":"0","tid":"0x11bafa5c0","ts":"365596924450"},{"cat":"function","dur":"10","name":"renderLine","ph":"X","pid":"0","tid":"0x11bafa5c0","ts":"365596924681"},{"cat":"function","dur":"7","name":"renderLine","ph":"X","pid":"0","tid":"0x11bafa5c0","ts":"365596924701"},{"cat":"function","dur":"16048","name":"loop","ph":"X","pid":"0","tid":"0x11bafa5c0","ts":"365596924325"},{"cat":"function","dur":"65","name":"renderCircle","ph":"X","pid":"0","tid":"0x11bafa5c0","ts":"365596940448"},{"cat":"function","dur":"45","name":"renderQuad","ph":"X","pid":"0","tid":"0x11bafa5c0","ts":"365596940538"},{"cat":"function","dur":"97","name":"renderLine","ph":"X","pid":"0","tid":"0x11bafa5c0","ts":"365596940659"},{"cat":"function","dur":"57","name":"render","ph":"X","pid":"0","tid":"0x11bafa5c0","ts":"365596940802"},{"cat":"function","dur":"45","name":"render","ph":"X","pid":"0","tid":"0x11bafa5c0","ts":"365596940891"},{"cat":"function","dur":"14","name":"render","ph":"X","pid":"0","tid":"0x11bafa5c0","ts":"365596940957"},{"cat":"function","dur":"385","name":"renderFrame","ph":"X","pid":"0","tid":"0x11bafa5c0","ts":"365596940801"},{"cat":"function","dur":"14","name":"renderLine","ph":"X","pid":"0","tid":"0x11bafa5c0","ts":"365596941203"},{"cat":"function","dur":"8","name":"renderLine","ph":"X","pid":"0","tid":"0x11bafa5c0","ts":"365596941229"},{"cat":"function","dur":"17101","name":"loop","ph":"X","pid":"0","tid":"0x11bafa5c0","ts":"365596940420"},{"cat":"function","dur":"32","name":"renderCircle","ph":"X","pid":"0","tid":"0x11bafa5c0","ts":"365596957580"},{"cat":"function","dur":"11","name":"renderQuad","ph":"X","pid":"0","tid":"0x11bafa5c0","ts":"365596957625"},{"cat":"function","dur":"16","name":"renderLine","ph":"X","pid":"0","tid":"0x11bafa5c0","ts":"365596957657"},{"cat":"function","dur":"13","name":"render","ph":"X","pid":"0","tid":"0x11bafa5c0","ts":"365596957684"},{"cat":"function","dur":"9","name":"render","ph":"X","pid":"0","tid":"0x11bafa5c0","ts":"365596957706"},{"cat":"function","dur":"8","name":"render","ph":"X","pid":"0","tid":"0x11bafa5c0","ts":"365596957723"},{"cat":"function","dur":"234","name":"renderFrame","ph":"X","pid":"0","tid":"0x11bafa5c0","ts":"365596957684"},{"cat":"function","dur":"11","name":"renderLine","ph":"X","pid":"0","tid":"0x11bafa5c0","ts":"365596957932"},{"cat":"function","dur":"7","name":"renderLine","ph":"X","pid":"0","tid":"0x11bafa5c0","ts":"365596957954"},{"cat":"function","dur":"17655","name":"loop","ph":"X","pid":"0","tid":"0x11bafa5c0","ts":"365596957560"},{"cat":"function","dur":"34","name":"renderCircle","ph":"X","pid":"0","tid":"0x11bafa5c0","ts":"365596975275"},{"cat":"function","dur":"12","name":"renderQuad","ph":"X","pid":"0","tid":"0x11bafa5c0","ts":"365596975323"},{"cat":"function","dur":"17","name":"renderLine","ph":"X","pid":"0","tid":"0x11bafa5c0","ts":"365596975355"},{"cat":"function","dur":"13","name":"render","ph":"X","pid":"0","tid":"0x11bafa5c0","ts":"365596975383"},{"cat":"function","dur":"9","name":"render","ph":"X","pid":"0","tid":"0x11bafa5c0","ts":"365596975406"},{"cat":"function","dur":"9","name":"render","ph":"X","pid":"0","tid":"0x11bafa5c0","ts":"365596975423"},{"cat":"function","dur":"233","name":"renderFrame","ph":"X","pid":"0","tid":"0x11bafa5c0","ts":"365596975383"},{"cat":"function","dur":"11","name":"renderLine","ph":"X","pid":"0","tid":"0x11bafa5c0","ts":"365596975629"},{"cat":"function","dur":"8","name":"renderLine","ph":"X","pid":"0","tid":"0x11bafa5c0","ts":"365596975651"},{"cat":"function","dur":"17250","name":"loop","ph":"X","pid":"0","tid":"0x11bafa5c0","ts":"365596975253"},{"cat":"function","dur":"39","name":"renderCircle","ph":"X","pid":"0","tid":"0x11bafa5c0","ts":"365596992593"},{"cat":"function","dur":"12","name":"renderQuad","ph":"X","pid":"0","tid":"0x11bafa5c0","ts":"365596992646"},{"cat":"function","dur":"17","name":"renderLine","ph":"X","pid":"0","tid":"0x11bafa5c0","ts":"365596992678"},{"cat":"function","dur":"13","name":"render","ph":"X","pid":"0","tid":"0x11bafa5c0","ts":"365596992708"},{"cat":"function","dur":"9","name":"render","ph":"X","pid":"0","tid":"0x11bafa5c0","ts":"365596992729"},{"cat":"function","dur":"8","name":"render","ph":"X","pid":"0","tid":"0x11bafa5c0","ts":"365596992746"},{"cat":"function","dur":"259","name":"renderFrame","ph":"X","pid":"0","tid":"0x11bafa5c0","ts":"365596992707"},{"cat":"function","dur":"12","name":"renderLine","ph":"X","pid":"0","tid":"0x11bafa5c0","ts":"365596992982"},{"cat":"function","dur":"7","name":"renderLine","ph":"X","pid":"0","tid":"0x11bafa5c0","ts":"365596993005"},{"cat":"function","dur":"16301","name":"loop","ph":"X","pid":"0","tid":"0x11bafa5c0","ts":"365596992568"},{"cat":"function","dur":"38","name":"renderCircle","ph":"X","pid":"0","tid":"0x11bafa5c0","ts":"365597008929"},{"cat":"function","dur":"12","name":"renderQuad","ph":"X","pid":"0","tid":"0x11bafa5c0","ts":"365597008982"},{"cat":"function","dur":"19","name":"renderLine","ph":"X","pid":"0","tid":"0x11bafa5c0","ts":"365597009014"},{"cat":"function","dur":"15","name":"render","ph":"X","pid":"0","tid":"0x11bafa5c0","ts":"365597009044"},{"cat":"function","dur":"9","name":"render","ph":"X","pid":"0","tid":"0x11bafa5c0","ts":"365597009068"},{"cat":"function","dur":"9","name":"render","ph":"X","pid":"0","tid":"0x11bafa5c0","ts":"365597009085"},{"cat":"function","dur":"235","name":"renderFrame","ph":"X","pid":"0","tid":"0x11bafa5c0","ts":"365597009043"},{"cat":"function","dur":"11","name":"renderLine","ph":"X","pid":"0","tid":"0x11bafa5c0","ts":"365597009291"},{"cat":"function","dur":"7","name":"renderLine","ph":"X","pid":"0","tid":"0x11bafa5c0","ts":"365597009313"},{"cat":"function","dur":"16668","name":"loop","ph":"X","pid":"0","tid":"0x11bafa5c0","ts":"365597008904"},{"cat":"function","dur":"37","name":"renderCircle","ph":"X","pid":"0","tid":"0x11bafa5c0","ts":"365597025631"},{"cat":"function","dur":"10","name":"renderQuad","ph":"X","pid":"0","tid":"0x11bafa5c0","ts":"365597025680"},{"cat":"function","dur":"16","name":"renderLine","ph":"X","pid":"0","tid":"0x11bafa5c0","ts":"365597025710"},{"cat":"function","dur":"13","name":"render","ph":"X","pid":"0","tid":"0x11bafa5c0","ts":"365597025737"},{"cat":"function","dur":"9","name":"render","ph":"X","pid":"0","tid":"0x11bafa5c0","ts":"365597025758"},{"cat":"function","dur":"8","name":"render","ph":"X","pid":"0","tid":"0x11bafa5c0","ts":"365597025774"},{"cat":"function","dur":"235","name":"renderFrame","ph":"X","pid":"0","tid":"0x11bafa5c0","ts":"365597025736"},{"cat":"function","dur":"11","name":"renderLine","ph":"X","pid":"0","tid":"0x11bafa5c0","ts":"365597025984"},{"cat":"function","dur":"8","name":"renderLine","ph":"X","pid":"0","tid":"0x11bafa5c0","ts":"365597026005"},{"cat":"function","dur":"16320","name":"loop","ph":"X","pid":"0","tid":"0x11bafa5c0","ts":"365597025611"},{"cat":"function","dur":"38","name":"renderCircle","ph":"X","pid":"0","tid":"0x11bafa5c0","ts":"365597042041"},{"cat":"function","dur":"12","name":"renderQuad","ph":"X","pid":"0","tid":"0x11bafa5c0","ts":"365597042102"},{"cat":"function","dur":"19","name":"renderLine","ph":"X","pid":"0","tid":"0x11bafa5c0","ts":"365597042136"},{"cat":"function","dur":"13","name":"render","ph":"X","pid":"0","tid":"0x11bafa5c0","ts":"365597042166"},{"cat":"function","dur":"9","name":"render","ph":"X","pid":"0","tid":"0x11bafa5c0","ts":"365597042188"},{"cat":"function","dur":"9","name":"render","ph":"X","pid":"0","tid":"0x11bafa5c0","ts":"365597042205"},{"cat":"function","dur":"239","name":"renderFrame","ph":"X","pid":"0","tid":"0x11bafa5c0","ts":"365597042165"},{"cat":"function","dur":"11","name":"renderLine","ph":"X","pid":"0","tid":"0x11bafa5c0","ts":"365597042420"},{"cat":"function","dur":"7","name":"renderLine","ph":"X","pid":"0","tid":"0x11bafa5c0","ts":"365597042443"},{"cat":"function","dur":"17134","name":"loop","ph":"X","pid":"0","tid":"0x11bafa5c0","ts":"365597042019"},{"cat":"function","dur":"39","name":"renderCircle","ph":"X","pid":"0","tid":"0x11bafa5c0","ts":"365597059217"},{"cat":"function","dur":"12","name":"renderQuad","ph":"X","pid":"0","tid":"0x11bafa5c0","ts":"365597059271"},{"cat":"function","dur":"17","name":"renderLine","ph":"X","pid":"0","tid":"0x11bafa5c0","ts":"365597059305"},{"cat":"function","dur":"14","name":"render","ph":"X","pid":"0","tid":"0x11bafa5c0","ts":"365597059333"},{"cat":"function","dur":"10","name":"render","ph":"X","pid":"0","tid":"0x11bafa5c0","ts":"365597059355"},{"cat":"function","dur":"8","name":"render","ph":"X","pid":"0","tid":"0x11bafa5c0","ts":"365597059373"},{"cat":"function","dur":"232","name":"renderFrame","ph":"X","pid":"0","tid":"0x11bafa5c0","ts":"365597059333"},{"cat":"function","dur":"11","name":"renderLine","ph":"X","pid":"0","tid":"0x11bafa5c0","ts":"365597059579"},{"cat":"function","dur":"7","name":"renderLine","ph":"X","pid":"0","tid":"0x11bafa5c0","ts":"365597059601"},{"cat":"function","dur":"16337","name":"loop","ph":"X","pid":"0","tid":"0x11bafa5c0","ts":"365597059195"},{"cat":"function","dur":"44","name":"renderCircle","ph":"X","pid":"0","tid":"0x11bafa5c0","ts":"365597075593"},{"cat":"function","dur":"11","name":"renderQuad","ph":"X","pid":"0","tid":"0x11bafa5c0","ts":"365597075652"},{"cat":"function","dur":"18","name":"renderLine","ph":"X","pid":"0","tid":"0x11bafa5c0","ts":"365597075684"},{"cat":"function","dur":"14","name":"render","ph":"X","pid":"0","tid":"0x11bafa5c0","ts":"365597075714"},{"cat":"function","dur":"9","name":"render","ph":"X","pid":"0","tid":"0x11bafa5c0","ts":"365597075737"},{"cat":"function","dur":"9","name":"render","ph":"X","pid":"0","tid":"0x11bafa5c0","ts":"365597075755"},{"cat":"function","dur":"237","name":"renderFrame","ph":"X","pid":"0","tid":"0x11bafa5c0","ts":"365597075713"},{"cat":"function","dur":"12","name":"renderLine","ph":"X","pid":"0","tid":"0x11bafa5c0","ts":"365597075963"},{"cat":"function","dur":"8","name":"renderLine","ph":"X","pid":"0","tid":"0x11bafa5c0","ts":"365597075986"},{"cat":"function","dur":"17448","name":"loop","ph":"X","pid":"0","tid":"0x11bafa5c0","ts":"365597075570"},{"cat":"function","dur":"39","name":"renderCircle","ph":"X","pid":"0","tid":"0x11bafa5c0","ts":"365597093113"},{"cat":"function","dur":"11","name":"renderQuad","ph":"X","pid":"0","tid":"0x11bafa5c0","ts":"365597093164"},{"cat":"function","dur":"31","name":"renderLine","ph":"X","pid":"0","tid":"0x11bafa5c0","ts":"365597093197"},{"cat":"function","dur":"13","name":"render","ph":"X","pid":"0","tid":"0x11bafa5c0","ts":"365597093239"},{"cat":"function","dur":"9","name":"render","ph":"X","pid":"0","tid":"0x11bafa5c0","ts":"365597093260"},{"cat":"function","dur":"9","name":"render","ph":"X","pid":"0","tid":"0x11bafa5c0","ts":"365597093277"},{"cat":"function","dur":"238","name":"renderFrame","ph":"X","pid":"0","tid":"0x11bafa5c0","ts":"365597093238"},{"cat":"function","dur":"13","name":"renderLine","ph":"X","pid":"0","tid":"0x11bafa5c0","ts":"365597093493"},{"cat":"function","dur":"8","name":"renderLine","ph":"X","pid":"0","tid":"0x11bafa5c0","ts":"365597093518"},{"cat":"function","dur":"16548","name":"loop","ph":"X","pid":"0","tid":"0x11bafa5c0","ts":"365597093089"},{"cat":"function","dur":"38","name":"renderCircle","ph":"X","pid":"0","tid":"0x11bafa5c0","ts":"365597109701"},{"cat":"function","dur":"12","name":"renderQuad","ph":"X","pid":"0","tid":"0x11bafa5c0","ts":"365597109752"},{"cat":"function","dur":"17","name":"renderLine","ph":"X","pid":"0","tid":"0x11bafa5c0","ts":"365597109785"},{"cat":"function","dur":"13","name":"render","ph":"X","pid":"0","tid":"0x11bafa5c0","ts":"365597109813"},{"cat":"function","dur":"9","name":"render","ph":"X","pid":"0","tid":"0x11bafa5c0","ts":"365597109835"},{"cat":"function","dur":"8","name":"render","ph":"X","pid":"0","tid":"0x11bafa5c0","ts":"365597109853"},{"cat":"function","dur":"235","name":"renderFrame","ph":"X","pid":"0","tid":"0x11bafa5c0","ts":"365597109812"},{"cat":"function","dur":"11","name":"renderLine","ph":"X","pid":"0","tid":"0x11bafa5c0","ts":"365597110061"},{"cat":"function","dur":"8","name":"renderLine","ph":"X","pid":"0","tid":"0x11bafa5c0","ts":"365597110083"},{"cat":"function","dur":"17225","name":"loop","ph":"X","pid":"0","tid":"0x11bafa5c0","ts":"365597109679"},{"cat":"function","dur":"37","name":"renderCircle","ph":"X","pid":"0","tid":"0x11bafa5c0","ts":"365597126992"},{"cat":"function","dur":"11","name":"renderQuad","ph":"X","pid":"0","tid":"0x11bafa5c0","ts":"365597127041"},{"cat":"function","dur":"30","name":"renderLine","ph":"X","pid":"0","tid":"0x11bafa5c0","ts":"365597127073"},{"cat":"function","dur":"13","name":"render","ph":"X","pid":"0","tid":"0x11bafa5c0","ts":"365597127113"},{"cat":"function","dur":"8","name":"render","ph":"X","pid":"0","tid":"0x11bafa5c0","ts":"365597127134"},{"cat":"function","dur":"8","name":"render","ph":"X","pid":"0","tid":"0x11bafa5c0","ts":"365597127150"},{"cat":"function","dur":"246","name":"renderFrame","ph":"X","pid":"0","tid":"0x11bafa5c0","ts":"365597127112"},{"cat":"function","dur":"13","name":"renderLine","ph":"X","pid":"0","tid":"0x11bafa5c0","ts":"365597127373"},{"cat":"function","dur":"8","name":"renderLine","ph":"X","pid":"0","tid":"0x11bafa5c0","ts":"365597127397"},{"cat":"function","dur":"16868","name":"loop","ph":"X","pid":"0","tid":"0x11bafa5c0","ts":"365597126969"},{"cat":"function","dur":"37","name":"renderCircle","ph":"X","pid":"0","tid":"0x11bafa5c0","ts":"365597143902"},{"cat":"function","dur":"10","name":"renderQuad","ph":"X","pid":"0","tid":"0x11bafa5c0","ts":"365597143952"},{"cat":"function","dur":"17","name":"renderLine","ph":"X","pid":"0","tid":"0x11bafa5c0","ts":"365597143982"},{"cat":"function","dur":"14","name":"render","ph":"X","pid":"0","tid":"0x11bafa5c0","ts":"365597144009"},{"cat":"function","dur":"8","name":"render","ph":"X","pid":"0","tid":"0x11bafa5c0","ts":"365597144032"},{"cat":"function","dur":"8","name":"render","ph":"X","pid":"0","tid":"0x11bafa5c0","ts":"365597144048"},{"cat":"function","dur":"227","name":"renderFrame","ph":"X","pid":"0","tid":"0x11bafa5c0","ts":"365597144009"},{"cat":"function","dur":"11","name":"renderLine","ph":"X","pid":"0","tid":"0x11bafa5c0","ts":"365597144249"},{"cat":"function","dur":"8","name":"renderLine","ph":"X","pid":"0","tid":"0x11bafa5c0","ts":"365597144270"},{"cat":"function","dur":"17856","name":"loop","ph":"X","pid":"0","tid":"0x11bafa5c0","ts":"365597143880"},{"cat":"function","dur":"38","name":"renderCircle","ph":"X","pid":"0","tid":"0x11bafa5c0","ts":"365597161817"},{"cat":"function","dur":"11","name":"renderQuad","ph":"X","pid":"0","tid":"0x11bafa5c0","ts":"365597161868"},{"cat":"function","dur":"16","name":"renderLine","ph":"X","pid":"0","tid":"0x11bafa5c0","ts":"365597161901"},{"cat":"function","dur":"13","name":"render","ph":"X","pid":"0","tid":"0x11bafa5c0","ts":"365597161928"},{"cat":"function","dur":"8","name":"render","ph":"X","pid":"0","tid":"0x11bafa5c0","ts":"365597161950"},{"cat":"function","dur":"8","name":"render","ph":"X","pid":"0","tid":"0x11bafa5c0","ts":"365597161966"},{"cat":"function","dur":"237","name":"renderFrame","ph":"X","pid":"0","tid":"0x11bafa5c0","ts":"365597161927"},{"cat":"function","dur":"12","name":"renderLine","ph":"X","pid":"0","tid":"0x11bafa5c0","ts":"365597162181"},{"cat":"function","dur":"7","name":"renderLine","ph":"X","pid":"0","tid":"0x11bafa5c0","ts":"365597162205"},{"cat":"function","dur":"17603","name":"loop","ph":"X","pid":"0","tid":"0x11bafa5c0","ts":"365597161793"},{"cat":"function","dur":"36","name":"renderCircle","ph":"X","pid":"0","tid":"0x11bafa5c0","ts":"365597179456"},{"cat":"function","dur":"11","name":"renderQuad","ph":"X","pid":"0","tid":"0x11bafa5c0","ts":"365597179504"},{"cat":"function","dur":"16","name":"renderLine","ph":"X","pid":"0","tid":"0x11bafa5c0","ts":"365597179535"},{"cat":"function","dur":"12","name":"render","ph":"X","pid":"0","tid":"0x11bafa5c0","ts":"365597179562"},{"cat":"function","dur":"9","name":"render","ph":"X","pid":"0","tid":"0x11bafa5c0","ts":"365597179583"},{"cat":"function","dur":"8","name":"render","ph":"X","pid":"0","tid":"0x11bafa5c0","ts":"365597179600"},{"cat":"function","dur":"239","name":"renderFrame","ph":"X","pid":"0","tid":"0x11bafa5c0","ts":"365597179561"},{"cat":"function","dur":"14","name":"renderLine","ph":"X","pid":"0","tid":"0x11bafa5c0","ts":"365597179821"},{"cat":"function","dur":"8","name":"renderLine","ph":"X","pid":"0","tid":"0x11bafa5c0","ts":"365597179847"},{"cat":"function","dur":"16831","name":"loop","ph":"X","pid":"0","tid":"0x11bafa5c0","ts":"365597179435"},{"cat":"function","dur":"76","name":"renderCircle","ph":"X","pid":"0","tid":"0x11bafa5c0","ts":"365597196396"},{"cat":"function","dur":"29","name":"renderQuad","ph":"X","pid":"0","tid":"0x11bafa5c0","ts":"365597196509"},{"cat":"function","dur":"38","name":"renderLine","ph":"X","pid":"0","tid":"0x11bafa5c0","ts":"365597196592"},{"cat":"function","dur":"33","name":"render","ph":"X","pid":"0","tid":"0x11bafa5c0","ts":"365597196659"},{"cat":"function","dur":"25","name":"render","ph":"X","pid":"0","tid":"0x11bafa5c0","ts":"365597196719"},{"cat":"function","dur":"22","name":"render","ph":"X","pid":"0","tid":"0x11bafa5c0","ts":"365597196770"},{"cat":"function","dur":"694","name":"renderFrame","ph":"X","pid":"0","tid":"0x11bafa5c0","ts":"365597196658"},{"cat":"function","dur":"27","name":"renderLine","ph":"X","pid":"0","tid":"0x11bafa5c0","ts":"365597197392"},{"cat":"function","dur":"12","name":"renderLine","ph":"X","pid":"0","tid":"0x11bafa5c0","ts":"365597197437"},{"cat":"function","dur":"16813","name":"loop","ph":"X","pid":"0","tid":"0x11bafa5c0","ts":"365597196351"},{"cat":"function","dur":"33","name":"renderCircle","ph":"X","pid":"0","tid":"0x11bafa5c0","ts":"365597213222"},{"cat":"function","dur":"10","name":"renderQuad","ph":"X","pid":"0","tid":"0x11bafa5c0","ts":"365597213267"},{"cat":"function","dur":"15","name":"renderLine","ph":"X","pid":"0","tid":"0x11bafa5c0","ts":"365597213296"},{"cat":"function","dur":"12","name":"render","ph":"X","pid":"0","tid":"0x11bafa5c0","ts":"365597213321"},{"cat":"function","dur":"9","name":"render","ph":"X","pid":"0","tid":"0x11bafa5c0","ts":"365597213341"},{"cat":"function","dur":"8","name":"render","ph":"X","pid":"0","tid":"0x11bafa5c0","ts":"365597213357"},{"cat":"function","dur":"215","name":"renderFrame","ph":"X","pid":"0","tid":"0x11bafa5c0","ts":"365597213321"},{"cat":"function","dur":"10","name":"renderLine","ph":"X","pid":"0","tid":"0x11bafa5c0","ts":"365597213548"},{"cat":"function","dur":"8","name":"renderLine","ph":"X","pid":"0","tid":"0x11bafa5c0","ts":"365597213568"},{"cat":"function","dur":"16391","name":"loop","ph":"X","pid":"0","tid":"0x11bafa5c0","ts":"365597213203"},{"cat":"function","dur":"40","name":"renderCircle","ph":"X","pid":"0","tid":"0x11bafa5c0","ts":"365597229665"},{"cat":"function","dur":"12","name":"renderQuad","ph":"X","pid":"0","tid":"0x11bafa5c0","ts":"365597229720"},{"cat":"function","dur":"30","name":"renderLine","ph":"X","pid":"0","tid":"0x11bafa5c0","ts":"365597229756"},{"cat":"function","dur":"15","name":"render","ph":"X","pid":"0","tid":"0x11bafa5c0","ts":"365597229799"},{"cat":"function","dur":"10","name":"render","ph":"X","pid":"0","tid":"0x11bafa5c0","ts":"365597229824"},{"cat":"function","dur":"9","name":"render","ph":"X","pid":"0","tid":"0x11bafa5c0","ts":"365597229843"},{"cat":"function","dur":"305","name":"renderFrame","ph":"X","pid":"0","tid":"0x11bafa5c0","ts":"365597229798"},{"cat":"function","dur":"28","name":"renderLine","ph":"X","pid":"0","tid":"0x11bafa5c0","ts":"365597230143"},{"cat":"function","dur":"10","name":"renderLine","ph":"X","pid":"0","tid":"0x11bafa5c0","ts":"365597230191"},{"cat":"function","dur":"16902","name":"loop","ph":"X","pid":"0","tid":"0x11bafa5c0","ts":"365597229640"},{"cat":"function","dur":"33","name":"renderCircle","ph":"X","pid":"0","tid":"0x11bafa5c0","ts":"365597246597"},{"cat":"function","dur":"10","name":"renderQuad","ph":"X","pid":"0","tid":"0x11bafa5c0","ts":"365597246642"},{"cat":"function","dur":"18","name":"renderLine","ph":"X","pid":"0","tid":"0x11bafa5c0","ts":"365597246672"},{"cat":"function","dur":"14","name":"render","ph":"X","pid":"0","tid":"0x11bafa5c0","ts":"365597246699"},{"cat":"function","dur":"8","name":"render","ph":"X","pid":"0","tid":"0x11bafa5c0","ts":"365597246721"},{"cat":"function","dur":"8","name":"render","ph":"X","pid":"0","tid":"0x11bafa5c0","ts":"365597246739"},{"cat":"function","dur":"219","name":"renderFrame","ph":"X","pid":"0","tid":"0x11bafa5c0","ts":"365597246699"},{"cat":"function","dur":"10","name":"renderLine","ph":"X","pid":"0","tid":"0x11bafa5c0","ts":"365597246931"},{"cat":"function","dur":"6","name":"renderLine","ph":"X","pid":"0","tid":"0x11bafa5c0","ts":"365597246952"},{"cat":"function","dur":"78102","name":"loop","ph":"X","pid":"0","tid":"0x11bafa5c0","ts":"365597246578"}],"displayTimeUnit":"ns"}