{"traceEvents":[{"cat":"function","dur":"6831","name":"renderCircle","ph":"X","pid":"0","tid":"0x1162495c0","ts":"364960186531"},{"cat":"function","dur":"2140","name":"renderQuad","ph":"X","pid":"0","tid":"0x1162495c0","ts":"364960193434"},{"cat":"function","dur":"1386","name":"renderLine","ph":"X","pid":"0","tid":"0x1162495c0","ts":"364960195646"},{"cat":"function","dur":"1945","name":"render","ph":"X","pid":"0","tid":"0x1162495c0","ts":"364960197076"},{"cat":"function","dur":"36","name":"render","ph":"X","pid":"0","tid":"0x1162495c0","ts":"364960199053"},{"cat":"function","dur":"28","name":"render","ph":"X","pid":"0","tid":"0x1162495c0","ts":"364960199105"},{"cat":"function","dur":"2340","name":"renderFrame","ph":"X","pid":"0","tid":"0x1162495c0","ts":"364960197075"},{"cat":"function","dur":"49","name":"renderLine","ph":"X","pid":"0","tid":"0x1162495c0","ts":"364960199440"},{"cat":"function","dur":"40","name":"renderLine","ph":"X","pid":"0","tid":"0x1162495c0","ts":"364960199516"},{"cat":"function","dur":"149678","name":"loop","ph":"X","pid":"0","tid":"0x1162495c0","ts":"364960186482"},{"cat":"function","dur":"45","name":"renderCircle","ph":"X","pid":"0","tid":"0x1162495c0","ts":"364960336233"},{"cat":"function","dur":"12","name":"renderQuad","ph":"X","pid":"0","tid":"0x1162495c0","ts":"364960336298"},{"cat":"function","dur":"17","name":"renderLine","ph":"X","pid":"0","tid":"0x1162495c0","ts":"364960336333"},{"cat":"function","dur":"14","name":"render","ph":"X","pid":"0","tid":"0x1162495c0","ts":"364960336364"},{"cat":"function","dur":"9","name":"render","ph":"X","pid":"0","tid":"0x1162495c0","ts":"364960336390"},{"cat":"function","dur":"9","name":"render","ph":"X","pid":"0","tid":"0x1162495c0","ts":"364960336409"},{"cat":"function","dur":"239","name":"renderFrame","ph":"X","pid":"0","tid":"0x1162495c0","ts":"364960336364"},{"cat":"function","dur":"11","name":"renderLine","ph":"X","pid":"0","tid":"0x1162495c0","ts":"364960336619"},{"cat":"function","dur":"59","name":"renderLine","ph":"X","pid":"0","tid":"0x1162495c0","ts":"364960336654"},{"cat":"function","dur":"16343","name":"loop","ph":"X","pid":"0","tid":"0x1162495c0","ts":"364960336214"},{"cat":"function","dur":"29","name":"renderCircle","ph":"X","pid":"0","tid":"0x1162495c0","ts":"364960352617"},{"cat":"function","dur":"11","name":"renderQuad","ph":"X","pid":"0","tid":"0x1162495c0","ts":"364960352662"},{"cat":"function","dur":"17","name":"renderLine","ph":"X","pid":"0","tid":"0x1162495c0","ts":"364960352694"},{"cat":"function","dur":"13","name":"render","ph":"X","pid":"0","tid":"0x1162495c0","ts":"364960352723"},{"cat":"function","dur":"8","name":"render","ph":"X","pid":"0","tid":"0x1162495c0","ts":"364960352748"},{"cat":"function","dur":"8","name":"render","ph":"X","pid":"0","tid":"0x1162495c0","ts":"364960352767"},{"cat":"function","dur":"228","name":"renderFrame","ph":"X","pid":"0","tid":"0x1162495c0","ts":"364960352723"},{"cat":"function","dur":"11","name":"renderLine","ph":"X","pid":"0","tid":"0x1162495c0","ts":"364960352967"},{"cat":"function","dur":"8","name":"renderLine","ph":"X","pid":"0","tid":"0x1162495c0","ts":"364960352991"},{"cat":"function","dur":"16421","name":"loop","ph":"X","pid":"0","tid":"0x1162495c0","ts":"364960352603"},{"cat":"function","dur":"43","name":"renderCircle","ph":"X","pid":"0","tid":"0x1162495c0","ts":"364960369096"},{"cat":"function","dur":"14","name":"renderQuad","ph":"X","pid":"0","tid":"0x1162495c0","ts":"364960369160"},{"cat":"function","dur":"20","name":"renderLine","ph":"X","pid":"0","tid":"0x1162495c0","ts":"364960369203"},{"cat":"function","dur":"17","name":"render","ph":"X","pid":"0","tid":"0x1162495c0","ts":"364960369241"},{"cat":"function","dur":"12","name":"render","ph":"X","pid":"0","tid":"0x1162495c0","ts":"364960369273"},{"cat":"function","dur":"10","name":"render","ph":"X","pid":"0","tid":"0x1162495c0","ts":"364960369299"},{"cat":"function","dur":"302","name":"renderFrame","ph":"X","pid":"0","tid":"0x1162495c0","ts":"364960369240"},{"cat":"function","dur":"15","name":"renderLine","ph":"X","pid":"0","tid":"0x1162495c0","ts":"364960369564"},{"cat":"function","dur":"12","name":"renderLine","ph":"X","pid":"0","tid":"0x1162495c0","ts":"364960369633"},{"cat":"function","dur":"16748","name":"loop","ph":"X","pid":"0","tid":"0x1162495c0","ts":"364960369076"},{"cat":"function","dur":"38","name":"renderCircle","ph":"X","pid":"0","tid":"0x1162495c0","ts":"364960385880"},{"cat":"function","dur":"12","name":"renderQuad","ph":"X","pid":"0","tid":"0x1162495c0","ts":"364960385931"},{"cat":"function","dur":"79","name":"renderLine","ph":"X","pid":"0","tid":"0x1162495c0","ts":"364960385962"},{"cat":"function","dur":"14","name":"render","ph":"X","pid":"0","tid":"0x1162495c0","ts":"364960386054"},{"cat":"function","dur":"8","name":"render","ph":"X","pid":"0","tid":"0x1162495c0","ts":"364960386077"},{"cat":"function","dur":"8","name":"render","ph":"X","pid":"0","tid":"0x1162495c0","ts":"364960386093"},{"cat":"function","dur":"4244","name":"renderFrame","ph":"X","pid":"0","tid":"0x1162495c0","ts":"364960386053"},{"cat":"function","dur":"25","name":"renderLine","ph":"X","pid":"0","tid":"0x1162495c0","ts":"364960390336"},{"cat":"function","dur":"9","name":"renderLine","ph":"X","pid":"0","tid":"0x1162495c0","ts":"364960390375"},{"cat":"function","dur":"16655","name":"loop","ph":"X","pid":"0","tid":"0x1162495c0","ts":"364960385863"},{"cat":"function","dur":"32","name":"renderCircle","ph":"X","pid":"0","tid":"0x1162495c0","ts":"364960402571"},{"cat":"function","dur":"12","name":"renderQuad","ph":"X","pid":"0","tid":"0x1162495c0","ts":"364960402615"},{"cat":"function","dur":"17","name":"renderLine","ph":"X","pid":"0","tid":"0x1162495c0","ts":"364960402647"},{"cat":"function","dur":"15","name":"render","ph":"X","pid":"0","tid":"0x1162495c0","ts":"364960402674"},{"cat":"function","dur":"9","name":"render","ph":"X","pid":"0","tid":"0x1162495c0","ts":"364960402697"},{"cat":"function","dur":"12","name":"render","ph":"X","pid":"0","tid":"0x1162495c0","ts":"364960402714"},{"cat":"function","dur":"226","name":"renderFrame","ph":"X","pid":"0","tid":"0x1162495c0","ts":"364960402674"},{"cat":"function","dur":"11","name":"renderLine","ph":"X","pid":"0","tid":"0x1162495c0","ts":"364960402913"},{"cat":"function","dur":"8","name":"renderLine","ph":"X","pid":"0","tid":"0x1162495c0","ts":"364960402934"},{"cat":"function","dur":"16698","name":"loop","ph":"X","pid":"0","tid":"0x1162495c0","ts":"364960402554"},{"cat":"function","dur":"26","name":"renderCircle","ph":"X","pid":"0","tid":"0x1162495c0","ts":"364960419302"},{"cat":"function","dur":"9","name":"renderQuad","ph":"X","pid":"0","tid":"0x1162495c0","ts":"364960419340"},{"cat":"function","dur":"14","name":"renderLine","ph":"X","pid":"0","tid":"0x1162495c0","ts":"364960419368"},{"cat":"function","dur":"12","name":"render","ph":"X","pid":"0","tid":"0x1162495c0","ts":"364960419392"},{"cat":"function","dur":"8","name":"render","ph":"X","pid":"0","tid":"0x1162495c0","ts":"364960419412"},{"cat":"function","dur":"13","name":"render","ph":"X","pid":"0","tid":"0x1162495c0","ts":"364960419427"},{"cat":"function","dur":"216","name":"renderFrame","ph":"X","pid":"0","tid":"0x1162495c0","ts":"364960419391"},{"cat":"function","dur":"10","name":"renderLine","ph":"X","pid":"0","tid":"0x1162495c0","ts":"364960419619"},{"cat":"function","dur":"6","name":"renderLine","ph":"X","pid":"0","tid":"0x1162495c0","ts":"364960419639"},{"cat":"function","dur":"16435","name":"loop","ph":"X","pid":"0","tid":"0x1162495c0","ts":"364960419286"},{"cat":"function","dur":"28","name":"renderCircle","ph":"X","pid":"0","tid":"0x1162495c0","ts":"364960435775"},{"cat":"function","dur":"11","name":"renderQuad","ph":"X","pid":"0","tid":"0x1162495c0","ts":"364960435816"},{"cat":"function","dur":"17","name":"renderLine","ph":"X","pid":"0","tid":"0x1162495c0","ts":"364960435847"},{"cat":"function","dur":"13","name":"render","ph":"X","pid":"0","tid":"0x1162495c0","ts":"364960435874"},{"cat":"function","dur":"10","name":"render","ph":"X","pid":"0","tid":"0x1162495c0","ts":"364960435895"},{"cat":"function","dur":"14","name":"render","ph":"X","pid":"0","tid":"0x1162495c0","ts":"364960435913"},{"cat":"function","dur":"254","name":"renderFrame","ph":"X","pid":"0","tid":"0x1162495c0","ts":"364960435873"},{"cat":"function","dur":"12","name":"renderLine","ph":"X","pid":"0","tid":"0x1162495c0","ts":"364960436140"},{"cat":"function","dur":"7","name":"renderLine","ph":"X","pid":"0","tid":"0x1162495c0","ts":"364960436163"},{"cat":"function","dur":"16786","name":"loop","ph":"X","pid":"0","tid":"0x1162495c0","ts":"364960435757"},{"cat":"function","dur":"30","name":"renderCircle","ph":"X","pid":"0","tid":"0x1162495c0","ts":"364960452597"},{"cat":"function","dur":"11","name":"renderQuad","ph":"X","pid":"0","tid":"0x1162495c0","ts":"364960452640"},{"cat":"function","dur":"16","name":"renderLine","ph":"X","pid":"0","tid":"0x1162495c0","ts":"364960452669"},{"cat":"function","dur":"12","name":"render","ph":"X","pid":"0","tid":"0x1162495c0","ts":"364960452696"},{"cat":"function","dur":"9","name":"render","ph":"X","pid":"0","tid":"0x1162495c0","ts":"364960452716"},{"cat":"function","dur":"13","name":"render","ph":"X","pid":"0","tid":"0x1162495c0","ts":"364960452732"},{"cat":"function","dur":"218","name":"renderFrame","ph":"X","pid":"0","tid":"0x1162495c0","ts":"364960452695"},{"cat":"function","dur":"10","name":"renderLine","ph":"X","pid":"0","tid":"0x1162495c0","ts":"364960452925"},{"cat":"function","dur":"7","name":"renderLine","ph":"X","pid":"0","tid":"0x1162495c0","ts":"364960452945"},{"cat":"function","dur":"17099","name":"loop","ph":"X","pid":"0","tid":"0x1162495c0","ts":"364960452579"},{"cat":"function","dur":"28","name":"renderCircle","ph":"X","pid":"0","tid":"0x1162495c0","ts":"364960469733"},{"cat":"function","dur":"11","name":"renderQuad","ph":"X","pid":"0","tid":"0x1162495c0","ts":"364960469773"},{"cat":"function","dur":"16","name":"renderLine","ph":"X","pid":"0","tid":"0x1162495c0","ts":"364960469803"},{"cat":"function","dur":"13","name":"render","ph":"X","pid":"0","tid":"0x1162495c0","ts":"364960469829"},{"cat":"function","dur":"9","name":"render","ph":"X","pid":"0","tid":"0x1162495c0","ts":"364960469850"},{"cat":"function","dur":"13","name":"render","ph":"X","pid":"0","tid":"0x1162495c0","ts":"364960469866"},{"cat":"function","dur":"233","name":"renderFrame","ph":"X","pid":"0","tid":"0x1162495c0","ts":"364960469828"},{"cat":"function","dur":"10","name":"renderLine","ph":"X","pid":"0","tid":"0x1162495c0","ts":"364960470074"},{"cat":"function","dur":"7","name":"renderLine","ph":"X","pid":"0","tid":"0x1162495c0","ts":"364960470094"},{"cat":"function","dur":"16599","name":"loop","ph":"X","pid":"0","tid":"0x1162495c0","ts":"364960469715"},{"cat":"function","dur":"29","name":"renderCircle","ph":"X","pid":"0","tid":"0x1162495c0","ts":"364960486366"},{"cat":"function","dur":"10","name":"renderQuad","ph":"X","pid":"0","tid":"0x1162495c0","ts":"364960486407"},{"cat":"function","dur":"16","name":"renderLine","ph":"X","pid":"0","tid":"0x1162495c0","ts":"364960486437"},{"cat":"function","dur":"12","name":"render","ph":"X","pid":"0","tid":"0x1162495c0","ts":"364960486464"},{"cat":"function","dur":"8","name":"render","ph":"X","pid":"0","tid":"0x1162495c0","ts":"364960486485"},{"cat":"function","dur":"12","name":"render","ph":"X","pid":"0","tid":"0x1162495c0","ts":"364960486501"},{"cat":"function","dur":"222","name":"renderFrame","ph":"X","pid":"0","tid":"0x1162495c0","ts":"364960486463"},{"cat":"function","dur":"11","name":"renderLine","ph":"X","pid":"0","tid":"0x1162495c0","ts":"364960486698"},{"cat":"function","dur":"7","name":"renderLine","ph":"X","pid":"0","tid":"0x1162495c0","ts":"364960486719"},{"cat":"function","dur":"16197","name":"loop","ph":"X","pid":"0","tid":"0x1162495c0","ts":"364960486348"},{"cat":"function","dur":"32","name":"renderCircle","ph":"X","pid":"0","tid":"0x1162495c0","ts":"364960502665"},{"cat":"function","dur":"10","name":"renderQuad","ph":"X","pid":"0","tid":"0x1162495c0","ts":"364960502713"},{"cat":"function","dur":"18","name":"renderLine","ph":"X","pid":"0","tid":"0x1162495c0","ts":"364960502744"},{"cat":"function","dur":"14","name":"render","ph":"X","pid":"0","tid":"0x1162495c0","ts":"364960502775"},{"cat":"function","dur":"10","name":"render","ph":"X","pid":"0","tid":"0x1162495c0","ts":"364960502817"},{"cat":"function","dur":"15","name":"render","ph":"X","pid":"0","tid":"0x1162495c0","ts":"364960502837"},{"cat":"function","dur":"281","name":"renderFrame","ph":"X","pid":"0","tid":"0x1162495c0","ts":"364960502775"},{"cat":"function","dur":"18","name":"renderLine","ph":"X","pid":"0","tid":"0x1162495c0","ts":"364960503076"},{"cat":"function","dur":"11","name":"renderLine","ph":"X","pid":"0","tid":"0x1162495c0","ts":"364960503109"},{"cat":"function","dur":"17012","name":"loop","ph":"X","pid":"0","tid":"0x1162495c0","ts":"364960502638"},{"cat":"function","dur":"26","name":"renderCircle","ph":"X","pid":"0","tid":"0x1162495c0","ts":"364960519703"},{"cat":"function","dur":"10","name":"renderQuad","ph":"X","pid":"0","tid":"0x1162495c0","ts":"364960519741"},{"cat":"function","dur":"16","name":"renderLine","ph":"X","pid":"0","tid":"0x1162495c0","ts":"364960519769"},{"cat":"function","dur":"13","name":"render","ph":"X","pid":"0","tid":"0x1162495c0","ts":"364960519795"},{"cat":"function","dur":"8","name":"render","ph":"X","pid":"0","tid":"0x1162495c0","ts":"364960519816"},{"cat":"function","dur":"12","name":"render","ph":"X","pid":"0","tid":"0x1162495c0","ts":"364960519832"},{"cat":"function","dur":"220","name":"renderFrame","ph":"X","pid":"0","tid":"0x1162495c0","ts":"364960519794"},{"cat":"function","dur":"10","name":"renderLine","ph":"X","pid":"0","tid":"0x1162495c0","ts":"364960520026"},{"cat":"function","dur":"7","name":"renderLine","ph":"X","pid":"0","tid":"0x1162495c0","ts":"364960520046"},{"cat":"function","dur":"17010","name":"loop","ph":"X","pid":"0","tid":"0x1162495c0","ts":"364960519686"},{"cat":"function","dur":"35","name":"renderCircle","ph":"X","pid":"0","tid":"0x1162495c0","ts":"364960536766"},{"cat":"function","dur":"12","name":"renderQuad","ph":"X","pid":"0","tid":"0x1162495c0","ts":"364960536815"},{"cat":"function","dur":"18","name":"renderLine","ph":"X","pid":"0","tid":"0x1162495c0","ts":"364960536849"},{"cat":"function","dur":"14","name":"render","ph":"X","pid":"0","tid":"0x1162495c0","ts":"364960536877"},{"cat":"function","dur":"10","name":"render","ph":"X","pid":"0","tid":"0x1162495c0","ts":"364960536900"},{"cat":"function","dur":"14","name":"render","ph":"X","pid":"0","tid":"0x1162495c0","ts":"364960536918"},{"cat":"function","dur":"244","name":"renderFrame","ph":"X","pid":"0","tid":"0x1162495c0","ts":"364960536877"},{"cat":"function","dur":"12","name":"renderLine","ph":"X","pid":"0","tid":"0x1162495c0","ts":"364960537135"},{"cat":"function","dur":"7","name":"renderLine","ph":"X","pid":"0","tid":"0x1162495c0","ts":"364960537158"},{"cat":"function","dur":"16971","name":"loop","ph":"X","pid":"0","tid":"0x1162495c0","ts":"364960536738"},{"cat":"function","dur":"33","name":"renderCircle","ph":"X","pid":"0","tid":"0x1162495c0","ts":"364960553784"},{"cat":"function","dur":"10","name":"renderQuad","ph":"X","pid":"0","tid":"0x1162495c0","ts":"364960553830"},{"cat":"function","dur":"17","name":"renderLine","ph":"X","pid":"0","tid":"0x1162495c0","ts":"364960553861"},{"cat":"function","dur":"14","name":"render","ph":"X","pid":"0","tid":"0x1162495c0","ts":"364960553889"},{"cat":"function","dur":"9","name":"render","ph":"X","pid":"0","tid":"0x1162495c0","ts":"364960553912"},{"cat":"function","dur":"16","name":"render","ph":"X","pid":"0","tid":"0x1162495c0","ts":"364960553929"},{"cat":"function","dur":"242","name":"renderFrame","ph":"X","pid":"0","tid":"0x1162495c0","ts":"364960553888"},{"cat":"function","dur":"11","name":"renderLine","ph":"X","pid":"0","tid":"0x1162495c0","ts":"364960554143"},{"cat":"function","dur":"7","name":"renderLine","ph":"X","pid":"0","tid":"0x1162495c0","ts":"364960554165"},{"cat":"function","dur":"16841","name":"loop","ph":"X","pid":"0","tid":"0x1162495c0","ts":"364960553761"},{"cat":"function","dur":"23","name":"renderCircle","ph":"X","pid":"0","tid":"0x1162495c0","ts":"364960570650"},{"cat":"function","dur":"10","name":"renderQuad","ph":"X","pid":"0","tid":"0x1162495c0","ts":"364960570686"},{"cat":"function","dur":"15","name":"renderLine","ph":"X","pid":"0","tid":"0x1162495c0","ts":"364960570735"},{"cat":"function","dur":"13","name":"render","ph":"X","pid":"0","tid":"0x1162495c0","ts":"364960570761"},{"cat":"function","dur":"10","name":"render","ph":"X","pid":"0","tid":"0x1162495c0","ts":"364960570782"},{"cat":"function","dur":"14","name":"render","ph":"X","pid":"0","tid":"0x1162495c0","ts":"364960570799"},{"cat":"function","dur":"243","name":"renderFrame","ph":"X","pid":"0","tid":"0x1162495c0","ts":"364960570760"},{"cat":"function","dur":"11","name":"renderLine","ph":"X","pid":"0","tid":"0x1162495c0","ts":"364960571016"},{"cat":"function","dur":"7","name":"renderLine","ph":"X","pid":"0","tid":"0x1162495c0","ts":"364960571036"},{"cat":"function","dur":"16879","name":"loop","ph":"X","pid":"0","tid":"0x1162495c0","ts":"364960570633"},{"cat":"function","dur":"47","name":"renderCircle","ph":"X","pid":"0","tid":"0x1162495c0","ts":"364960587571"},{"cat":"function","dur":"10","name":"renderQuad","ph":"X","pid":"0","tid":"0x1162495c0","ts":"364960587630"},{"cat":"function","dur":"27","name":"renderLine","ph":"X","pid":"0","tid":"0x1162495c0","ts":"364960587657"},{"cat":"function","dur":"34","name":"render","ph":"X","pid":"0","tid":"0x1162495c0","ts":"364960587694"},{"cat":"function","dur":"10","name":"render","ph":"X","pid":"0","tid":"0x1162495c0","ts":"364960587736"},{"cat":"function","dur":"14","name":"render","ph":"X","pid":"0","tid":"0x1162495c0","ts":"364960587753"},{"cat":"function","dur":"249","name":"renderFrame","ph":"X","pid":"0","tid":"0x1162495c0","ts":"364960587693"},{"cat":"function","dur":"12","name":"renderLine","ph":"X","pid":"0","tid":"0x1162495c0","ts":"364960587955"},{"cat":"function","dur":"7","name":"renderLine","ph":"X","pid":"0","tid":"0x1162495c0","ts":"364960587992"},{"cat":"function","dur":"16886","name":"loop","ph":"X","pid":"0","tid":"0x1162495c0","ts":"364960587549"},{"cat":"function","dur":"30","name":"renderCircle","ph":"X","pid":"0","tid":"0x1162495c0","ts":"364960604496"},{"cat":"function","dur":"10","name":"renderQuad","ph":"X","pid":"0","tid":"0x1162495c0","ts":"364960604538"},{"cat":"function","dur":"16","name":"renderLine","ph":"X","pid":"0","tid":"0x1162495c0","ts":"364960604567"},{"cat":"function","dur":"12","name":"render","ph":"X","pid":"0","tid":"0x1162495c0","ts":"364960604593"},{"cat":"function","dur":"8","name":"render","ph":"X","pid":"0","tid":"0x1162495c0","ts":"364960604614"},{"cat":"function","dur":"14","name":"render","ph":"X","pid":"0","tid":"0x1162495c0","ts":"364960604629"},{"cat":"function","dur":"224","name":"renderFrame","ph":"X","pid":"0","tid":"0x1162495c0","ts":"364960604592"},{"cat":"function","dur":"13","name":"renderLine","ph":"X","pid":"0","tid":"0x1162495c0","ts":"364960604831"},{"cat":"function","dur":"7","name":"renderLine","ph":"X","pid":"0","tid":"0x1162495c0","ts":"364960604854"},{"cat":"function","dur":"17812","name":"loop","ph":"X","pid":"0","tid":"0x1162495c0","ts":"364960604474"},{"cat":"function","dur":"31","name":"renderCircle","ph":"X","pid":"0","tid":"0x1162495c0","ts":"364960622348"},{"cat":"function","dur":"20","name":"renderQuad","ph":"X","pid":"0","tid":"0x1162495c0","ts":"364960622393"},{"cat":"function","dur":"17","name":"renderLine","ph":"X","pid":"0","tid":"0x1162495c0","ts":"364960622434"},{"cat":"function","dur":"13","name":"render","ph":"X","pid":"0","tid":"0x1162495c0","ts":"364960622461"},{"cat":"function","dur":"9","name":"render","ph":"X","pid":"0","tid":"0x1162495c0","ts":"364960622482"},{"cat":"function","dur":"13","name":"render","ph":"X","pid":"0","tid":"0x1162495c0","ts":"364960622499"},{"cat":"function","dur":"227","name":"renderFrame","ph":"X","pid":"0","tid":"0x1162495c0","ts":"364960622460"},{"cat":"function","dur":"11","name":"renderLine","ph":"X","pid":"0","tid":"0x1162495c0","ts":"364960622700"},{"cat":"function","dur":"7","name":"renderLine","ph":"X","pid":"0","tid":"0x1162495c0","ts":"364960622722"},{"cat":"function","dur":"17315","name":"loop","ph":"X","pid":"0","tid":"0x1162495c0","ts":"364960622327"},{"cat":"function","dur":"31","name":"renderCircle","ph":"X","pid":"0","tid":"0x1162495c0","ts":"364960639763"},{"cat":"function","dur":"11","name":"renderQuad","ph":"X","pid":"0","tid":"0x1162495c0","ts":"364960639808"},{"cat":"function","dur":"16","name":"renderLine","ph":"X","pid":"0","tid":"0x1162495c0","ts":"364960639839"},{"cat":"function","dur":"14","name":"render","ph":"X","pid":"0","tid":"0x1162495c0","ts":"364960639865"},{"cat":"function","dur":"8","name":"render","ph":"X","pid":"0","tid":"0x1162495c0","ts":"364960639887"},{"cat":"function","dur":"14","name":"render","ph":"X","pid":"0","tid":"0x1162495c0","ts":"364960639903"},{"cat":"function","dur":"227","name":"renderFrame","ph":"X","pid":"0","tid":"0x1162495c0","ts":"364960639865"},{"cat":"function","dur":"12","name":"renderLine","ph":"X","pid":"0","tid":"0x1162495c0","ts":"364960640107"},{"cat":"function","dur":"22","name":"renderLine","ph":"X","pid":"0","tid":"0x1162495c0","ts":"364960640130"},{"cat":"function","dur":"17346","name":"loop","ph":"X","pid":"0","tid":"0x1162495c0","ts":"364960639740"},{"cat":"function","dur":"31","name":"renderCircle","ph":"X","pid":"0","tid":"0x1162495c0","ts":"364960657143"},{"cat":"function","dur":"10","name":"renderQuad","ph":"X","pid":"0","tid":"0x1162495c0","ts":"364960657186"},{"cat":"function","dur":"18","name":"renderLine","ph":"X","pid":"0","tid":"0x1162495c0","ts":"364960657216"},{"cat":"function","dur":"13","name":"render","ph":"X","pid":"0","tid":"0x1162495c0","ts":"364960657244"},{"cat":"function","dur":"9","name":"render","ph":"X","pid":"0","tid":"0x1162495c0","ts":"364960657265"},{"cat":"function","dur":"13","name":"render","ph":"X","pid":"0","tid":"0x1162495c0","ts":"364960657282"},{"cat":"function","dur":"235","name":"renderFrame","ph":"X","pid":"0","tid":"0x1162495c0","ts":"364960657243"},{"cat":"function","dur":"13","name":"renderLine","ph":"X","pid":"0","tid":"0x1162495c0","ts":"364960657493"},{"cat":"function","dur":"7","name":"renderLine","ph":"X","pid":"0","tid":"0x1162495c0","ts":"364960657516"},{"cat":"function","dur":"17389","name":"loop","ph":"X","pid":"0","tid":"0x1162495c0","ts":"364960657122"},{"cat":"function","dur":"31","name":"renderCircle","ph":"X","pid":"0","tid":"0x1162495c0","ts":"364960674578"},{"cat":"function","dur":"10","name":"renderQuad","ph":"X","pid":"0","tid":"0x1162495c0","ts":"364960674621"},{"cat":"function","dur":"16","name":"renderLine","ph":"X","pid":"0","tid":"0x1162495c0","ts":"364960674651"},{"cat":"function","dur":"13","name":"render","ph":"X","pid":"0","tid":"0x1162495c0","ts":"364960674677"},{"cat":"function","dur":"9","name":"render","ph":"X","pid":"0","tid":"0x1162495c0","ts":"364960674698"},{"cat":"function","dur":"14","name":"render","ph":"X","pid":"0","tid":"0x1162495c0","ts":"364960674714"},{"cat":"function","dur":"230","name":"renderFrame","ph":"X","pid":"0","tid":"0x1162495c0","ts":"364960674677"},{"cat":"function","dur":"13","name":"renderLine","ph":"X","pid":"0","tid":"0x1162495c0","ts":"364960674948"},{"cat":"function","dur":"8","name":"renderLine","ph":"X","pid":"0","tid":"0x1162495c0","ts":"364960674973"},{"cat":"function","dur":"17032","name":"loop","ph":"X","pid":"0","tid":"0x1162495c0","ts":"364960674555"},{"cat":"function","dur":"32","name":"renderCircle","ph":"X","pid":"0","tid":"0x1162495c0","ts":"364960691654"},{"cat":"function","dur":"11","name":"renderQuad","ph":"X","pid":"0","tid":"0x1162495c0","ts":"364960691703"},{"cat":"function","dur":"17","name":"renderLine","ph":"X","pid":"0","tid":"0x1162495c0","ts":"364960691735"},{"cat":"function","dur":"14","name":"render","ph":"X","pid":"0","tid":"0x1162495c0","ts":"364960691762"},{"cat":"function","dur":"9","name":"render","ph":"X","pid":"0","tid":"0x1162495c0","ts":"364960691784"},{"cat":"function","dur":"14","name":"render","ph":"X","pid":"0","tid":"0x1162495c0","ts":"364960691801"},{"cat":"function","dur":"230","name":"renderFrame","ph":"X","pid":"0","tid":"0x1162495c0","ts":"364960691762"},{"cat":"function","dur":"11","name":"renderLine","ph":"X","pid":"0","tid":"0x1162495c0","ts":"364960692006"},{"cat":"function","dur":"9","name":"renderLine","ph":"X","pid":"0","tid":"0x1162495c0","ts":"364960692044"},{"cat":"function","dur":"16600","name":"loop","ph":"X","pid":"0","tid":"0x1162495c0","ts":"364960691630"},{"cat":"function","dur":"34","name":"renderCircle","ph":"X","pid":"0","tid":"0x1162495c0","ts":"364960708297"},{"cat":"function","dur":"12","name":"renderQuad","ph":"X","pid":"0","tid":"0x1162495c0","ts":"364960708346"},{"cat":"function","dur":"19","name":"renderLine","ph":"X","pid":"0","tid":"0x1162495c0","ts":"364960708380"},{"cat":"function","dur":"15","name":"render","ph":"X","pid":"0","tid":"0x1162495c0","ts":"364960708410"},{"cat":"function","dur":"10","name":"render","ph":"X","pid":"0","tid":"0x1162495c0","ts":"364960708434"},{"cat":"function","dur":"15","name":"render","ph":"X","pid":"0","tid":"0x1162495c0","ts":"364960708453"},{"cat":"function","dur":"257","name":"renderFrame","ph":"X","pid":"0","tid":"0x1162495c0","ts":"364960708409"},{"cat":"function","dur":"14","name":"renderLine","ph":"X","pid":"0","tid":"0x1162495c0","ts":"364960708682"},{"cat":"function","dur":"9","name":"renderLine","ph":"X","pid":"0","tid":"0x1162495c0","ts":"364960708708"},{"cat":"function","dur":"17064","name":"loop","ph":"X","pid":"0","tid":"0x1162495c0","ts":"364960708273"},{"cat":"function","dur":"31","name":"renderCircle","ph":"X","pid":"0","tid":"0x1162495c0","ts":"364960725393"},{"cat":"function","dur":"11","name":"renderQuad","ph":"X","pid":"0","tid":"0x1162495c0","ts":"364960725436"},{"cat":"function","dur":"16","name":"renderLine","ph":"X","pid":"0","tid":"0x1162495c0","ts":"364960725467"},{"cat":"function","dur":"13","name":"render","ph":"X","pid":"0","tid":"0x1162495c0","ts":"364960725494"},{"cat":"function","dur":"9","name":"render","ph":"X","pid":"0","tid":"0x1162495c0","ts":"364960725515"},{"cat":"function","dur":"14","name":"render","ph":"X","pid":"0","tid":"0x1162495c0","ts":"364960725532"},{"cat":"function","dur":"232","name":"renderFrame","ph":"X","pid":"0","tid":"0x1162495c0","ts":"364960725493"},{"cat":"function","dur":"12","name":"renderLine","ph":"X","pid":"0","tid":"0x1162495c0","ts":"364960725739"},{"cat":"function","dur":"8","name":"renderLine","ph":"X","pid":"0","tid":"0x1162495c0","ts":"364960725761"},{"cat":"function","dur":"17353","name":"loop","ph":"X","pid":"0","tid":"0x1162495c0","ts":"364960725374"},{"cat":"function","dur":"33","name":"renderCircle","ph":"X","pid":"0","tid":"0x1162495c0","ts":"364960742816"},{"cat":"function","dur":"12","name":"renderQuad","ph":"X","pid":"0","tid":"0x1162495c0","ts":"364960742863"},{"cat":"function","dur":"17","name":"renderLine","ph":"X","pid":"0","tid":"0x1162495c0","ts":"364960742897"},{"cat":"function","dur":"14","name":"render","ph":"X","pid":"0","tid":"0x1162495c0","ts":"364960742926"},{"cat":"function","dur":"9","name":"render","ph":"X","pid":"0","tid":"0x1162495c0","ts":"364960742949"},{"cat":"function","dur":"16","name":"render","ph":"X","pid":"0","tid":"0x1162495c0","ts":"364960742967"},{"cat":"function","dur":"269","name":"renderFrame","ph":"X","pid":"0","tid":"0x1162495c0","ts":"364960742925"},{"cat":"function","dur":"19","name":"renderLine","ph":"X","pid":"0","tid":"0x1162495c0","ts":"364960743215"},{"cat":"function","dur":"12","name":"renderLine","ph":"X","pid":"0","tid":"0x1162495c0","ts":"364960743249"},{"cat":"function","dur":"16520","name":"loop","ph":"X","pid":"0","tid":"0x1162495c0","ts":"364960742791"},{"cat":"function","dur":"30","name":"renderCircle","ph":"X","pid":"0","tid":"0x1162495c0","ts":"364960759367"},{"cat":"function","dur":"10","name":"renderQuad","ph":"X","pid":"0","tid":"0x1162495c0","ts":"364960759409"},{"cat":"function","dur":"16","name":"renderLine","ph":"X","pid":"0","tid":"0x1162495c0","ts":"364960759439"},{"cat":"function","dur":"13","name":"render","ph":"X","pid":"0","tid":"0x1162495c0","ts":"364960759465"},{"cat":"function","dur":"9","name":"render","ph":"X","pid":"0","tid":"0x1162495c0","ts":"364960759486"},{"cat":"function","dur":"12","name":"render","ph":"X","pid":"0","tid":"0x1162495c0","ts":"364960759503"},{"cat":"function","dur":"244","name":"renderFrame","ph":"X","pid":"0","tid":"0x1162495c0","ts":"364960759464"},{"cat":"function","dur":"11","name":"renderLine","ph":"X","pid":"0","tid":"0x1162495c0","ts":"364960759721"},{"cat":"function","dur":"7","name":"renderLine","ph":"X","pid":"0","tid":"0x1162495c0","ts":"364960759742"},{"cat":"function","dur":"16763","name":"loop","ph":"X","pid":"0","tid":"0x1162495c0","ts":"364960759349"},{"cat":"function","dur":"33","name":"renderCircle","ph":"X","pid":"0","tid":"0x1162495c0","ts":"364960776204"},{"cat":"function","dur":"11","name":"renderQuad","ph":"X","pid":"0","tid":"0x1162495c0","ts":"364960776251"},{"cat":"function","dur":"18","name":"renderLine","ph":"X","pid":"0","tid":"0x1162495c0","ts":"364960776284"},{"cat":"function","dur":"14","name":"render","ph":"X","pid":"0","tid":"0x1162495c0","ts":"364960776314"},{"cat":"function","dur":"9","name":"render","ph":"X","pid":"0","tid":"0x1162495c0","ts":"364960776337"},{"cat":"function","dur":"16","name":"render","ph":"X","pid":"0","tid":"0x1162495c0","ts":"364960776367"},{"cat":"function","dur":"323","name":"renderFrame","ph":"X","pid":"0","tid":"0x1162495c0","ts":"364960776313"},{"cat":"function","dur":"31","name":"renderLine","ph":"X","pid":"0","tid":"0x1162495c0","ts":"364960776675"},{"cat":"function","dur":"11","name":"renderLine","ph":"X","pid":"0","tid":"0x1162495c0","ts":"364960776725"},{"cat":"function","dur":"16878","name":"loop","ph":"X","pid":"0","tid":"0x1162495c0","ts":"364960776180"},{"cat":"function","dur":"31","name":"renderCircle","ph":"X","pid":"0","tid":"0x1162495c0","ts":"364960793118"},{"cat":"function","dur":"11","name":"renderQuad","ph":"X","pid":"0","tid":"0x1162495c0","ts":"364960793161"},{"cat":"function","dur":"17","name":"renderLine","ph":"X","pid":"0","tid":"0x1162495c0","ts":"364960793191"},{"cat":"function","dur":"13","name":"render","ph":"X","pid":"0","tid":"0x1162495c0","ts":"364960793217"},{"cat":"function","dur":"9","name":"render","ph":"X","pid":"0","tid":"0x1162495c0","ts":"364960793238"},{"cat":"function","dur":"13","name":"render","ph":"X","pid":"0","tid":"0x1162495c0","ts":"364960793255"},{"cat":"function","dur":"225","name":"renderFrame","ph":"X","pid":"0","tid":"0x1162495c0","ts":"364960793217"},{"cat":"function","dur":"11","name":"renderLine","ph":"X","pid":"0","tid":"0x1162495c0","ts":"364960793454"},{"cat":"function","dur":"7","name":"renderLine","ph":"X","pid":"0","tid":"0x1162495c0","ts":"364960793475"},{"cat":"function","dur":"16354","name":"loop","ph":"X","pid":"0","tid":"0x1162495c0","ts":"364960793097"},{"cat":"function","dur":"32","name":"renderCircle","ph":"X","pid":"0","tid":"0x1162495c0","ts":"364960809520"},{"cat":"function","dur":"11","name":"renderQuad","ph":"X","pid":"0","tid":"0x1162495c0","ts":"364960809566"},{"cat":"function","dur":"18","name":"renderLine","ph":"X","pid":"0","tid":"0x1162495c0","ts":"364960809599"},{"cat":"function","dur":"14","name":"render","ph":"X","pid":"0","tid":"0x1162495c0","ts":"364960809629"},{"cat":"function","dur":"9","name":"render","ph":"X","pid":"0","tid":"0x1162495c0","ts":"364960809667"},{"cat":"function","dur":"16","name":"render","ph":"X","pid":"0","tid":"0x1162495c0","ts":"364960809698"},{"cat":"function","dur":"331","name":"renderFrame","ph":"X","pid":"0","tid":"0x1162495c0","ts":"364960809628"},{"cat":"function","dur":"30","name":"renderLine","ph":"X","pid":"0","tid":"0x1162495c0","ts":"364960809996"},{"cat":"function","dur":"11","name":"renderLine","ph":"X","pid":"0","tid":"0x1162495c0","ts":"364960810045"},{"cat":"function","dur":"16969","name":"loop","ph":"X","pid":"0","tid":"0x1162495c0","ts":"364960809495"},{"cat":"function","dur":"31","name":"renderCircle","ph":"X","pid":"0","tid":"0x1162495c0","ts":"364960826519"},{"cat":"function","dur":"11","name":"renderQuad","ph":"X","pid":"0","tid":"0x1162495c0","ts":"364960826562"},{"cat":"function","dur":"16","name":"renderLine","ph":"X","pid":"0","tid":"0x1162495c0","ts":"364960826592"},{"cat":"function","dur":"13","name":"render","ph":"X","pid":"0","tid":"0x1162495c0","ts":"364960826619"},{"cat":"function","dur":"10","name":"render","ph":"X","pid":"0","tid":"0x1162495c0","ts":"364960826659"},{"cat":"function","dur":"13","name":"render","ph":"X","pid":"0","tid":"0x1162495c0","ts":"364960826678"},{"cat":"function","dur":"252","name":"renderFrame","ph":"X","pid":"0","tid":"0x1162495c0","ts":"364960826618"},{"cat":"function","dur":"11","name":"renderLine","ph":"X","pid":"0","tid":"0x1162495c0","ts":"364960826883"},{"cat":"function","dur":"8","name":"renderLine","ph":"X","pid":"0","tid":"0x1162495c0","ts":"364960826904"},{"cat":"function","dur":"17074","name":"loop","ph":"X","pid":"0","tid":"0x1162495c0","ts":"364960826500"},{"cat":"function","dur":"105","name":"renderCircle","ph":"X","pid":"0","tid":"0x1162495c0","ts":"364960843695"},{"cat":"function","dur":"41","name":"renderQuad","ph":"X","pid":"0","tid":"0x1162495c0","ts":"364960843861"},{"cat":"function","dur":"19","name":"renderLine","ph":"X","pid":"0","tid":"0x1162495c0","ts":"364960843932"},{"cat":"function","dur":"39","name":"render","ph":"X","pid":"0","tid":"0x1162495c0","ts":"364960843961"},{"cat":"function","dur":"10","name":"render","ph":"X","pid":"0","tid":"0x1162495c0","ts":"364960844009"},{"cat":"function","dur":"41","name":"render","ph":"X","pid":"0","tid":"0x1162495c0","ts":"364960844028"},{"cat":"function","dur":"308","name":"renderFrame","ph":"X","pid":"0","tid":"0x1162495c0","ts":"364960843960"},{"cat":"function","dur":"18","name":"renderLine","ph":"X","pid":"0","tid":"0x1162495c0","ts":"364960844291"},{"cat":"function","dur":"8","name":"renderLine","ph":"X","pid":"0","tid":"0x1162495c0","ts":"364960844323"},{"cat":"function","dur":"17693","name":"loop","ph":"X","pid":"0","tid":"0x1162495c0","ts":"364960843653"},{"cat":"function","dur":"31","name":"renderCircle","ph":"X","pid":"0","tid":"0x1162495c0","ts":"364960861402"},{"cat":"function","dur":"11","name":"renderQuad","ph":"X","pid":"0","tid":"0x1162495c0","ts":"364960861445"},{"cat":"function","dur":"17","name":"renderLine","ph":"X","pid":"0","tid":"0x1162495c0","ts":"364960861476"},{"cat":"function","dur":"14","name":"render","ph":"X","pid":"0","tid":"0x1162495c0","ts":"364960861503"},{"cat":"function","dur":"9","name":"render","ph":"X","pid":"0","tid":"0x1162495c0","ts":"364960861525"},{"cat":"function","dur":"14","name":"render","ph":"X","pid":"0","tid":"0x1162495c0","ts":"364960861542"},{"cat":"function","dur":"231","name":"renderFrame","ph":"X","pid":"0","tid":"0x1162495c0","ts":"364960861503"},{"cat":"function","dur":"11","name":"renderLine","ph":"X","pid":"0","tid":"0x1162495c0","ts":"364960861749"},{"cat":"function","dur":"7","name":"renderLine","ph":"X","pid":"0","tid":"0x1162495c0","ts":"364960861770"},{"cat":"function","dur":"17746","name":"loop","ph":"X","pid":"0","tid":"0x1162495c0","ts":"364960861381"},{"cat":"function","dur":"71","name":"renderCircle","ph":"X","pid":"0","tid":"0x1162495c0","ts":"364960879282"},{"cat":"function","dur":"20","name":"renderQuad","ph":"X","pid":"0","tid":"0x1162495c0","ts":"364960879376"},{"cat":"function","dur":"36","name":"renderLine","ph":"X","pid":"0","tid":"0x1162495c0","ts":"364960879433"},{"cat":"function","dur":"26","name":"render","ph":"X","pid":"0","tid":"0x1162495c0","ts":"364960879487"},{"cat":"function","dur":"17","name":"render","ph":"X","pid":"0","tid":"0x1162495c0","ts":"364960879527"},{"cat":"function","dur":"27","name":"render","ph":"X","pid":"0","tid":"0x1162495c0","ts":"364960879557"},{"cat":"function","dur":"366","name":"renderFrame","ph":"X","pid":"0","tid":"0x1162495c0","ts":"364960879485"},{"cat":"function","dur":"15","name":"renderLine","ph":"X","pid":"0","tid":"0x1162495c0","ts":"364960879869"},{"cat":"function","dur":"9","name":"renderLine","ph":"X","pid":"0","tid":"0x1162495c0","ts":"364960879899"},{"cat":"function","dur":"16179","name":"loop","ph":"X","pid":"0","tid":"0x1162495c0","ts":"364960879229"},{"cat":"function","dur":"50","name":"renderCircle","ph":"X","pid":"0","tid":"0x1162495c0","ts":"364960895470"},{"cat":"function","dur":"14","name":"renderQuad","ph":"X","pid":"0","tid":"0x1162495c0","ts":"364960895550"},{"cat":"function","dur":"19","name":"renderLine","ph":"X","pid":"0","tid":"0x1162495c0","ts":"364960895612"},{"cat":"function","dur":"14","name":"render","ph":"X","pid":"0","tid":"0x1162495c0","ts":"364960895647"},{"cat":"function","dur":"10","name":"render","ph":"X","pid":"0","tid":"0x1162495c0","ts":"364960895672"},{"cat":"function","dur":"15","name":"render","ph":"X","pid":"0","tid":"0x1162495c0","ts":"364960895690"},{"cat":"function","dur":"242","name":"renderFrame","ph":"X","pid":"0","tid":"0x1162495c0","ts":"364960895646"},{"cat":"function","dur":"12","name":"renderLine","ph":"X","pid":"0","tid":"0x1162495c0","ts":"364960895905"},{"cat":"function","dur":"8","name":"renderLine","ph":"X","pid":"0","tid":"0x1162495c0","ts":"364960895928"},{"cat":"function","dur":"16125","name":"loop","ph":"X","pid":"0","tid":"0x1162495c0","ts":"364960895449"},{"cat":"function","dur":"52","name":"renderCircle","ph":"X","pid":"0","tid":"0x1162495c0","ts":"364960911748"},{"cat":"function","dur":"16","name":"renderQuad","ph":"X","pid":"0","tid":"0x1162495c0","ts":"364960911834"},{"cat":"function","dur":"22","name":"renderLine","ph":"X","pid":"0","tid":"0x1162495c0","ts":"364960911916"},{"cat":"function","dur":"18","name":"render","ph":"X","pid":"0","tid":"0x1162495c0","ts":"364960911949"},{"cat":"function","dur":"11","name":"render","ph":"X","pid":"0","tid":"0x1162495c0","ts":"364960911976"},{"cat":"function","dur":"19","name":"render","ph":"X","pid":"0","tid":"0x1162495c0","ts":"364960911995"},{"cat":"function","dur":"264","name":"renderFrame","ph":"X","pid":"0","tid":"0x1162495c0","ts":"364960911948"},{"cat":"function","dur":"13","name":"renderLine","ph":"X","pid":"0","tid":"0x1162495c0","ts":"364960912227"},{"cat":"function","dur":"9","name":"renderLine","ph":"X","pid":"0","tid":"0x1162495c0","ts":"364960912251"},{"cat":"function","dur":"17174","name":"loop","ph":"X","pid":"0","tid":"0x1162495c0","ts":"364960911711"},{"cat":"function","dur":"44","name":"renderCircle","ph":"X","pid":"0","tid":"0x1162495c0","ts":"364960928957"},{"cat":"function","dur":"10","name":"renderQuad","ph":"X","pid":"0","tid":"0x1162495c0","ts":"364960929019"},{"cat":"function","dur":"46","name":"renderLine","ph":"X","pid":"0","tid":"0x1162495c0","ts":"364960929059"},{"cat":"function","dur":"14","name":"render","ph":"X","pid":"0","tid":"0x1162495c0","ts":"364960929117"},{"cat":"function","dur":"9","name":"render","ph":"X","pid":"0","tid":"0x1162495c0","ts":"364960929139"},{"cat":"function","dur":"13","name":"render","ph":"X","pid":"0","tid":"0x1162495c0","ts":"364960929156"},{"cat":"function","dur":"238","name":"renderFrame","ph":"X","pid":"0","tid":"0x1162495c0","ts":"364960929116"},{"cat":"function","dur":"12","name":"renderLine","ph":"X","pid":"0","tid":"0x1162495c0","ts":"364960929368"},{"cat":"function","dur":"8","name":"renderLine","ph":"X","pid":"0","tid":"0x1162495c0","ts":"364960929390"},{"cat":"function","dur":"17714","name":"loop","ph":"X","pid":"0","tid":"0x1162495c0","ts":"364960928924"},{"cat":"function","dur":"68","name":"renderCircle","ph":"X","pid":"0","tid":"0x1162495c0","ts":"364960946781"},{"cat":"function","dur":"19","name":"renderQuad","ph":"X","pid":"0","tid":"0x1162495c0","ts":"364960946866"},{"cat":"function","dur":"42","name":"renderLine","ph":"X","pid":"0","tid":"0x1162495c0","ts":"364960946914"},{"cat":"function","dur":"20","name":"render","ph":"X","pid":"0","tid":"0x1162495c0","ts":"364960946968"},{"cat":"function","dur":"11","name":"render","ph":"X","pid":"0","tid":"0x1162495c0","ts":"364960946998"},{"cat":"function","dur":"18","name":"render","ph":"X","pid":"0","tid":"0x1162495c0","ts":"364960947017"},{"cat":"function","dur":"270","name":"renderFrame","ph":"X","pid":"0","tid":"0x1162495c0","ts":"364960946967"},{"cat":"function","dur":"13","name":"renderLine","ph":"X","pid":"0","tid":"0x1162495c0","ts":"364960947253"},{"cat":"function","dur":"8","name":"renderLine","ph":"X","pid":"0","tid":"0x1162495c0","ts":"364960947278"},{"cat":"function","dur":"16778","name":"loop","ph":"X","pid":"0","tid":"0x1162495c0","ts":"364960946739"},{"cat":"function","dur":"30","name":"renderCircle","ph":"X","pid":"0","tid":"0x1162495c0","ts":"364960963588"},{"cat":"function","dur":"10","name":"renderQuad","ph":"X","pid":"0","tid":"0x1162495c0","ts":"364960963630"},{"cat":"function","dur":"17","name":"renderLine","ph":"X","pid":"0","tid":"0x1162495c0","ts":"364960963658"},{"cat":"function","dur":"12","name":"render","ph":"X","pid":"0","tid":"0x1162495c0","ts":"364960963685"},{"cat":"function","dur":"8","name":"render","ph":"X","pid":"0","tid":"0x1162495c0","ts":"364960963705"},{"cat":"function","dur":"12","name":"render","ph":"X","pid":"0","tid":"0x1162495c0","ts":"364960963720"},{"cat":"function","dur":"217","name":"renderFrame","ph":"X","pid":"0","tid":"0x1162495c0","ts":"364960963683"},{"cat":"function","dur":"10","name":"renderLine","ph":"X","pid":"0","tid":"0x1162495c0","ts":"364960963913"},{"cat":"function","dur":"7","name":"renderLine","ph":"X","pid":"0","tid":"0x1162495c0","ts":"364960963932"},{"cat":"function","dur":"17981","name":"loop","ph":"X","pid":"0","tid":"0x1162495c0","ts":"364960963569"},{"cat":"function","dur":"55","name":"renderCircle","ph":"X","pid":"0","tid":"0x1162495c0","ts":"364960981655"},{"cat":"function","dur":"15","name":"renderQuad","ph":"X","pid":"0","tid":"0x1162495c0","ts":"364960981724"},{"cat":"function","dur":"26","name":"renderLine","ph":"X","pid":"0","tid":"0x1162495c0","ts":"364960981763"},{"cat":"function","dur":"20","name":"render","ph":"X","pid":"0","tid":"0x1162495c0","ts":"364960981800"},{"cat":"function","dur":"11","name":"render","ph":"X","pid":"0","tid":"0x1162495c0","ts":"364960981830"},{"cat":"function","dur":"16","name":"render","ph":"X","pid":"0","tid":"0x1162495c0","ts":"364960981849"},{"cat":"function","dur":"261","name":"renderFrame","ph":"X","pid":"0","tid":"0x1162495c0","ts":"364960981799"},{"cat":"function","dur":"12","name":"renderLine","ph":"X","pid":"0","tid":"0x1162495c0","ts":"364960982075"},{"cat":"function","dur":"8","name":"renderLine","ph":"X","pid":"0","tid":"0x1162495c0","ts":"364960982099"},{"cat":"function","dur":"17243","name":"loop","ph":"X","pid":"0","tid":"0x1162495c0","ts":"364960981618"},{"cat":"function","dur":"30","name":"renderCircle","ph":"X","pid":"0","tid":"0x1162495c0","ts":"364960998918"},{"cat":"function","dur":"10","name":"renderQuad","ph":"X","pid":"0","tid":"0x1162495c0","ts":"364960998960"},{"cat":"function","dur":"30","name":"renderLine","ph":"X","pid":"0","tid":"0x1162495c0","ts":"364960998990"},{"cat":"function","dur":"13","name":"render","ph":"X","pid":"0","tid":"0x1162495c0","ts":"364960999030"},{"cat":"function","dur":"9","name":"render","ph":"X","pid":"0","tid":"0x1162495c0","ts":"364960999050"},{"cat":"function","dur":"13","name":"render","ph":"X","pid":"0","tid":"0x1162495c0","ts":"364960999066"},{"cat":"function","dur":"218","name":"renderFrame","ph":"X","pid":"0","tid":"0x1162495c0","ts":"364960999029"},{"cat":"function","dur":"11","name":"renderLine","ph":"X","pid":"0","tid":"0x1162495c0","ts":"364960999259"},{"cat":"function","dur":"7","name":"renderLine","ph":"X","pid":"0","tid":"0x1162495c0","ts":"364960999279"},{"cat":"function","dur":"17906","name":"loop","ph":"X","pid":"0","tid":"0x1162495c0","ts":"364960998897"},{"cat":"function","dur":"37","name":"renderCircle","ph":"X","pid":"0","tid":"0x1162495c0","ts":"364961016868"},{"cat":"function","dur":"11","name":"renderQuad","ph":"X","pid":"0","tid":"0x1162495c0","ts":"364961016918"},{"cat":"function","dur":"19","name":"renderLine","ph":"X","pid":"0","tid":"0x1162495c0","ts":"364961016950"},{"cat":"function","dur":"13","name":"render","ph":"X","pid":"0","tid":"0x1162495c0","ts":"364961016980"},{"cat":"function","dur":"9","name":"render","ph":"X","pid":"0","tid":"0x1162495c0","ts":"364961017002"},{"cat":"function","dur":"15","name":"render","ph":"X","pid":"0","tid":"0x1162495c0","ts":"364961017020"},{"cat":"function","dur":"243","name":"renderFrame","ph":"X","pid":"0","tid":"0x1162495c0","ts":"364961016979"},{"cat":"function","dur":"12","name":"renderLine","ph":"X","pid":"0","tid":"0x1162495c0","ts":"364961017236"},{"cat":"function","dur":"8","name":"renderLine","ph":"X","pid":"0","tid":"0x1162495c0","ts":"364961017280"},{"cat":"function","dur":"16443","name":"loop","ph":"X","pid":"0","tid":"0x1162495c0","ts":"364961016844"},{"cat":"function","dur":"27","name":"renderCircle","ph":"X","pid":"0","tid":"0x1162495c0","ts":"364961033337"},{"cat":"function","dur":"9","name":"renderQuad","ph":"X","pid":"0","tid":"0x1162495c0","ts":"364961033376"},{"cat":"function","dur":"16","name":"renderLine","ph":"X","pid":"0","tid":"0x1162495c0","ts":"364961033404"},{"cat":"function","dur":"15","name":"render","ph":"X","pid":"0","tid":"0x1162495c0","ts":"364961033429"},{"cat":"function","dur":"11","name":"render","ph":"X","pid":"0","tid":"0x1162495c0","ts":"364961033456"},{"cat":"function","dur":"13","name":"render","ph":"X","pid":"0","tid":"0x1162495c0","ts":"364961033475"},{"cat":"function","dur":"226","name":"renderFrame","ph":"X","pid":"0","tid":"0x1162495c0","ts":"364961033429"},{"cat":"function","dur":"11","name":"renderLine","ph":"X","pid":"0","tid":"0x1162495c0","ts":"364961033668"},{"cat":"function","dur":"12","name":"renderLine","ph":"X","pid":"0","tid":"0x1162495c0","ts":"364961033689"},{"cat":"function","dur":"17909","name":"loop","ph":"X","pid":"0","tid":"0x1162495c0","ts":"364961033320"},{"cat":"function","dur":"39","name":"renderCircle","ph":"X","pid":"0","tid":"0x1162495c0","ts":"364961051293"},{"cat":"function","dur":"11","name":"renderQuad","ph":"X","pid":"0","tid":"0x1162495c0","ts":"364961051344"},{"cat":"function","dur":"17","name":"renderLine","ph":"X","pid":"0","tid":"0x1162495c0","ts":"364961051373"},{"cat":"function","dur":"13","name":"render","ph":"X","pid":"0","tid":"0x1162495c0","ts":"364961051400"},{"cat":"function","dur":"8","name":"render","ph":"X","pid":"0","tid":"0x1162495c0","ts":"364961051421"},{"cat":"function","dur":"13","name":"render","ph":"X","pid":"0","tid":"0x1162495c0","ts":"364961051437"},{"cat":"function","dur":"221","name":"renderFrame","ph":"X","pid":"0","tid":"0x1162495c0","ts":"364961051399"},{"cat":"function","dur":"11","name":"renderLine","ph":"X","pid":"0","tid":"0x1162495c0","ts":"364961051632"},{"cat":"function","dur":"7","name":"renderLine","ph":"X","pid":"0","tid":"0x1162495c0","ts":"364961051653"},{"cat":"function","dur":"18160","name":"loop","ph":"X","pid":"0","tid":"0x1162495c0","ts":"364961051270"},{"cat":"function","dur":"30","name":"renderCircle","ph":"X","pid":"0","tid":"0x1162495c0","ts":"364961069521"},{"cat":"function","dur":"9","name":"renderQuad","ph":"X","pid":"0","tid":"0x1162495c0","ts":"364961069563"},{"cat":"function","dur":"16","name":"renderLine","ph":"X","pid":"0","tid":"0x1162495c0","ts":"364961069593"},{"cat":"function","dur":"13","name":"render","ph":"X","pid":"0","tid":"0x1162495c0","ts":"364961069620"},{"cat":"function","dur":"9","name":"render","ph":"X","pid":"0","tid":"0x1162495c0","ts":"364961069641"},{"cat":"function","dur":"15","name":"render","ph":"X","pid":"0","tid":"0x1162495c0","ts":"364961069657"},{"cat":"function","dur":"230","name":"renderFrame","ph":"X","pid":"0","tid":"0x1162495c0","ts":"364961069619"},{"cat":"function","dur":"12","name":"renderLine","ph":"X","pid":"0","tid":"0x1162495c0","ts":"364961069865"},{"cat":"function","dur":"7","name":"renderLine","ph":"X","pid":"0","tid":"0x1162495c0","ts":"364961069888"},{"cat":"function","dur":"17084","name":"loop","ph":"X","pid":"0","tid":"0x1162495c0","ts":"364961069498"},{"cat":"function","dur":"35","name":"renderCircle","ph":"X","pid":"0","tid":"0x1162495c0","ts":"364961086643"},{"cat":"function","dur":"11","name":"renderQuad","ph":"X","pid":"0","tid":"0x1162495c0","ts":"364961086690"},{"cat":"function","dur":"17","name":"renderLine","ph":"X","pid":"0","tid":"0x1162495c0","ts":"364961086720"},{"cat":"function","dur":"25","name":"render","ph":"X","pid":"0","tid":"0x1162495c0","ts":"364961086748"},{"cat":"function","dur":"13","name":"render","ph":"X","pid":"0","tid":"0x1162495c0","ts":"364961086782"},{"cat":"function","dur":"15","name":"render","ph":"X","pid":"0","tid":"0x1162495c0","ts":"364961086807"},{"cat":"function","dur":"273","name":"renderFrame","ph":"X","pid":"0","tid":"0x1162495c0","ts":"364961086747"},{"cat":"function","dur":"12","name":"renderLine","ph":"X","pid":"0","tid":"0x1162495c0","ts":"364961087033"},{"cat":"function","dur":"7","name":"renderLine","ph":"X","pid":"0","tid":"0x1162495c0","ts":"364961087055"},{"cat":"function","dur":"17457","name":"loop","ph":"X","pid":"0","tid":"0x1162495c0","ts":"364961086621"},{"cat":"function","dur":"36","name":"renderCircle","ph":"X","pid":"0","tid":"0x1162495c0","ts":"364961104179"},{"cat":"function","dur":"12","name":"renderQuad","ph":"X","pid":"0","tid":"0x1162495c0","ts":"364961104233"},{"cat":"function","dur":"20","name":"renderLine","ph":"X","pid":"0","tid":"0x1162495c0","ts":"364961104268"},{"cat":"function","dur":"14","name":"render","ph":"X","pid":"0","tid":"0x1162495c0","ts":"364961104302"},{"cat":"function","dur":"9","name":"render","ph":"X","pid":"0","tid":"0x1162495c0","ts":"364961104326"},{"cat":"function","dur":"15","name":"render","ph":"X","pid":"0","tid":"0x1162495c0","ts":"364961104345"},{"cat":"function","dur":"255","name":"renderFrame","ph":"X","pid":"0","tid":"0x1162495c0","ts":"364961104301"},{"cat":"function","dur":"17","name":"renderLine","ph":"X","pid":"0","tid":"0x1162495c0","ts":"364961104575"},{"cat":"function","dur":"8","name":"renderLine","ph":"X","pid":"0","tid":"0x1162495c0","ts":"364961104602"},{"cat":"function","dur":"16737","name":"loop","ph":"X","pid":"0","tid":"0x1162495c0","ts":"364961104153"},{"cat":"function","dur":"36","name":"renderCircle","ph":"X","pid":"0","tid":"0x1162495c0","ts":"364961120952"},{"cat":"function","dur":"11","name":"renderQuad","ph":"X","pid":"0","tid":"0x1162495c0","ts":"364961121001"},{"cat":"function","dur":"19","name":"renderLine","ph":"X","pid":"0","tid":"0x1162495c0","ts":"364961121033"},{"cat":"function","dur":"12","name":"render","ph":"X","pid":"0","tid":"0x1162495c0","ts":"364961121075"},{"cat":"function","dur":"8","name":"render","ph":"X","pid":"0","tid":"0x1162495c0","ts":"364961121093"},{"cat":"function","dur":"12","name":"render","ph":"X","pid":"0","tid":"0x1162495c0","ts":"364961121107"},{"cat":"function","dur":"244","name":"renderFrame","ph":"X","pid":"0","tid":"0x1162495c0","ts":"364961121074"},{"cat":"function","dur":"11","name":"renderLine","ph":"X","pid":"0","tid":"0x1162495c0","ts":"364961121332"},{"cat":"function","dur":"8","name":"renderLine","ph":"X","pid":"0","tid":"0x1162495c0","ts":"364961121354"},{"cat":"function","dur":"17799","name":"loop","ph":"X","pid":"0","tid":"0x1162495c0","ts":"364961120930"},{"cat":"function","dur":"31","name":"renderCircle","ph":"X","pid":"0","tid":"0x1162495c0","ts":"364961138791"},{"cat":"function","dur":"10","name":"renderQuad","ph":"X","pid":"0","tid":"0x1162495c0","ts":"364961138836"},{"cat":"function","dur":"16","name":"renderLine","ph":"X","pid":"0","tid":"0x1162495c0","ts":"364961138866"},{"cat":"function","dur":"13","name":"render","ph":"X","pid":"0","tid":"0x1162495c0","ts":"364961138893"},{"cat":"function","dur":"10","name":"render","ph":"X","pid":"0","tid":"0x1162495c0","ts":"364961138914"},{"cat":"function","dur":"16","name":"render","ph":"X","pid":"0","tid":"0x1162495c0","ts":"364961138931"},{"cat":"function","dur":"290","name":"renderFrame","ph":"X","pid":"0","tid":"0x1162495c0","ts":"364961138892"},{"cat":"function","dur":"20","name":"renderLine","ph":"X","pid":"0","tid":"0x1162495c0","ts":"364961139209"},{"cat":"function","dur":"8","name":"renderLine","ph":"X","pid":"0","tid":"0x1162495c0","ts":"364961139241"},{"cat":"function","dur":"16220","name":"loop","ph":"X","pid":"0","tid":"0x1162495c0","ts":"364961138768"},{"cat":"function","dur":"33","name":"renderCircle","ph":"X","pid":"0","tid":"0x1162495c0","ts":"364961155049"},{"cat":"function","dur":"10","name":"renderQuad","ph":"X","pid":"0","tid":"0x1162495c0","ts":"364961155095"},{"cat":"function","dur":"18","name":"renderLine","ph":"X","pid":"0","tid":"0x1162495c0","ts":"364961155125"},{"cat":"function","dur":"14","name":"render","ph":"X","pid":"0","tid":"0x1162495c0","ts":"364961155153"},{"cat":"function","dur":"10","name":"render","ph":"X","pid":"0","tid":"0x1162495c0","ts":"364961155194"},{"cat":"function","dur":"15","name":"render","ph":"X","pid":"0","tid":"0x1162495c0","ts":"364961155213"},{"cat":"function","dur":"261","name":"renderFrame","ph":"X","pid":"0","tid":"0x1162495c0","ts":"364961155152"},{"cat":"function","dur":"12","name":"renderLine","ph":"X","pid":"0","tid":"0x1162495c0","ts":"364961155427"},{"cat":"function","dur":"7","name":"renderLine","ph":"X","pid":"0","tid":"0x1162495c0","ts":"364961155450"},{"cat":"function","dur":"16997","name":"loop","ph":"X","pid":"0","tid":"0x1162495c0","ts":"364961155028"},{"cat":"function","dur":"32","name":"renderCircle","ph":"X","pid":"0","tid":"0x1162495c0","ts":"364961172083"},{"cat":"function","dur":"11","name":"renderQuad","ph":"X","pid":"0","tid":"0x1162495c0","ts":"364961172129"},{"cat":"function","dur":"17","name":"renderLine","ph":"X","pid":"0","tid":"0x1162495c0","ts":"364961172160"},{"cat":"function","dur":"15","name":"render","ph":"X","pid":"0","tid":"0x1162495c0","ts":"364961172187"},{"cat":"function","dur":"9","name":"render","ph":"X","pid":"0","tid":"0x1162495c0","ts":"364961172210"},{"cat":"function","dur":"15","name":"render","ph":"X","pid":"0","tid":"0x1162495c0","ts":"364961172227"},{"cat":"function","dur":"241","name":"renderFrame","ph":"X","pid":"0","tid":"0x1162495c0","ts":"364961172187"},{"cat":"function","dur":"14","name":"renderLine","ph":"X","pid":"0","tid":"0x1162495c0","ts":"364961172446"},{"cat":"function","dur":"8","name":"renderLine","ph":"X","pid":"0","tid":"0x1162495c0","ts":"364961172471"},{"cat":"function","dur":"17776","name":"loop","ph":"X","pid":"0","tid":"0x1162495c0","ts":"364961172061"},{"cat":"function","dur":"30","name":"renderCircle","ph":"X","pid":"0","tid":"0x1162495c0","ts":"364961189898"},{"cat":"function","dur":"10","name":"renderQuad","ph":"X","pid":"0","tid":"0x1162495c0","ts":"364961189941"},{"cat":"function","dur":"16","name":"renderLine","ph":"X","pid":"0","tid":"0x1162495c0","ts":"364961189970"},{"cat":"function","dur":"12","name":"render","ph":"X","pid":"0","tid":"0x1162495c0","ts":"364961189997"},{"cat":"function","dur":"10","name":"render","ph":"X","pid":"0","tid":"0x1162495c0","ts":"364961190020"},{"cat":"function","dur":"14","name":"render","ph":"X","pid":"0","tid":"0x1162495c0","ts":"364961190037"},{"cat":"function","dur":"229","name":"renderFrame","ph":"X","pid":"0","tid":"0x1162495c0","ts":"364961189996"},{"cat":"function","dur":"11","name":"renderLine","ph":"X","pid":"0","tid":"0x1162495c0","ts":"364961190238"},{"cat":"function","dur":"7","name":"renderLine","ph":"X","pid":"0","tid":"0x1162495c0","ts":"364961190259"},{"cat":"function","dur":"55545","name":"loop","ph":"X","pid":"0","tid":"0x1162495c0","ts":"364961189875"},{"cat":"function","dur":"26","name":"renderCircle","ph":"X","pid":"0","tid":"0x1162495c0","ts":"364961245471"},{"cat":"function","dur":"11","name":"renderQuad","ph":"X","pid":"0","tid":"0x1162495c0","ts":"364961245509"},{"cat":"function","dur":"16","name":"renderLine","ph":"X","pid":"0","tid":"0x1162495c0","ts":"364961245538"},{"cat":"function","dur":"12","name":"render","ph":"X","pid":"0","tid":"0x1162495c0","ts":"364961245564"},{"cat":"function","dur":"9","name":"render","ph":"X","pid":"0","tid":"0x1162495c0","ts":"364961245584"},{"cat":"function","dur":"13","name":"render","ph":"X","pid":"0","tid":"0x1162495c0","ts":"364961245601"},{"cat":"function","dur":"232","name":"renderFrame","ph":"X","pid":"0","tid":"0x1162495c0","ts":"364961245563"},{"cat":"function","dur":"12","name":"renderLine","ph":"X","pid":"0","tid":"0x1162495c0","ts":"364961245808"},{"cat":"function","dur":"7","name":"renderLine","ph":"X","pid":"0","tid":"0x1162495c0","ts":"364961245831"},{"cat":"function","dur":"17028","name":"loop","ph":"X","pid":"0","tid":"0x1162495c0","ts":"364961245456"},{"cat":"function","dur":"31","name":"renderCircle","ph":"X","pid":"0","tid":"0x1162495c0","ts":"364961262540"},{"cat":"function","dur":"11","name":"renderQuad","ph":"X","pid":"0","tid":"0x1162495c0","ts":"364961262583"},{"cat":"function","dur":"17","name":"renderLine","ph":"X","pid":"0","tid":"0x1162495c0","ts":"364961262632"},{"cat":"function","dur":"14","name":"render","ph":"X","pid":"0","tid":"0x1162495c0","ts":"364961262659"},{"cat":"function","dur":"9","name":"render","ph":"X","pid":"0","tid":"0x1162495c0","ts":"364961262681"},{"cat":"function","dur":"13","name":"render","ph":"X","pid":"0","tid":"0x1162495c0","ts":"364961262698"},{"cat":"function","dur":"268","name":"renderFrame","ph":"X","pid":"0","tid":"0x1162495c0","ts":"364961262659"},{"cat":"function","dur":"18","name":"renderLine","ph":"X","pid":"0","tid":"0x1162495c0","ts":"364961262951"},{"cat":"function","dur":"9","name":"renderLine","ph":"X","pid":"0","tid":"0x1162495c0","ts":"364961262983"},{"cat":"function","dur":"16891","name":"loop","ph":"X","pid":"0","tid":"0x1162495c0","ts":"364961262520"},{"cat":"function","dur":"30","name":"renderCircle","ph":"X","pid":"0","tid":"0x1162495c0","ts":"364961279469"},{"cat":"function","dur":"10","name":"renderQuad","ph":"X","pid":"0","tid":"0x1162495c0","ts":"364961279511"},{"cat":"function","dur":"17","name":"renderLine","ph":"X","pid":"0","tid":"0x1162495c0","ts":"364961279540"},{"cat":"function","dur":"13","name":"render","ph":"X","pid":"0","tid":"0x1162495c0","ts":"364961279567"},{"cat":"function","dur":"9","name":"render","ph":"X","pid":"0","tid":"0x1162495c0","ts":"364961279588"},{"cat":"function","dur":"14","name":"render","ph":"X","pid":"0","tid":"0x1162495c0","ts":"364961279604"},{"cat":"function","dur":"223","name":"renderFrame","ph":"X","pid":"0","tid":"0x1162495c0","ts":"364961279566"},{"cat":"function","dur":"10","name":"renderLine","ph":"X","pid":"0","tid":"0x1162495c0","ts":"364961279801"},{"cat":"function","dur":"7","name":"renderLine","ph":"X","pid":"0","tid":"0x1162495c0","ts":"364961279821"},{"cat":"function","dur":"17275","name":"loop","ph":"X","pid":"0","tid":"0x1162495c0","ts":"364961279448"},{"cat":"function","dur":"30","name":"renderCircle","ph":"X","pid":"0","tid":"0x1162495c0","ts":"364961296811"},{"cat":"function","dur":"10","name":"renderQuad","ph":"X","pid":"0","tid":"0x1162495c0","ts":"364961296854"},{"cat":"function","dur":"17","name":"renderLine","ph":"X","pid":"0","tid":"0x1162495c0","ts":"364961296883"},{"cat":"function","dur":"13","name":"render","ph":"X","pid":"0","tid":"0x1162495c0","ts":"364961296910"},{"cat":"function","dur":"9","name":"render","ph":"X","pid":"0","tid":"0x1162495c0","ts":"364961296931"},{"cat":"function","dur":"12","name":"render","ph":"X","pid":"0","tid":"0x1162495c0","ts":"364961296948"},{"cat":"function","dur":"220","name":"renderFrame","ph":"X","pid":"0","tid":"0x1162495c0","ts":"364961296909"},{"cat":"function","dur":"10","name":"renderLine","ph":"X","pid":"0","tid":"0x1162495c0","ts":"364961297142"},{"cat":"function","dur":"8","name":"renderLine","ph":"X","pid":"0","tid":"0x1162495c0","ts":"364961297162"},{"cat":"function","dur":"16975","name":"loop","ph":"X","pid":"0","tid":"0x1162495c0","ts":"364961296793"},{"cat":"function","dur":"49","name":"renderCircle","ph":"X","pid":"0","tid":"0x1162495c0","ts":"364961313862"},{"cat":"function","dur":"12","name":"renderQuad","ph":"X","pid":"0","tid":"0x1162495c0","ts":"364961313925"},{"cat":"function","dur":"23","name":"renderLine","ph":"X","pid":"0","tid":"0x1162495c0","ts":"364961313961"},{"cat":"function","dur":"17","name":"render","ph":"X","pid":"0","tid":"0x1162495c0","ts":"364961313996"},{"cat":"function","dur":"10","name":"render","ph":"X","pid":"0","tid":"0x1162495c0","ts":"364961314022"},{"cat":"function","dur":"18","name":"render","ph":"X","pid":"0","tid":"0x1162495c0","ts":"364961314040"},{"cat":"function","dur":"258","name":"renderFrame","ph":"X","pid":"0","tid":"0x1162495c0","ts":"364961313995"},{"cat":"function","dur":"12","name":"renderLine","ph":"X","pid":"0","tid":"0x1162495c0","ts":"364961314267"},{"cat":"function","dur":"8","name":"renderLine","ph":"X","pid":"0","tid":"0x1162495c0","ts":"364961314290"},{"cat":"function","dur":"16844","name":"loop","ph":"X","pid":"0","tid":"0x1162495c0","ts":"364961313828"},{"cat":"function","dur":"32","name":"renderCircle","ph":"X","pid":"0","tid":"0x1162495c0","ts":"364961330728"},{"cat":"function","dur":"11","name":"renderQuad","ph":"X","pid":"0","tid":"0x1162495c0","ts":"364961330791"},{"cat":"function","dur":"17","name":"renderLine","ph":"X","pid":"0","tid":"0x1162495c0","ts":"364961330822"},{"cat":"function","dur":"13","name":"render","ph":"X","pid":"0","tid":"0x1162495c0","ts":"364961330850"},{"cat":"function","dur":"8","name":"render","ph":"X","pid":"0","tid":"0x1162495c0","ts":"364961330872"},{"cat":"function","dur":"13","name":"render","ph":"X","pid":"0","tid":"0x1162495c0","ts":"364961330889"},{"cat":"function","dur":"231","name":"renderFrame","ph":"X","pid":"0","tid":"0x1162495c0","ts":"364961330849"},{"cat":"function","dur":"11","name":"renderLine","ph":"X","pid":"0","tid":"0x1162495c0","ts":"364961331093"},{"cat":"function","dur":"7","name":"renderLine","ph":"X","pid":"0","tid":"0x1162495c0","ts":"364961331115"},{"cat":"function","dur":"18056","name":"loop","ph":"X","pid":"0","tid":"0x1162495c0","ts":"364961330707"},{"cat":"function","dur":"37","name":"renderCircle","ph":"X","pid":"0","tid":"0x1162495c0","ts":"364961348832"},{"cat":"function","dur":"11","name":"renderQuad","ph":"X","pid":"0","tid":"0x1162495c0","ts":"364961348881"},{"cat":"function","dur":"18","name":"renderLine","ph":"X","pid":"0","tid":"0x1162495c0","ts":"364961348912"},{"cat":"function","dur":"14","name":"render","ph":"X","pid":"0","tid":"0x1162495c0","ts":"364961348941"},{"cat":"function","dur":"9","name":"render","ph":"X","pid":"0","tid":"0x1162495c0","ts":"364961348963"},{"cat":"function","dur":"15","name":"render","ph":"X","pid":"0","tid":"0x1162495c0","ts":"364961348980"},{"cat":"function","dur":"235","name":"renderFrame","ph":"X","pid":"0","tid":"0x1162495c0","ts":"364961348940"},{"cat":"function","dur":"11","name":"renderLine","ph":"X","pid":"0","tid":"0x1162495c0","ts":"364961349188"},{"cat":"function","dur":"7","name":"renderLine","ph":"X","pid":"0","tid":"0x1162495c0","ts":"364961349209"},{"cat":"function","dur":"17155","name":"loop","ph":"X","pid":"0","tid":"0x1162495c0","ts":"364961348807"},{"cat":"function","dur":"30","name":"renderCircle","ph":"X","pid":"0","tid":"0x1162495c0","ts":"364961366020"},{"cat":"function","dur":"11","name":"renderQuad","ph":"X","pid":"0","tid":"0x1162495c0","ts":"364961366061"},{"cat":"function","dur":"17","name":"renderLine","ph":"X","pid":"0","tid":"0x1162495c0","ts":"364961366090"},{"cat":"function","dur":"17","name":"render","ph":"X","pid":"0","tid":"0x1162495c0","ts":"364961366118"},{"cat":"function","dur":"10","name":"render","ph":"X","pid":"0","tid":"0x1162495c0","ts":"364961366145"},{"cat":"function","dur":"14","name":"render","ph":"X","pid":"0","tid":"0x1162495c0","ts":"364961366162"},{"cat":"function","dur":"226","name":"renderFrame","ph":"X","pid":"0","tid":"0x1162495c0","ts":"364961366117"},{"cat":"function","dur":"11","name":"renderLine","ph":"X","pid":"0","tid":"0x1162495c0","ts":"364961366356"},{"cat":"function","dur":"10","name":"renderLine","ph":"X","pid":"0","tid":"0x1162495c0","ts":"364961366377"},{"cat":"function","dur":"17028","name":"loop","ph":"X","pid":"0","tid":"0x1162495c0","ts":"364961366000"},{"cat":"function","dur":"51","name":"renderCircle","ph":"X","pid":"0","tid":"0x1162495c0","ts":"364961383119"},{"cat":"function","dur":"13","name":"renderQuad","ph":"X","pid":"0","tid":"0x1162495c0","ts":"364961383184"},{"cat":"function","dur":"24","name":"renderLine","ph":"X","pid":"0","tid":"0x1162495c0","ts":"364961383220"},{"cat":"function","dur":"18","name":"render","ph":"X","pid":"0","tid":"0x1162495c0","ts":"364961383256"},{"cat":"function","dur":"10","name":"render","ph":"X","pid":"0","tid":"0x1162495c0","ts":"364961383284"},{"cat":"function","dur":"16","name":"render","ph":"X","pid":"0","tid":"0x1162495c0","ts":"364961383303"},{"cat":"function","dur":"259","name":"renderFrame","ph":"X","pid":"0","tid":"0x1162495c0","ts":"364961383255"},{"cat":"function","dur":"12","name":"renderLine","ph":"X","pid":"0","tid":"0x1162495c0","ts":"364961383529"},{"cat":"function","dur":"9","name":"renderLine","ph":"X","pid":"0","tid":"0x1162495c0","ts":"364961383576"},{"cat":"function","dur":"16417","name":"loop","ph":"X","pid":"0","tid":"0x1162495c0","ts":"364961383086"},{"cat":"function","dur":"30","name":"renderCircle","ph":"X","pid":"0","tid":"0x1162495c0","ts":"364961399561"},{"cat":"function","dur":"11","name":"renderQuad","ph":"X","pid":"0","tid":"0x1162495c0","ts":"364961399604"},{"cat":"function","dur":"17","name":"renderLine","ph":"X","pid":"0","tid":"0x1162495c0","ts":"364961399636"},{"cat":"function","dur":"13","name":"render","ph":"X","pid":"0","tid":"0x1162495c0","ts":"364961399664"},{"cat":"function","dur":"10","name":"render","ph":"X","pid":"0","tid":"0x1162495c0","ts":"364961399686"},{"cat":"function","dur":"13","name":"render","ph":"X","pid":"0","tid":"0x1162495c0","ts":"364961399704"},{"cat":"function","dur":"236","name":"renderFrame","ph":"X","pid":"0","tid":"0x1162495c0","ts":"364961399663"},{"cat":"function","dur":"12","name":"renderLine","ph":"X","pid":"0","tid":"0x1162495c0","ts":"364961399913"},{"cat":"function","dur":"8","name":"renderLine","ph":"X","pid":"0","tid":"0x1162495c0","ts":"364961399935"},{"cat":"function","dur":"18019","name":"loop","ph":"X","pid":"0","tid":"0x1162495c0","ts":"364961399540"},{"cat":"function","dur":"35","name":"renderCircle","ph":"X","pid":"0","tid":"0x1162495c0","ts":"364961417623"},{"cat":"function","dur":"11","name":"renderQuad","ph":"X","pid":"0","tid":"0x1162495c0","ts":"364961417671"},{"cat":"function","dur":"18","name":"renderLine","ph":"X","pid":"0","tid":"0x1162495c0","ts":"364961417703"},{"cat":"function","dur":"14","name":"render","ph":"X","pid":"0","tid":"0x1162495c0","ts":"364961417732"},{"cat":"function","dur":"9","name":"render","ph":"X","pid":"0","tid":"0x1162495c0","ts":"364961417755"},{"cat":"function","dur":"28","name":"render","ph":"X","pid":"0","tid":"0x1162495c0","ts":"364961417772"},{"cat":"function","dur":"249","name":"renderFrame","ph":"X","pid":"0","tid":"0x1162495c0","ts":"364961417731"},{"cat":"function","dur":"12","name":"renderLine","ph":"X","pid":"0","tid":"0x1162495c0","ts":"364961417993"},{"cat":"function","dur":"7","name":"renderLine","ph":"X","pid":"0","tid":"0x1162495c0","ts":"364961418016"},{"cat":"function","dur":"17631","name":"loop","ph":"X","pid":"0","tid":"0x1162495c0","ts":"364961417600"},{"cat":"function","dur":"31","name":"renderCircle","ph":"X","pid":"0","tid":"0x1162495c0","ts":"364961435284"},{"cat":"function","dur":"10","name":"renderQuad","ph":"X","pid":"0","tid":"0x1162495c0","ts":"364961435328"},{"cat":"function","dur":"16","name":"renderLine","ph":"X","pid":"0","tid":"0x1162495c0","ts":"364961435357"},{"cat":"function","dur":"13","name":"render","ph":"X","pid":"0","tid":"0x1162495c0","ts":"364961435383"},{"cat":"function","dur":"9","name":"render","ph":"X","pid":"0","tid":"0x1162495c0","ts":"364961435404"},{"cat":"function","dur":"58","name":"render","ph":"X","pid":"0","tid":"0x1162495c0","ts":"364961435420"},{"cat":"function","dur":"268","name":"renderFrame","ph":"X","pid":"0","tid":"0x1162495c0","ts":"364961435382"},{"cat":"function","dur":"11","name":"renderLine","ph":"X","pid":"0","tid":"0x1162495c0","ts":"364961435663"},{"cat":"function","dur":"7","name":"renderLine","ph":"X","pid":"0","tid":"0x1162495c0","ts":"364961435684"},{"cat":"function","dur":"16749","name":"loop","ph":"X","pid":"0","tid":"0x1162495c0","ts":"364961435265"},{"cat":"function","dur":"31","name":"renderCircle","ph":"X","pid":"0","tid":"0x1162495c0","ts":"364961452080"},{"cat":"function","dur":"10","name":"renderQuad","ph":"X","pid":"0","tid":"0x1162495c0","ts":"364961452124"},{"cat":"function","dur":"16","name":"renderLine","ph":"X","pid":"0","tid":"0x1162495c0","ts":"364961452154"},{"cat":"function","dur":"14","name":"render","ph":"X","pid":"0","tid":"0x1162495c0","ts":"364961452180"},{"cat":"function","dur":"9","name":"render","ph":"X","pid":"0","tid":"0x1162495c0","ts":"364961452202"},{"cat":"function","dur":"12","name":"render","ph":"X","pid":"0","tid":"0x1162495c0","ts":"364961452219"},{"cat":"function","dur":"226","name":"renderFrame","ph":"X","pid":"0","tid":"0x1162495c0","ts":"364961452180"},{"cat":"function","dur":"11","name":"renderLine","ph":"X","pid":"0","tid":"0x1162495c0","ts":"364961452439"},{"cat":"function","dur":"8","name":"renderLine","ph":"X","pid":"0","tid":"0x1162495c0","ts":"364961452461"},{"cat":"function","dur":"75081","name":"loop","ph":"X","pid":"0","tid":"0x1162495c0","ts":"364961452058"}],"displayTimeUnit":"ns"}