{"traceEvents":[{"cat":"function","dur":"5556","name":"renderCircle","ph":"X","pid":"0","tid":"0x105e465c0","ts":"365263123436"},{"cat":"function","dur":"1662","name":"renderQuad","ph":"X","pid":"0","tid":"0x105e465c0","ts":"365263129062"},{"cat":"function","dur":"1409","name":"renderLine","ph":"X","pid":"0","tid":"0x105e465c0","ts":"365263130782"},{"cat":"function","dur":"1754","name":"render","ph":"X","pid":"0","tid":"0x105e465c0","ts":"365263132225"},{"cat":"function","dur":"30","name":"render","ph":"X","pid":"0","tid":"0x105e465c0","ts":"365263134003"},{"cat":"function","dur":"24","name":"render","ph":"X","pid":"0","tid":"0x105e465c0","ts":"365263134048"},{"cat":"function","dur":"2081","name":"renderFrame","ph":"X","pid":"0","tid":"0x105e465c0","ts":"365263132224"},{"cat":"function","dur":"43","name":"renderLine","ph":"X","pid":"0","tid":"0x105e465c0","ts":"365263134327"},{"cat":"function","dur":"36","name":"renderLine","ph":"X","pid":"0","tid":"0x105e465c0","ts":"365263134395"},{"cat":"function","dur":"128349","name":"loop","ph":"X","pid":"0","tid":"0x105e465c0","ts":"365263123402"},{"cat":"function","dur":"39","name":"renderCircle","ph":"X","pid":"0","tid":"0x105e465c0","ts":"365263251817"},{"cat":"function","dur":"12","name":"renderQuad","ph":"X","pid":"0","tid":"0x105e465c0","ts":"365263251873"},{"cat":"function","dur":"18","name":"renderLine","ph":"X","pid":"0","tid":"0x105e465c0","ts":"365263251908"},{"cat":"function","dur":"14","name":"render","ph":"X","pid":"0","tid":"0x105e465c0","ts":"365263251939"},{"cat":"function","dur":"10","name":"render","ph":"X","pid":"0","tid":"0x105e465c0","ts":"365263251964"},{"cat":"function","dur":"8","name":"render","ph":"X","pid":"0","tid":"0x105e465c0","ts":"365263251985"},{"cat":"function","dur":"240","name":"renderFrame","ph":"X","pid":"0","tid":"0x105e465c0","ts":"365263251938"},{"cat":"function","dur":"12","name":"renderLine","ph":"X","pid":"0","tid":"0x105e465c0","ts":"365263252194"},{"cat":"function","dur":"61","name":"renderLine","ph":"X","pid":"0","tid":"0x105e465c0","ts":"365263252229"},{"cat":"function","dur":"16448","name":"loop","ph":"X","pid":"0","tid":"0x105e465c0","ts":"365263251800"},{"cat":"function","dur":"31","name":"renderCircle","ph":"X","pid":"0","tid":"0x105e465c0","ts":"365263268304"},{"cat":"function","dur":"11","name":"renderQuad","ph":"X","pid":"0","tid":"0x105e465c0","ts":"365263268351"},{"cat":"function","dur":"16","name":"renderLine","ph":"X","pid":"0","tid":"0x105e465c0","ts":"365263268384"},{"cat":"function","dur":"13","name":"render","ph":"X","pid":"0","tid":"0x105e465c0","ts":"365263268413"},{"cat":"function","dur":"9","name":"render","ph":"X","pid":"0","tid":"0x105e465c0","ts":"365263268437"},{"cat":"function","dur":"8","name":"render","ph":"X","pid":"0","tid":"0x105e465c0","ts":"365263268456"},{"cat":"function","dur":"226","name":"renderFrame","ph":"X","pid":"0","tid":"0x105e465c0","ts":"365263268413"},{"cat":"function","dur":"11","name":"renderLine","ph":"X","pid":"0","tid":"0x105e465c0","ts":"365263268654"},{"cat":"function","dur":"7","name":"renderLine","ph":"X","pid":"0","tid":"0x105e465c0","ts":"365263268678"},{"cat":"function","dur":"17038","name":"loop","ph":"X","pid":"0","tid":"0x105e465c0","ts":"365263268289"},{"cat":"function","dur":"32","name":"renderCircle","ph":"X","pid":"0","tid":"0x105e465c0","ts":"365263285386"},{"cat":"function","dur":"11","name":"renderQuad","ph":"X","pid":"0","tid":"0x105e465c0","ts":"365263285432"},{"cat":"function","dur":"15","name":"renderLine","ph":"X","pid":"0","tid":"0x105e465c0","ts":"365263285464"},{"cat":"function","dur":"12","name":"render","ph":"X","pid":"0","tid":"0x105e465c0","ts":"365263285492"},{"cat":"function","dur":"9","name":"render","ph":"X","pid":"0","tid":"0x105e465c0","ts":"365263285515"},{"cat":"function","dur":"7","name":"render","ph":"X","pid":"0","tid":"0x105e465c0","ts":"365263285534"},{"cat":"function","dur":"220","name":"renderFrame","ph":"X","pid":"0","tid":"0x105e465c0","ts":"365263285491"},{"cat":"function","dur":"10","name":"renderLine","ph":"X","pid":"0","tid":"0x105e465c0","ts":"365263285727"},{"cat":"function","dur":"7","name":"renderLine","ph":"X","pid":"0","tid":"0x105e465c0","ts":"365263285762"},{"cat":"function","dur":"16203","name":"loop","ph":"X","pid":"0","tid":"0x105e465c0","ts":"365263285368"},{"cat":"function","dur":"33","name":"renderCircle","ph":"X","pid":"0","tid":"0x105e465c0","ts":"365263301626"},{"cat":"function","dur":"11","name":"renderQuad","ph":"X","pid":"0","tid":"0x105e465c0","ts":"365263301671"},{"cat":"function","dur":"16","name":"renderLine","ph":"X","pid":"0","tid":"0x105e465c0","ts":"365263301701"},{"cat":"function","dur":"12","name":"render","ph":"X","pid":"0","tid":"0x105e465c0","ts":"365263301726"},{"cat":"function","dur":"8","name":"render","ph":"X","pid":"0","tid":"0x105e465c0","ts":"365263301746"},{"cat":"function","dur":"8","name":"render","ph":"X","pid":"0","tid":"0x105e465c0","ts":"365263301761"},{"cat":"function","dur":"211","name":"renderFrame","ph":"X","pid":"0","tid":"0x105e465c0","ts":"365263301725"},{"cat":"function","dur":"11","name":"renderLine","ph":"X","pid":"0","tid":"0x105e465c0","ts":"365263301947"},{"cat":"function","dur":"7","name":"renderLine","ph":"X","pid":"0","tid":"0x105e465c0","ts":"365263301968"},{"cat":"function","dur":"17231","name":"loop","ph":"X","pid":"0","tid":"0x105e465c0","ts":"365263301608"},{"cat":"function","dur":"37","name":"renderCircle","ph":"X","pid":"0","tid":"0x105e465c0","ts":"365263318897"},{"cat":"function","dur":"11","name":"renderQuad","ph":"X","pid":"0","tid":"0x105e465c0","ts":"365263318946"},{"cat":"function","dur":"16","name":"renderLine","ph":"X","pid":"0","tid":"0x105e465c0","ts":"365263318976"},{"cat":"function","dur":"13","name":"render","ph":"X","pid":"0","tid":"0x105e465c0","ts":"365263319001"},{"cat":"function","dur":"8","name":"render","ph":"X","pid":"0","tid":"0x105e465c0","ts":"365263319022"},{"cat":"function","dur":"8","name":"render","ph":"X","pid":"0","tid":"0x105e465c0","ts":"365263319037"},{"cat":"function","dur":"211","name":"renderFrame","ph":"X","pid":"0","tid":"0x105e465c0","ts":"365263319001"},{"cat":"function","dur":"11","name":"renderLine","ph":"X","pid":"0","tid":"0x105e465c0","ts":"365263319224"},{"cat":"function","dur":"7","name":"renderLine","ph":"X","pid":"0","tid":"0x105e465c0","ts":"365263319245"},{"cat":"function","dur":"16345","name":"loop","ph":"X","pid":"0","tid":"0x105e465c0","ts":"365263318875"},{"cat":"function","dur":"34","name":"renderCircle","ph":"X","pid":"0","tid":"0x105e465c0","ts":"365263335280"},{"cat":"function","dur":"11","name":"renderQuad","ph":"X","pid":"0","tid":"0x105e465c0","ts":"365263335328"},{"cat":"function","dur":"15","name":"renderLine","ph":"X","pid":"0","tid":"0x105e465c0","ts":"365263335358"},{"cat":"function","dur":"12","name":"render","ph":"X","pid":"0","tid":"0x105e465c0","ts":"365263335383"},{"cat":"function","dur":"8","name":"render","ph":"X","pid":"0","tid":"0x105e465c0","ts":"365263335402"},{"cat":"function","dur":"7","name":"render","ph":"X","pid":"0","tid":"0x105e465c0","ts":"365263335418"},{"cat":"function","dur":"205","name":"renderFrame","ph":"X","pid":"0","tid":"0x105e465c0","ts":"365263335382"},{"cat":"function","dur":"10","name":"renderLine","ph":"X","pid":"0","tid":"0x105e465c0","ts":"365263335599"},{"cat":"function","dur":"7","name":"renderLine","ph":"X","pid":"0","tid":"0x105e465c0","ts":"365263335618"},{"cat":"function","dur":"19981","name":"loop","ph":"X","pid":"0","tid":"0x105e465c0","ts":"365263335260"},{"cat":"function","dur":"31","name":"renderCircle","ph":"X","pid":"0","tid":"0x105e465c0","ts":"365263355300"},{"cat":"function","dur":"12","name":"renderQuad","ph":"X","pid":"0","tid":"0x105e465c0","ts":"365263355344"},{"cat":"function","dur":"17","name":"renderLine","ph":"X","pid":"0","tid":"0x105e465c0","ts":"365263355375"},{"cat":"function","dur":"12","name":"render","ph":"X","pid":"0","tid":"0x105e465c0","ts":"365263355402"},{"cat":"function","dur":"9","name":"render","ph":"X","pid":"0","tid":"0x105e465c0","ts":"365263355422"},{"cat":"function","dur":"8","name":"render","ph":"X","pid":"0","tid":"0x105e465c0","ts":"365263355439"},{"cat":"function","dur":"243","name":"renderFrame","ph":"X","pid":"0","tid":"0x105e465c0","ts":"365263355401"},{"cat":"function","dur":"12","name":"renderLine","ph":"X","pid":"0","tid":"0x105e465c0","ts":"365263355656"},{"cat":"function","dur":"7","name":"renderLine","ph":"X","pid":"0","tid":"0x105e465c0","ts":"365263355678"},{"cat":"function","dur":"17043","name":"loop","ph":"X","pid":"0","tid":"0x105e465c0","ts":"365263355280"},{"cat":"function","dur":"30","name":"renderCircle","ph":"X","pid":"0","tid":"0x105e465c0","ts":"365263372376"},{"cat":"function","dur":"10","name":"renderQuad","ph":"X","pid":"0","tid":"0x105e465c0","ts":"365263372418"},{"cat":"function","dur":"15","name":"renderLine","ph":"X","pid":"0","tid":"0x105e465c0","ts":"365263372447"},{"cat":"function","dur":"12","name":"render","ph":"X","pid":"0","tid":"0x105e465c0","ts":"365263372471"},{"cat":"function","dur":"8","name":"render","ph":"X","pid":"0","tid":"0x105e465c0","ts":"365263372491"},{"cat":"function","dur":"8","name":"render","ph":"X","pid":"0","tid":"0x105e465c0","ts":"365263372506"},{"cat":"function","dur":"209","name":"renderFrame","ph":"X","pid":"0","tid":"0x105e465c0","ts":"365263372471"},{"cat":"function","dur":"10","name":"renderLine","ph":"X","pid":"0","tid":"0x105e465c0","ts":"365263372692"},{"cat":"function","dur":"7","name":"renderLine","ph":"X","pid":"0","tid":"0x105e465c0","ts":"365263372712"},{"cat":"function","dur":"16290","name":"loop","ph":"X","pid":"0","tid":"0x105e465c0","ts":"365263372358"},{"cat":"function","dur":"52","name":"renderCircle","ph":"X","pid":"0","tid":"0x105e465c0","ts":"365263388705"},{"cat":"function","dur":"11","name":"renderQuad","ph":"X","pid":"0","tid":"0x105e465c0","ts":"365263388770"},{"cat":"function","dur":"17","name":"renderLine","ph":"X","pid":"0","tid":"0x105e465c0","ts":"365263388801"},{"cat":"function","dur":"13","name":"render","ph":"X","pid":"0","tid":"0x105e465c0","ts":"365263388828"},{"cat":"function","dur":"10","name":"render","ph":"X","pid":"0","tid":"0x105e465c0","ts":"365263388849"},{"cat":"function","dur":"9","name":"render","ph":"X","pid":"0","tid":"0x105e465c0","ts":"365263388866"},{"cat":"function","dur":"256","name":"renderFrame","ph":"X","pid":"0","tid":"0x105e465c0","ts":"365263388827"},{"cat":"function","dur":"18","name":"renderLine","ph":"X","pid":"0","tid":"0x105e465c0","ts":"365263389097"},{"cat":"function","dur":"7","name":"renderLine","ph":"X","pid":"0","tid":"0x105e465c0","ts":"365263389126"},{"cat":"function","dur":"17161","name":"loop","ph":"X","pid":"0","tid":"0x105e465c0","ts":"365263388686"},{"cat":"function","dur":"32","name":"renderCircle","ph":"X","pid":"0","tid":"0x105e465c0","ts":"365263405897"},{"cat":"function","dur":"11","name":"renderQuad","ph":"X","pid":"0","tid":"0x105e465c0","ts":"365263405939"},{"cat":"function","dur":"15","name":"renderLine","ph":"X","pid":"0","tid":"0x105e465c0","ts":"365263405968"},{"cat":"function","dur":"12","name":"render","ph":"X","pid":"0","tid":"0x105e465c0","ts":"365263405992"},{"cat":"function","dur":"7","name":"render","ph":"X","pid":"0","tid":"0x105e465c0","ts":"365263406012"},{"cat":"function","dur":"7","name":"render","ph":"X","pid":"0","tid":"0x105e465c0","ts":"365263406027"},{"cat":"function","dur":"205","name":"renderFrame","ph":"X","pid":"0","tid":"0x105e465c0","ts":"365263405992"},{"cat":"function","dur":"10","name":"renderLine","ph":"X","pid":"0","tid":"0x105e465c0","ts":"365263406209"},{"cat":"function","dur":"6","name":"renderLine","ph":"X","pid":"0","tid":"0x105e465c0","ts":"365263406228"},{"cat":"function","dur":"16387","name":"loop","ph":"X","pid":"0","tid":"0x105e465c0","ts":"365263405880"},{"cat":"function","dur":"53","name":"renderCircle","ph":"X","pid":"0","tid":"0x105e465c0","ts":"365263422331"},{"cat":"function","dur":"14","name":"renderQuad","ph":"X","pid":"0","tid":"0x105e465c0","ts":"365263422398"},{"cat":"function","dur":"20","name":"renderLine","ph":"X","pid":"0","tid":"0x105e465c0","ts":"365263422438"},{"cat":"function","dur":"14","name":"render","ph":"X","pid":"0","tid":"0x105e465c0","ts":"365263422470"},{"cat":"function","dur":"9","name":"render","ph":"X","pid":"0","tid":"0x105e465c0","ts":"365263422510"},{"cat":"function","dur":"8","name":"render","ph":"X","pid":"0","tid":"0x105e465c0","ts":"365263422528"},{"cat":"function","dur":"235","name":"renderFrame","ph":"X","pid":"0","tid":"0x105e465c0","ts":"365263422469"},{"cat":"function","dur":"11","name":"renderLine","ph":"X","pid":"0","tid":"0x105e465c0","ts":"365263422716"},{"cat":"function","dur":"7","name":"renderLine","ph":"X","pid":"0","tid":"0x105e465c0","ts":"365263422737"},{"cat":"function","dur":"17749","name":"loop","ph":"X","pid":"0","tid":"0x105e465c0","ts":"365263422309"},{"cat":"function","dur":"32","name":"renderCircle","ph":"X","pid":"0","tid":"0x105e465c0","ts":"365263440110"},{"cat":"function","dur":"10","name":"renderQuad","ph":"X","pid":"0","tid":"0x105e465c0","ts":"365263440153"},{"cat":"function","dur":"16","name":"renderLine","ph":"X","pid":"0","tid":"0x105e465c0","ts":"365263440181"},{"cat":"function","dur":"13","name":"render","ph":"X","pid":"0","tid":"0x105e465c0","ts":"365263440206"},{"cat":"function","dur":"8","name":"render","ph":"X","pid":"0","tid":"0x105e465c0","ts":"365263440226"},{"cat":"function","dur":"8","name":"render","ph":"X","pid":"0","tid":"0x105e465c0","ts":"365263440241"},{"cat":"function","dur":"215","name":"renderFrame","ph":"X","pid":"0","tid":"0x105e465c0","ts":"365263440206"},{"cat":"function","dur":"10","name":"renderLine","ph":"X","pid":"0","tid":"0x105e465c0","ts":"365263440434"},{"cat":"function","dur":"7","name":"renderLine","ph":"X","pid":"0","tid":"0x105e465c0","ts":"365263440454"},{"cat":"function","dur":"17064","name":"loop","ph":"X","pid":"0","tid":"0x105e465c0","ts":"365263440093"},{"cat":"function","dur":"35","name":"renderCircle","ph":"X","pid":"0","tid":"0x105e465c0","ts":"365263457211"},{"cat":"function","dur":"10","name":"renderQuad","ph":"X","pid":"0","tid":"0x105e465c0","ts":"365263457258"},{"cat":"function","dur":"16","name":"renderLine","ph":"X","pid":"0","tid":"0x105e465c0","ts":"365263457287"},{"cat":"function","dur":"13","name":"render","ph":"X","pid":"0","tid":"0x105e465c0","ts":"365263457312"},{"cat":"function","dur":"8","name":"render","ph":"X","pid":"0","tid":"0x105e465c0","ts":"365263457333"},{"cat":"function","dur":"7","name":"render","ph":"X","pid":"0","tid":"0x105e465c0","ts":"365263457349"},{"cat":"function","dur":"212","name":"renderFrame","ph":"X","pid":"0","tid":"0x105e465c0","ts":"365263457312"},{"cat":"function","dur":"10","name":"renderLine","ph":"X","pid":"0","tid":"0x105e465c0","ts":"365263457536"},{"cat":"function","dur":"7","name":"renderLine","ph":"X","pid":"0","tid":"0x105e465c0","ts":"365263457556"},{"cat":"function","dur":"17907","name":"loop","ph":"X","pid":"0","tid":"0x105e465c0","ts":"365263457193"},{"cat":"function","dur":"37","name":"renderCircle","ph":"X","pid":"0","tid":"0x105e465c0","ts":"365263475154"},{"cat":"function","dur":"11","name":"renderQuad","ph":"X","pid":"0","tid":"0x105e465c0","ts":"365263475203"},{"cat":"function","dur":"16","name":"renderLine","ph":"X","pid":"0","tid":"0x105e465c0","ts":"365263475233"},{"cat":"function","dur":"12","name":"render","ph":"X","pid":"0","tid":"0x105e465c0","ts":"365263475259"},{"cat":"function","dur":"8","name":"render","ph":"X","pid":"0","tid":"0x105e465c0","ts":"365263475279"},{"cat":"function","dur":"8","name":"render","ph":"X","pid":"0","tid":"0x105e465c0","ts":"365263475294"},{"cat":"function","dur":"211","name":"renderFrame","ph":"X","pid":"0","tid":"0x105e465c0","ts":"365263475258"},{"cat":"function","dur":"10","name":"renderLine","ph":"X","pid":"0","tid":"0x105e465c0","ts":"365263475481"},{"cat":"function","dur":"7","name":"renderLine","ph":"X","pid":"0","tid":"0x105e465c0","ts":"365263475501"},{"cat":"function","dur":"17508","name":"loop","ph":"X","pid":"0","tid":"0x105e465c0","ts":"365263475135"},{"cat":"function","dur":"35","name":"renderCircle","ph":"X","pid":"0","tid":"0x105e465c0","ts":"365263492758"},{"cat":"function","dur":"12","name":"renderQuad","ph":"X","pid":"0","tid":"0x105e465c0","ts":"365263492814"},{"cat":"function","dur":"18","name":"renderLine","ph":"X","pid":"0","tid":"0x105e465c0","ts":"365263492864"},{"cat":"function","dur":"13","name":"render","ph":"X","pid":"0","tid":"0x105e465c0","ts":"365263492892"},{"cat":"function","dur":"8","name":"render","ph":"X","pid":"0","tid":"0x105e465c0","ts":"365263492914"},{"cat":"function","dur":"8","name":"render","ph":"X","pid":"0","tid":"0x105e465c0","ts":"365263492930"},{"cat":"function","dur":"217","name":"renderFrame","ph":"X","pid":"0","tid":"0x105e465c0","ts":"365263492892"},{"cat":"function","dur":"11","name":"renderLine","ph":"X","pid":"0","tid":"0x105e465c0","ts":"365263493121"},{"cat":"function","dur":"7","name":"renderLine","ph":"X","pid":"0","tid":"0x105e465c0","ts":"365263493141"},{"cat":"function","dur":"18039","name":"loop","ph":"X","pid":"0","tid":"0x105e465c0","ts":"365263492739"},{"cat":"function","dur":"35","name":"renderCircle","ph":"X","pid":"0","tid":"0x105e465c0","ts":"365263510834"},{"cat":"function","dur":"10","name":"renderQuad","ph":"X","pid":"0","tid":"0x105e465c0","ts":"365263510880"},{"cat":"function","dur":"16","name":"renderLine","ph":"X","pid":"0","tid":"0x105e465c0","ts":"365263510910"},{"cat":"function","dur":"13","name":"render","ph":"X","pid":"0","tid":"0x105e465c0","ts":"365263510935"},{"cat":"function","dur":"8","name":"render","ph":"X","pid":"0","tid":"0x105e465c0","ts":"365263510956"},{"cat":"function","dur":"8","name":"render","ph":"X","pid":"0","tid":"0x105e465c0","ts":"365263510971"},{"cat":"function","dur":"210","name":"renderFrame","ph":"X","pid":"0","tid":"0x105e465c0","ts":"365263510935"},{"cat":"function","dur":"11","name":"renderLine","ph":"X","pid":"0","tid":"0x105e465c0","ts":"365263511157"},{"cat":"function","dur":"7","name":"renderLine","ph":"X","pid":"0","tid":"0x105e465c0","ts":"365263511177"},{"cat":"function","dur":"17079","name":"loop","ph":"X","pid":"0","tid":"0x105e465c0","ts":"365263510815"},{"cat":"function","dur":"36","name":"renderCircle","ph":"X","pid":"0","tid":"0x105e465c0","ts":"365263527949"},{"cat":"function","dur":"11","name":"renderQuad","ph":"X","pid":"0","tid":"0x105e465c0","ts":"365263527997"},{"cat":"function","dur":"16","name":"renderLine","ph":"X","pid":"0","tid":"0x105e465c0","ts":"365263528028"},{"cat":"function","dur":"13","name":"render","ph":"X","pid":"0","tid":"0x105e465c0","ts":"365263528054"},{"cat":"function","dur":"8","name":"render","ph":"X","pid":"0","tid":"0x105e465c0","ts":"365263528075"},{"cat":"function","dur":"8","name":"render","ph":"X","pid":"0","tid":"0x105e465c0","ts":"365263528091"},{"cat":"function","dur":"221","name":"renderFrame","ph":"X","pid":"0","tid":"0x105e465c0","ts":"365263528053"},{"cat":"function","dur":"10","name":"renderLine","ph":"X","pid":"0","tid":"0x105e465c0","ts":"365263528287"},{"cat":"function","dur":"7","name":"renderLine","ph":"X","pid":"0","tid":"0x105e465c0","ts":"365263528307"},{"cat":"function","dur":"17264","name":"loop","ph":"X","pid":"0","tid":"0x105e465c0","ts":"365263527929"},{"cat":"function","dur":"36","name":"renderCircle","ph":"X","pid":"0","tid":"0x105e465c0","ts":"365263545249"},{"cat":"function","dur":"11","name":"renderQuad","ph":"X","pid":"0","tid":"0x105e465c0","ts":"365263545297"},{"cat":"function","dur":"17","name":"renderLine","ph":"X","pid":"0","tid":"0x105e465c0","ts":"365263545328"},{"cat":"function","dur":"12","name":"render","ph":"X","pid":"0","tid":"0x105e465c0","ts":"365263545355"},{"cat":"function","dur":"9","name":"render","ph":"X","pid":"0","tid":"0x105e465c0","ts":"365263545375"},{"cat":"function","dur":"8","name":"render","ph":"X","pid":"0","tid":"0x105e465c0","ts":"365263545391"},{"cat":"function","dur":"231","name":"renderFrame","ph":"X","pid":"0","tid":"0x105e465c0","ts":"365263545354"},{"cat":"function","dur":"12","name":"renderLine","ph":"X","pid":"0","tid":"0x105e465c0","ts":"365263545599"},{"cat":"function","dur":"7","name":"renderLine","ph":"X","pid":"0","tid":"0x105e465c0","ts":"365263545622"},{"cat":"function","dur":"17687","name":"loop","ph":"X","pid":"0","tid":"0x105e465c0","ts":"365263545231"},{"cat":"function","dur":"38","name":"renderCircle","ph":"X","pid":"0","tid":"0x105e465c0","ts":"365263562978"},{"cat":"function","dur":"13","name":"renderQuad","ph":"X","pid":"0","tid":"0x105e465c0","ts":"365263563047"},{"cat":"function","dur":"17","name":"renderLine","ph":"X","pid":"0","tid":"0x105e465c0","ts":"365263563080"},{"cat":"function","dur":"13","name":"render","ph":"X","pid":"0","tid":"0x105e465c0","ts":"365263563107"},{"cat":"function","dur":"9","name":"render","ph":"X","pid":"0","tid":"0x105e465c0","ts":"365263563128"},{"cat":"function","dur":"8","name":"render","ph":"X","pid":"0","tid":"0x105e465c0","ts":"365263563145"},{"cat":"function","dur":"223","name":"renderFrame","ph":"X","pid":"0","tid":"0x105e465c0","ts":"365263563106"},{"cat":"function","dur":"11","name":"renderLine","ph":"X","pid":"0","tid":"0x105e465c0","ts":"365263563342"},{"cat":"function","dur":"7","name":"renderLine","ph":"X","pid":"0","tid":"0x105e465c0","ts":"365263563363"},{"cat":"function","dur":"17107","name":"loop","ph":"X","pid":"0","tid":"0x105e465c0","ts":"365263562956"},{"cat":"function","dur":"48","name":"renderCircle","ph":"X","pid":"0","tid":"0x105e465c0","ts":"365263580134"},{"cat":"function","dur":"14","name":"renderQuad","ph":"X","pid":"0","tid":"0x105e465c0","ts":"365263580195"},{"cat":"function","dur":"21","name":"renderLine","ph":"X","pid":"0","tid":"0x105e465c0","ts":"365263580231"},{"cat":"function","dur":"15","name":"render","ph":"X","pid":"0","tid":"0x105e465c0","ts":"365263580263"},{"cat":"function","dur":"9","name":"render","ph":"X","pid":"0","tid":"0x105e465c0","ts":"365263580287"},{"cat":"function","dur":"9","name":"render","ph":"X","pid":"0","tid":"0x105e465c0","ts":"365263580304"},{"cat":"function","dur":"239","name":"renderFrame","ph":"X","pid":"0","tid":"0x105e465c0","ts":"365263580262"},{"cat":"function","dur":"14","name":"renderLine","ph":"X","pid":"0","tid":"0x105e465c0","ts":"365263580518"},{"cat":"function","dur":"8","name":"renderLine","ph":"X","pid":"0","tid":"0x105e465c0","ts":"365263580543"},{"cat":"function","dur":"16576","name":"loop","ph":"X","pid":"0","tid":"0x105e465c0","ts":"365263580109"},{"cat":"function","dur":"35","name":"renderCircle","ph":"X","pid":"0","tid":"0x105e465c0","ts":"365263596749"},{"cat":"function","dur":"12","name":"renderQuad","ph":"X","pid":"0","tid":"0x105e465c0","ts":"365263596797"},{"cat":"function","dur":"17","name":"renderLine","ph":"X","pid":"0","tid":"0x105e465c0","ts":"365263596830"},{"cat":"function","dur":"14","name":"render","ph":"X","pid":"0","tid":"0x105e465c0","ts":"365263596858"},{"cat":"function","dur":"9","name":"render","ph":"X","pid":"0","tid":"0x105e465c0","ts":"365263596881"},{"cat":"function","dur":"9","name":"render","ph":"X","pid":"0","tid":"0x105e465c0","ts":"365263596898"},{"cat":"function","dur":"232","name":"renderFrame","ph":"X","pid":"0","tid":"0x105e465c0","ts":"365263596858"},{"cat":"function","dur":"11","name":"renderLine","ph":"X","pid":"0","tid":"0x105e465c0","ts":"365263597104"},{"cat":"function","dur":"8","name":"renderLine","ph":"X","pid":"0","tid":"0x105e465c0","ts":"365263597125"},{"cat":"function","dur":"16249","name":"loop","ph":"X","pid":"0","tid":"0x105e465c0","ts":"365263596730"},{"cat":"function","dur":"41","name":"renderCircle","ph":"X","pid":"0","tid":"0x105e465c0","ts":"365263613046"},{"cat":"function","dur":"15","name":"renderQuad","ph":"X","pid":"0","tid":"0x105e465c0","ts":"365263613104"},{"cat":"function","dur":"19","name":"renderLine","ph":"X","pid":"0","tid":"0x105e465c0","ts":"365263613141"},{"cat":"function","dur":"15","name":"render","ph":"X","pid":"0","tid":"0x105e465c0","ts":"365263613173"},{"cat":"function","dur":"10","name":"render","ph":"X","pid":"0","tid":"0x105e465c0","ts":"365263613197"},{"cat":"function","dur":"9","name":"render","ph":"X","pid":"0","tid":"0x105e465c0","ts":"365263613215"},{"cat":"function","dur":"367","name":"renderFrame","ph":"X","pid":"0","tid":"0x105e465c0","ts":"365263613172"},{"cat":"function","dur":"45","name":"renderLine","ph":"X","pid":"0","tid":"0x105e465c0","ts":"365263613596"},{"cat":"function","dur":"19","name":"renderLine","ph":"X","pid":"0","tid":"0x105e465c0","ts":"365263613668"},{"cat":"function","dur":"17031","name":"loop","ph":"X","pid":"0","tid":"0x105e465c0","ts":"365263613020"},{"cat":"function","dur":"34","name":"renderCircle","ph":"X","pid":"0","tid":"0x105e465c0","ts":"365263630108"},{"cat":"function","dur":"11","name":"renderQuad","ph":"X","pid":"0","tid":"0x105e465c0","ts":"365263630155"},{"cat":"function","dur":"17","name":"renderLine","ph":"X","pid":"0","tid":"0x105e465c0","ts":"365263630187"},{"cat":"function","dur":"13","name":"render","ph":"X","pid":"0","tid":"0x105e465c0","ts":"365263630215"},{"cat":"function","dur":"9","name":"render","ph":"X","pid":"0","tid":"0x105e465c0","ts":"365263630237"},{"cat":"function","dur":"8","name":"render","ph":"X","pid":"0","tid":"0x105e465c0","ts":"365263630255"},{"cat":"function","dur":"231","name":"renderFrame","ph":"X","pid":"0","tid":"0x105e465c0","ts":"365263630215"},{"cat":"function","dur":"12","name":"renderLine","ph":"X","pid":"0","tid":"0x105e465c0","ts":"365263630459"},{"cat":"function","dur":"8","name":"renderLine","ph":"X","pid":"0","tid":"0x105e465c0","ts":"365263630482"},{"cat":"function","dur":"16431","name":"loop","ph":"X","pid":"0","tid":"0x105e465c0","ts":"365263630089"},{"cat":"function","dur":"45","name":"renderCircle","ph":"X","pid":"0","tid":"0x105e465c0","ts":"365263646593"},{"cat":"function","dur":"15","name":"renderQuad","ph":"X","pid":"0","tid":"0x105e465c0","ts":"365263646657"},{"cat":"function","dur":"37","name":"renderLine","ph":"X","pid":"0","tid":"0x105e465c0","ts":"365263646740"},{"cat":"function","dur":"25","name":"render","ph":"X","pid":"0","tid":"0x105e465c0","ts":"365263646813"},{"cat":"function","dur":"11","name":"render","ph":"X","pid":"0","tid":"0x105e465c0","ts":"365263646854"},{"cat":"function","dur":"11","name":"render","ph":"X","pid":"0","tid":"0x105e465c0","ts":"365263646876"},{"cat":"function","dur":"413","name":"renderFrame","ph":"X","pid":"0","tid":"0x105e465c0","ts":"365263646812"},{"cat":"function","dur":"68","name":"renderLine","ph":"X","pid":"0","tid":"0x105e465c0","ts":"365263647317"},{"cat":"function","dur":"24","name":"renderLine","ph":"X","pid":"0","tid":"0x105e465c0","ts":"365263647425"},{"cat":"function","dur":"17526","name":"loop","ph":"X","pid":"0","tid":"0x105e465c0","ts":"365263646568"},{"cat":"function","dur":"39","name":"renderCircle","ph":"X","pid":"0","tid":"0x105e465c0","ts":"365263664148"},{"cat":"function","dur":"11","name":"renderQuad","ph":"X","pid":"0","tid":"0x105e465c0","ts":"365263664200"},{"cat":"function","dur":"19","name":"renderLine","ph":"X","pid":"0","tid":"0x105e465c0","ts":"365263664232"},{"cat":"function","dur":"13","name":"render","ph":"X","pid":"0","tid":"0x105e465c0","ts":"365263664261"},{"cat":"function","dur":"9","name":"render","ph":"X","pid":"0","tid":"0x105e465c0","ts":"365263664283"},{"cat":"function","dur":"9","name":"render","ph":"X","pid":"0","tid":"0x105e465c0","ts":"365263664300"},{"cat":"function","dur":"232","name":"renderFrame","ph":"X","pid":"0","tid":"0x105e465c0","ts":"365263664260"},{"cat":"function","dur":"11","name":"renderLine","ph":"X","pid":"0","tid":"0x105e465c0","ts":"365263664506"},{"cat":"function","dur":"8","name":"renderLine","ph":"X","pid":"0","tid":"0x105e465c0","ts":"365263664527"},{"cat":"function","dur":"17161","name":"loop","ph":"X","pid":"0","tid":"0x105e465c0","ts":"365263664129"},{"cat":"function","dur":"68","name":"renderCircle","ph":"X","pid":"0","tid":"0x105e465c0","ts":"365263681435"},{"cat":"function","dur":"16","name":"renderQuad","ph":"X","pid":"0","tid":"0x105e465c0","ts":"365263681524"},{"cat":"function","dur":"25","name":"renderLine","ph":"X","pid":"0","tid":"0x105e465c0","ts":"365263681567"},{"cat":"function","dur":"18","name":"render","ph":"X","pid":"0","tid":"0x105e465c0","ts":"365263681604"},{"cat":"function","dur":"10","name":"render","ph":"X","pid":"0","tid":"0x105e465c0","ts":"365263681631"},{"cat":"function","dur":"10","name":"render","ph":"X","pid":"0","tid":"0x105e465c0","ts":"365263681649"},{"cat":"function","dur":"252","name":"renderFrame","ph":"X","pid":"0","tid":"0x105e465c0","ts":"365263681602"},{"cat":"function","dur":"10","name":"checkForCollision","ph":"X","pid":"0","tid":"0x105e465c0","ts":"365263681900"},{"cat":"function","dur":"27","name":"checkForCollisions","ph":"X","pid":"0","tid":"0x105e465c0","ts":"365263681900"},{"cat":"function","dur":"36","name":"timeStep","ph":"X","pid":"0","tid":"0x105e465c0","ts":"365263681897"},{"cat":"function","dur":"20","name":"renderLine","ph":"X","pid":"0","tid":"0x105e465c0","ts":"365263681939"},{"cat":"function","dur":"8","name":"renderLine","ph":"X","pid":"0","tid":"0x105e465c0","ts":"365263681970"},{"cat":"function","dur":"17625","name":"loop","ph":"X","pid":"0","tid":"0x105e465c0","ts":"365263681389"},{"cat":"function","dur":"42","name":"renderCircle","ph":"X","pid":"0","tid":"0x105e465c0","ts":"365263699090"},{"cat":"function","dur":"12","name":"renderQuad","ph":"X","pid":"0","tid":"0x105e465c0","ts":"365263699146"},{"cat":"function","dur":"19","name":"renderLine","ph":"X","pid":"0","tid":"0x105e465c0","ts":"365263699184"},{"cat":"function","dur":"14","name":"render","ph":"X","pid":"0","tid":"0x105e465c0","ts":"365263699214"},{"cat":"function","dur":"10","name":"render","ph":"X","pid":"0","tid":"0x105e465c0","ts":"365263699237"},{"cat":"function","dur":"9","name":"render","ph":"X","pid":"0","tid":"0x105e465c0","ts":"365263699255"},{"cat":"function","dur":"232","name":"renderFrame","ph":"X","pid":"0","tid":"0x105e465c0","ts":"365263699214"},{"cat":"function","dur":"12","name":"checkForCollisions","ph":"X","pid":"0","tid":"0x105e465c0","ts":"365263699459"},{"cat":"function","dur":"21","name":"timeStep","ph":"X","pid":"0","tid":"0x105e465c0","ts":"365263699457"},{"cat":"function","dur":"11","name":"renderLine","ph":"X","pid":"0","tid":"0x105e465c0","ts":"365263699484"},{"cat":"function","dur":"8","name":"renderLine","ph":"X","pid":"0","tid":"0x105e465c0","ts":"365263699505"},{"cat":"function","dur":"17808","name":"loop","ph":"X","pid":"0","tid":"0x105e465c0","ts":"365263699067"},{"cat":"function","dur":"66","name":"renderCircle","ph":"X","pid":"0","tid":"0x105e465c0","ts":"365263716985"},{"cat":"function","dur":"14","name":"renderQuad","ph":"X","pid":"0","tid":"0x105e465c0","ts":"365263717070"},{"cat":"function","dur":"23","name":"renderLine","ph":"X","pid":"0","tid":"0x105e465c0","ts":"365263717114"},{"cat":"function","dur":"17","name":"render","ph":"X","pid":"0","tid":"0x105e465c0","ts":"365263717151"},{"cat":"function","dur":"11","name":"render","ph":"X","pid":"0","tid":"0x105e465c0","ts":"365263717180"},{"cat":"function","dur":"10","name":"render","ph":"X","pid":"0","tid":"0x105e465c0","ts":"365263717202"},{"cat":"function","dur":"263","name":"renderFrame","ph":"X","pid":"0","tid":"0x105e465c0","ts":"365263717150"},{"cat":"function","dur":"13","name":"checkForCollisions","ph":"X","pid":"0","tid":"0x105e465c0","ts":"365263717431"},{"cat":"function","dur":"26","name":"timeStep","ph":"X","pid":"0","tid":"0x105e465c0","ts":"365263717429"},{"cat":"function","dur":"13","name":"renderLine","ph":"X","pid":"0","tid":"0x105e465c0","ts":"365263717464"},{"cat":"function","dur":"8","name":"renderLine","ph":"X","pid":"0","tid":"0x105e465c0","ts":"365263717493"},{"cat":"function","dur":"16439","name":"loop","ph":"X","pid":"0","tid":"0x105e465c0","ts":"365263716950"},{"cat":"function","dur":"35","name":"renderCircle","ph":"X","pid":"0","tid":"0x105e465c0","ts":"365263733452"},{"cat":"function","dur":"11","name":"renderQuad","ph":"X","pid":"0","tid":"0x105e465c0","ts":"365263733502"},{"cat":"function","dur":"15","name":"renderLine","ph":"X","pid":"0","tid":"0x105e465c0","ts":"365263733537"},{"cat":"function","dur":"13","name":"render","ph":"X","pid":"0","tid":"0x105e465c0","ts":"365263733565"},{"cat":"function","dur":"9","name":"render","ph":"X","pid":"0","tid":"0x105e465c0","ts":"365263733589"},{"cat":"function","dur":"8","name":"render","ph":"X","pid":"0","tid":"0x105e465c0","ts":"365263733609"},{"cat":"function","dur":"233","name":"renderFrame","ph":"X","pid":"0","tid":"0x105e465c0","ts":"365263733564"},{"cat":"function","dur":"11","name":"checkForCollisions","ph":"X","pid":"0","tid":"0x105e465c0","ts":"365263733827"},{"cat":"function","dur":"21","name":"timeStep","ph":"X","pid":"0","tid":"0x105e465c0","ts":"365263733825"},{"cat":"function","dur":"11","name":"renderLine","ph":"X","pid":"0","tid":"0x105e465c0","ts":"365263733852"},{"cat":"function","dur":"7","name":"renderLine","ph":"X","pid":"0","tid":"0x105e465c0","ts":"365263733874"},{"cat":"function","dur":"17294","name":"loop","ph":"X","pid":"0","tid":"0x105e465c0","ts":"365263733432"},{"cat":"function","dur":"68","name":"renderCircle","ph":"X","pid":"0","tid":"0x105e465c0","ts":"365263750827"},{"cat":"function","dur":"17","name":"renderQuad","ph":"X","pid":"0","tid":"0x105e465c0","ts":"365263750910"},{"cat":"function","dur":"26","name":"renderLine","ph":"X","pid":"0","tid":"0x105e465c0","ts":"365263750952"},{"cat":"function","dur":"19","name":"render","ph":"X","pid":"0","tid":"0x105e465c0","ts":"365263750989"},{"cat":"function","dur":"10","name":"render","ph":"X","pid":"0","tid":"0x105e465c0","ts":"365263751018"},{"cat":"function","dur":"10","name":"render","ph":"X","pid":"0","tid":"0x105e465c0","ts":"365263751037"},{"cat":"function","dur":"265","name":"renderFrame","ph":"X","pid":"0","tid":"0x105e465c0","ts":"365263750988"},{"cat":"function","dur":"13","name":"checkForCollisions","ph":"X","pid":"0","tid":"0x105e465c0","ts":"365263751269"},{"cat":"function","dur":"24","name":"timeStep","ph":"X","pid":"0","tid":"0x105e465c0","ts":"365263751266"},{"cat":"function","dur":"13","name":"renderLine","ph":"X","pid":"0","tid":"0x105e465c0","ts":"365263751297"},{"cat":"function","dur":"9","name":"renderLine","ph":"X","pid":"0","tid":"0x105e465c0","ts":"365263751324"},{"cat":"function","dur":"16262","name":"loop","ph":"X","pid":"0","tid":"0x105e465c0","ts":"365263750791"},{"cat":"function","dur":"36","name":"renderCircle","ph":"X","pid":"0","tid":"0x105e465c0","ts":"365263767112"},{"cat":"function","dur":"12","name":"renderQuad","ph":"X","pid":"0","tid":"0x105e465c0","ts":"365263767161"},{"cat":"function","dur":"17","name":"renderLine","ph":"X","pid":"0","tid":"0x105e465c0","ts":"365263767195"},{"cat":"function","dur":"23","name":"render","ph":"X","pid":"0","tid":"0x105e465c0","ts":"365263767223"},{"cat":"function","dur":"10","name":"render","ph":"X","pid":"0","tid":"0x105e465c0","ts":"365263767257"},{"cat":"function","dur":"8","name":"render","ph":"X","pid":"0","tid":"0x105e465c0","ts":"365263767276"},{"cat":"function","dur":"247","name":"renderFrame","ph":"X","pid":"0","tid":"0x105e465c0","ts":"365263767223"},{"cat":"function","dur":"12","name":"checkForCollisions","ph":"X","pid":"0","tid":"0x105e465c0","ts":"365263767484"},{"cat":"function","dur":"21","name":"timeStep","ph":"X","pid":"0","tid":"0x105e465c0","ts":"365263767482"},{"cat":"function","dur":"12","name":"renderLine","ph":"X","pid":"0","tid":"0x105e465c0","ts":"365263767509"},{"cat":"function","dur":"8","name":"renderLine","ph":"X","pid":"0","tid":"0x105e465c0","ts":"365263767532"},{"cat":"function","dur":"16283","name":"loop","ph":"X","pid":"0","tid":"0x105e465c0","ts":"365263767091"},{"cat":"function","dur":"65","name":"renderCircle","ph":"X","pid":"0","tid":"0x105e465c0","ts":"365263783477"},{"cat":"function","dur":"16","name":"renderQuad","ph":"X","pid":"0","tid":"0x105e465c0","ts":"365263783555"},{"cat":"function","dur":"27","name":"renderLine","ph":"X","pid":"0","tid":"0x105e465c0","ts":"365263783596"},{"cat":"function","dur":"18","name":"render","ph":"X","pid":"0","tid":"0x105e465c0","ts":"365263783635"},{"cat":"function","dur":"11","name":"render","ph":"X","pid":"0","tid":"0x105e465c0","ts":"365263783662"},{"cat":"function","dur":"10","name":"render","ph":"X","pid":"0","tid":"0x105e465c0","ts":"365263783681"},{"cat":"function","dur":"253","name":"renderFrame","ph":"X","pid":"0","tid":"0x105e465c0","ts":"365263783633"},{"cat":"function","dur":"12","name":"checkForCollisions","ph":"X","pid":"0","tid":"0x105e465c0","ts":"365263783901"},{"cat":"function","dur":"22","name":"timeStep","ph":"X","pid":"0","tid":"0x105e465c0","ts":"365263783898"},{"cat":"function","dur":"13","name":"renderLine","ph":"X","pid":"0","tid":"0x105e465c0","ts":"365263783954"},{"cat":"function","dur":"8","name":"renderLine","ph":"X","pid":"0","tid":"0x105e465c0","ts":"365263783979"},{"cat":"function","dur":"18045","name":"loop","ph":"X","pid":"0","tid":"0x105e465c0","ts":"365263783441"},{"cat":"function","dur":"34","name":"renderCircle","ph":"X","pid":"0","tid":"0x105e465c0","ts":"365263801543"},{"cat":"function","dur":"12","name":"renderQuad","ph":"X","pid":"0","tid":"0x105e465c0","ts":"365263801589"},{"cat":"function","dur":"15","name":"renderLine","ph":"X","pid":"0","tid":"0x105e465c0","ts":"365263801620"},{"cat":"function","dur":"13","name":"render","ph":"X","pid":"0","tid":"0x105e465c0","ts":"365263801645"},{"cat":"function","dur":"9","name":"render","ph":"X","pid":"0","tid":"0x105e465c0","ts":"365263801666"},{"cat":"function","dur":"8","name":"render","ph":"X","pid":"0","tid":"0x105e465c0","ts":"365263801683"},{"cat":"function","dur":"223","name":"renderFrame","ph":"X","pid":"0","tid":"0x105e465c0","ts":"365263801645"},{"cat":"function","dur":"12","name":"checkForCollisions","ph":"X","pid":"0","tid":"0x105e465c0","ts":"365263801880"},{"cat":"function","dur":"21","name":"timeStep","ph":"X","pid":"0","tid":"0x105e465c0","ts":"365263801878"},{"cat":"function","dur":"11","name":"renderLine","ph":"X","pid":"0","tid":"0x105e465c0","ts":"365263801904"},{"cat":"function","dur":"7","name":"renderLine","ph":"X","pid":"0","tid":"0x105e465c0","ts":"365263801925"},{"cat":"function","dur":"17764","name":"loop","ph":"X","pid":"0","tid":"0x105e465c0","ts":"365263801522"},{"cat":"function","dur":"50","name":"renderCircle","ph":"X","pid":"0","tid":"0x105e465c0","ts":"365263819374"},{"cat":"function","dur":"13","name":"renderQuad","ph":"X","pid":"0","tid":"0x105e465c0","ts":"365263819437"},{"cat":"function","dur":"18","name":"renderLine","ph":"X","pid":"0","tid":"0x105e465c0","ts":"365263819471"},{"cat":"function","dur":"14","name":"render","ph":"X","pid":"0","tid":"0x105e465c0","ts":"365263819500"},{"cat":"function","dur":"9","name":"render","ph":"X","pid":"0","tid":"0x105e465c0","ts":"365263819523"},{"cat":"function","dur":"8","name":"render","ph":"X","pid":"0","tid":"0x105e465c0","ts":"365263819540"},{"cat":"function","dur":"251","name":"renderFrame","ph":"X","pid":"0","tid":"0x105e465c0","ts":"365263819499"},{"cat":"function","dur":"13","name":"checkForCollisions","ph":"X","pid":"0","tid":"0x105e465c0","ts":"365263819768"},{"cat":"function","dur":"23","name":"timeStep","ph":"X","pid":"0","tid":"0x105e465c0","ts":"365263819766"},{"cat":"function","dur":"13","name":"renderLine","ph":"X","pid":"0","tid":"0x105e465c0","ts":"365263819795"},{"cat":"function","dur":"8","name":"renderLine","ph":"X","pid":"0","tid":"0x105e465c0","ts":"365263819818"},{"cat":"function","dur":"17490","name":"loop","ph":"X","pid":"0","tid":"0x105e465c0","ts":"365263819345"},{"cat":"function","dur":"34","name":"renderCircle","ph":"X","pid":"0","tid":"0x105e465c0","ts":"365263836893"},{"cat":"function","dur":"11","name":"renderQuad","ph":"X","pid":"0","tid":"0x105e465c0","ts":"365263836939"},{"cat":"function","dur":"16","name":"renderLine","ph":"X","pid":"0","tid":"0x105e465c0","ts":"365263836970"},{"cat":"function","dur":"13","name":"render","ph":"X","pid":"0","tid":"0x105e465c0","ts":"365263836996"},{"cat":"function","dur":"9","name":"render","ph":"X","pid":"0","tid":"0x105e465c0","ts":"365263837017"},{"cat":"function","dur":"8","name":"render","ph":"X","pid":"0","tid":"0x105e465c0","ts":"365263837033"},{"cat":"function","dur":"220","name":"renderFrame","ph":"X","pid":"0","tid":"0x105e465c0","ts":"365263836995"},{"cat":"function","dur":"12","name":"checkForCollisions","ph":"X","pid":"0","tid":"0x105e465c0","ts":"365263837228"},{"cat":"function","dur":"19","name":"timeStep","ph":"X","pid":"0","tid":"0x105e465c0","ts":"365263837227"},{"cat":"function","dur":"11","name":"renderLine","ph":"X","pid":"0","tid":"0x105e465c0","ts":"365263837252"},{"cat":"function","dur":"8","name":"renderLine","ph":"X","pid":"0","tid":"0x105e465c0","ts":"365263837272"},{"cat":"function","dur":"18012","name":"loop","ph":"X","pid":"0","tid":"0x105e465c0","ts":"365263836873"},{"cat":"function","dur":"38","name":"renderCircle","ph":"X","pid":"0","tid":"0x105e465c0","ts":"365263854948"},{"cat":"function","dur":"11","name":"renderQuad","ph":"X","pid":"0","tid":"0x105e465c0","ts":"365263854999"},{"cat":"function","dur":"17","name":"renderLine","ph":"X","pid":"0","tid":"0x105e465c0","ts":"365263855032"},{"cat":"function","dur":"13","name":"render","ph":"X","pid":"0","tid":"0x105e465c0","ts":"365263855060"},{"cat":"function","dur":"9","name":"render","ph":"X","pid":"0","tid":"0x105e465c0","ts":"365263855082"},{"cat":"function","dur":"8","name":"render","ph":"X","pid":"0","tid":"0x105e465c0","ts":"365263855099"},{"cat":"function","dur":"234","name":"renderFrame","ph":"X","pid":"0","tid":"0x105e465c0","ts":"365263855059"},{"cat":"function","dur":"12","name":"checkForCollisions","ph":"X","pid":"0","tid":"0x105e465c0","ts":"365263855306"},{"cat":"function","dur":"21","name":"timeStep","ph":"X","pid":"0","tid":"0x105e465c0","ts":"365263855304"},{"cat":"function","dur":"12","name":"renderLine","ph":"X","pid":"0","tid":"0x105e465c0","ts":"365263855331"},{"cat":"function","dur":"8","name":"renderLine","ph":"X","pid":"0","tid":"0x105e465c0","ts":"365263855353"},{"cat":"function","dur":"16470","name":"loop","ph":"X","pid":"0","tid":"0x105e465c0","ts":"365263854926"},{"cat":"function","dur":"36","name":"renderCircle","ph":"X","pid":"0","tid":"0x105e465c0","ts":"365263871454"},{"cat":"function","dur":"11","name":"renderQuad","ph":"X","pid":"0","tid":"0x105e465c0","ts":"365263871502"},{"cat":"function","dur":"15","name":"renderLine","ph":"X","pid":"0","tid":"0x105e465c0","ts":"365263871532"},{"cat":"function","dur":"13","name":"render","ph":"X","pid":"0","tid":"0x105e465c0","ts":"365263871557"},{"cat":"function","dur":"8","name":"render","ph":"X","pid":"0","tid":"0x105e465c0","ts":"365263871578"},{"cat":"function","dur":"8","name":"render","ph":"X","pid":"0","tid":"0x105e465c0","ts":"365263871594"},{"cat":"function","dur":"216","name":"renderFrame","ph":"X","pid":"0","tid":"0x105e465c0","ts":"365263871557"},{"cat":"function","dur":"11","name":"checkForCollisions","ph":"X","pid":"0","tid":"0x105e465c0","ts":"365263871785"},{"cat":"function","dur":"20","name":"timeStep","ph":"X","pid":"0","tid":"0x105e465c0","ts":"365263871783"},{"cat":"function","dur":"11","name":"renderLine","ph":"X","pid":"0","tid":"0x105e465c0","ts":"365263871808"},{"cat":"function","dur":"8","name":"renderLine","ph":"X","pid":"0","tid":"0x105e465c0","ts":"365263871830"},{"cat":"function","dur":"17978","name":"loop","ph":"X","pid":"0","tid":"0x105e465c0","ts":"365263871434"},{"cat":"function","dur":"41","name":"renderCircle","ph":"X","pid":"0","tid":"0x105e465c0","ts":"365263889477"},{"cat":"function","dur":"12","name":"renderQuad","ph":"X","pid":"0","tid":"0x105e465c0","ts":"365263889531"},{"cat":"function","dur":"19","name":"renderLine","ph":"X","pid":"0","tid":"0x105e465c0","ts":"365263889564"},{"cat":"function","dur":"14","name":"render","ph":"X","pid":"0","tid":"0x105e465c0","ts":"365263889595"},{"cat":"function","dur":"9","name":"render","ph":"X","pid":"0","tid":"0x105e465c0","ts":"365263889618"},{"cat":"function","dur":"9","name":"render","ph":"X","pid":"0","tid":"0x105e465c0","ts":"365263889636"},{"cat":"function","dur":"242","name":"renderFrame","ph":"X","pid":"0","tid":"0x105e465c0","ts":"365263889594"},{"cat":"function","dur":"12","name":"checkForCollisions","ph":"X","pid":"0","tid":"0x105e465c0","ts":"365263889850"},{"cat":"function","dur":"22","name":"timeStep","ph":"X","pid":"0","tid":"0x105e465c0","ts":"365263889848"},{"cat":"function","dur":"12","name":"renderLine","ph":"X","pid":"0","tid":"0x105e465c0","ts":"365263889876"},{"cat":"function","dur":"8","name":"renderLine","ph":"X","pid":"0","tid":"0x105e465c0","ts":"365263889898"},{"cat":"function","dur":"16210","name":"loop","ph":"X","pid":"0","tid":"0x105e465c0","ts":"365263889455"},{"cat":"function","dur":"35","name":"renderCircle","ph":"X","pid":"0","tid":"0x105e465c0","ts":"365263905722"},{"cat":"function","dur":"12","name":"renderQuad","ph":"X","pid":"0","tid":"0x105e465c0","ts":"365263905787"},{"cat":"function","dur":"16","name":"renderLine","ph":"X","pid":"0","tid":"0x105e465c0","ts":"365263905820"},{"cat":"function","dur":"13","name":"render","ph":"X","pid":"0","tid":"0x105e465c0","ts":"365263905846"},{"cat":"function","dur":"9","name":"render","ph":"X","pid":"0","tid":"0x105e465c0","ts":"365263905867"},{"cat":"function","dur":"8","name":"render","ph":"X","pid":"0","tid":"0x105e465c0","ts":"365263905884"},{"cat":"function","dur":"240","name":"renderFrame","ph":"X","pid":"0","tid":"0x105e465c0","ts":"365263905845"},{"cat":"function","dur":"11","name":"checkForCollisions","ph":"X","pid":"0","tid":"0x105e465c0","ts":"365263906101"},{"cat":"function","dur":"20","name":"timeStep","ph":"X","pid":"0","tid":"0x105e465c0","ts":"365263906099"},{"cat":"function","dur":"12","name":"renderLine","ph":"X","pid":"0","tid":"0x105e465c0","ts":"365263906125"},{"cat":"function","dur":"7","name":"renderLine","ph":"X","pid":"0","tid":"0x105e465c0","ts":"365263906147"},{"cat":"function","dur":"17480","name":"loop","ph":"X","pid":"0","tid":"0x105e465c0","ts":"365263905702"},{"cat":"function","dur":"38","name":"renderCircle","ph":"X","pid":"0","tid":"0x105e465c0","ts":"365263923243"},{"cat":"function","dur":"12","name":"renderQuad","ph":"X","pid":"0","tid":"0x105e465c0","ts":"365263923295"},{"cat":"function","dur":"18","name":"renderLine","ph":"X","pid":"0","tid":"0x105e465c0","ts":"365263923328"},{"cat":"function","dur":"14","name":"render","ph":"X","pid":"0","tid":"0x105e465c0","ts":"365263923357"},{"cat":"function","dur":"10","name":"render","ph":"X","pid":"0","tid":"0x105e465c0","ts":"365263923380"},{"cat":"function","dur":"9","name":"render","ph":"X","pid":"0","tid":"0x105e465c0","ts":"365263923398"},{"cat":"function","dur":"241","name":"renderFrame","ph":"X","pid":"0","tid":"0x105e465c0","ts":"365263923356"},{"cat":"function","dur":"12","name":"checkForCollisions","ph":"X","pid":"0","tid":"0x105e465c0","ts":"365263923611"},{"cat":"function","dur":"21","name":"timeStep","ph":"X","pid":"0","tid":"0x105e465c0","ts":"365263923609"},{"cat":"function","dur":"12","name":"renderLine","ph":"X","pid":"0","tid":"0x105e465c0","ts":"365263923636"},{"cat":"function","dur":"8","name":"renderLine","ph":"X","pid":"0","tid":"0x105e465c0","ts":"365263923659"},{"cat":"function","dur":"18006","name":"loop","ph":"X","pid":"0","tid":"0x105e465c0","ts":"365263923222"},{"cat":"function","dur":"40","name":"renderCircle","ph":"X","pid":"0","tid":"0x105e465c0","ts":"365263941306"},{"cat":"function","dur":"12","name":"renderQuad","ph":"X","pid":"0","tid":"0x105e465c0","ts":"365263941366"},{"cat":"function","dur":"18","name":"renderLine","ph":"X","pid":"0","tid":"0x105e465c0","ts":"365263941399"},{"cat":"function","dur":"13","name":"render","ph":"X","pid":"0","tid":"0x105e465c0","ts":"365263941427"},{"cat":"function","dur":"9","name":"render","ph":"X","pid":"0","tid":"0x105e465c0","ts":"365263941449"},{"cat":"function","dur":"8","name":"render","ph":"X","pid":"0","tid":"0x105e465c0","ts":"365263941466"},{"cat":"function","dur":"220","name":"renderFrame","ph":"X","pid":"0","tid":"0x105e465c0","ts":"365263941427"},{"cat":"function","dur":"11","name":"checkForCollisions","ph":"X","pid":"0","tid":"0x105e465c0","ts":"365263941661"},{"cat":"function","dur":"19","name":"timeStep","ph":"X","pid":"0","tid":"0x105e465c0","ts":"365263941659"},{"cat":"function","dur":"11","name":"renderLine","ph":"X","pid":"0","tid":"0x105e465c0","ts":"365263941684"},{"cat":"function","dur":"7","name":"renderLine","ph":"X","pid":"0","tid":"0x105e465c0","ts":"365263941705"},{"cat":"function","dur":"17920","name":"loop","ph":"X","pid":"0","tid":"0x105e465c0","ts":"365263941285"},{"cat":"function","dur":"38","name":"renderCircle","ph":"X","pid":"0","tid":"0x105e465c0","ts":"365263959265"},{"cat":"function","dur":"12","name":"renderQuad","ph":"X","pid":"0","tid":"0x105e465c0","ts":"365263959315"},{"cat":"function","dur":"19","name":"renderLine","ph":"X","pid":"0","tid":"0x105e465c0","ts":"365263959368"},{"cat":"function","dur":"14","name":"render","ph":"X","pid":"0","tid":"0x105e465c0","ts":"365263959399"},{"cat":"function","dur":"9","name":"render","ph":"X","pid":"0","tid":"0x105e465c0","ts":"365263959422"},{"cat":"function","dur":"19","name":"render","ph":"X","pid":"0","tid":"0x105e465c0","ts":"365263959440"},{"cat":"function","dur":"249","name":"renderFrame","ph":"X","pid":"0","tid":"0x105e465c0","ts":"365263959398"},{"cat":"function","dur":"12","name":"checkForCollisions","ph":"X","pid":"0","tid":"0x105e465c0","ts":"365263959661"},{"cat":"function","dur":"21","name":"timeStep","ph":"X","pid":"0","tid":"0x105e465c0","ts":"365263959659"},{"cat":"function","dur":"11","name":"renderLine","ph":"X","pid":"0","tid":"0x105e465c0","ts":"365263959686"},{"cat":"function","dur":"8","name":"renderLine","ph":"X","pid":"0","tid":"0x105e465c0","ts":"365263959708"},{"cat":"function","dur":"17013","name":"loop","ph":"X","pid":"0","tid":"0x105e465c0","ts":"365263959244"},{"cat":"function","dur":"40","name":"renderCircle","ph":"X","pid":"0","tid":"0x105e465c0","ts":"365263976317"},{"cat":"function","dur":"12","name":"renderQuad","ph":"X","pid":"0","tid":"0x105e465c0","ts":"365263976369"},{"cat":"function","dur":"17","name":"renderLine","ph":"X","pid":"0","tid":"0x105e465c0","ts":"365263976402"},{"cat":"function","dur":"12","name":"render","ph":"X","pid":"0","tid":"0x105e465c0","ts":"365263976430"},{"cat":"function","dur":"9","name":"render","ph":"X","pid":"0","tid":"0x105e465c0","ts":"365263976451"},{"cat":"function","dur":"8","name":"render","ph":"X","pid":"0","tid":"0x105e465c0","ts":"365263976468"},{"cat":"function","dur":"228","name":"renderFrame","ph":"X","pid":"0","tid":"0x105e465c0","ts":"365263976429"},{"cat":"function","dur":"11","name":"checkForCollisions","ph":"X","pid":"0","tid":"0x105e465c0","ts":"365263976671"},{"cat":"function","dur":"20","name":"timeStep","ph":"X","pid":"0","tid":"0x105e465c0","ts":"365263976669"},{"cat":"function","dur":"11","name":"renderLine","ph":"X","pid":"0","tid":"0x105e465c0","ts":"365263976695"},{"cat":"function","dur":"7","name":"renderLine","ph":"X","pid":"0","tid":"0x105e465c0","ts":"365263976716"},{"cat":"function","dur":"16463","name":"loop","ph":"X","pid":"0","tid":"0x105e465c0","ts":"365263976295"},{"cat":"function","dur":"37","name":"renderCircle","ph":"X","pid":"0","tid":"0x105e465c0","ts":"365263992816"},{"cat":"function","dur":"11","name":"renderQuad","ph":"X","pid":"0","tid":"0x105e465c0","ts":"365263992865"},{"cat":"function","dur":"16","name":"renderLine","ph":"X","pid":"0","tid":"0x105e465c0","ts":"365263992895"},{"cat":"function","dur":"12","name":"render","ph":"X","pid":"0","tid":"0x105e465c0","ts":"365263992922"},{"cat":"function","dur":"9","name":"render","ph":"X","pid":"0","tid":"0x105e465c0","ts":"365263992942"},{"cat":"function","dur":"8","name":"render","ph":"X","pid":"0","tid":"0x105e465c0","ts":"365263992958"},{"cat":"function","dur":"219","name":"renderFrame","ph":"X","pid":"0","tid":"0x105e465c0","ts":"365263992921"},{"cat":"function","dur":"12","name":"checkForCollisions","ph":"X","pid":"0","tid":"0x105e465c0","ts":"365263993152"},{"cat":"function","dur":"19","name":"timeStep","ph":"X","pid":"0","tid":"0x105e465c0","ts":"365263993151"},{"cat":"function","dur":"11","name":"renderLine","ph":"X","pid":"0","tid":"0x105e465c0","ts":"365263993176"},{"cat":"function","dur":"7","name":"renderLine","ph":"X","pid":"0","tid":"0x105e465c0","ts":"365263993197"},{"cat":"function","dur":"17832","name":"loop","ph":"X","pid":"0","tid":"0x105e465c0","ts":"365263992796"},{"cat":"function","dur":"37","name":"renderCircle","ph":"X","pid":"0","tid":"0x105e465c0","ts":"365264010706"},{"cat":"function","dur":"12","name":"renderQuad","ph":"X","pid":"0","tid":"0x105e465c0","ts":"365264010757"},{"cat":"function","dur":"18","name":"renderLine","ph":"X","pid":"0","tid":"0x105e465c0","ts":"365264010790"},{"cat":"function","dur":"13","name":"render","ph":"X","pid":"0","tid":"0x105e465c0","ts":"365264010819"},{"cat":"function","dur":"11","name":"render","ph":"X","pid":"0","tid":"0x105e465c0","ts":"365264010861"},{"cat":"function","dur":"9","name":"render","ph":"X","pid":"0","tid":"0x105e465c0","ts":"365264010882"},{"cat":"function","dur":"269","name":"renderFrame","ph":"X","pid":"0","tid":"0x105e465c0","ts":"365264010818"},{"cat":"function","dur":"11","name":"checkForCollisions","ph":"X","pid":"0","tid":"0x105e465c0","ts":"365264011101"},{"cat":"function","dur":"20","name":"timeStep","ph":"X","pid":"0","tid":"0x105e465c0","ts":"365264011099"},{"cat":"function","dur":"11","name":"renderLine","ph":"X","pid":"0","tid":"0x105e465c0","ts":"365264011125"},{"cat":"function","dur":"7","name":"renderLine","ph":"X","pid":"0","tid":"0x105e465c0","ts":"365264011147"},{"cat":"function","dur":"17733","name":"loop","ph":"X","pid":"0","tid":"0x105e465c0","ts":"365264010687"},{"cat":"function","dur":"34","name":"renderCircle","ph":"X","pid":"0","tid":"0x105e465c0","ts":"365264028475"},{"cat":"function","dur":"11","name":"renderQuad","ph":"X","pid":"0","tid":"0x105e465c0","ts":"365264028521"},{"cat":"function","dur":"16","name":"renderLine","ph":"X","pid":"0","tid":"0x105e465c0","ts":"365264028551"},{"cat":"function","dur":"12","name":"render","ph":"X","pid":"0","tid":"0x105e465c0","ts":"365264028577"},{"cat":"function","dur":"9","name":"render","ph":"X","pid":"0","tid":"0x105e465c0","ts":"365264028597"},{"cat":"function","dur":"8","name":"render","ph":"X","pid":"0","tid":"0x105e465c0","ts":"365264028613"},{"cat":"function","dur":"216","name":"renderFrame","ph":"X","pid":"0","tid":"0x105e465c0","ts":"365264028576"},{"cat":"function","dur":"11","name":"checkForCollisions","ph":"X","pid":"0","tid":"0x105e465c0","ts":"365264028804"},{"cat":"function","dur":"20","name":"timeStep","ph":"X","pid":"0","tid":"0x105e465c0","ts":"365264028802"},{"cat":"function","dur":"11","name":"renderLine","ph":"X","pid":"0","tid":"0x105e465c0","ts":"365264028827"},{"cat":"function","dur":"7","name":"renderLine","ph":"X","pid":"0","tid":"0x105e465c0","ts":"365264028848"},{"cat":"function","dur":"17524","name":"loop","ph":"X","pid":"0","tid":"0x105e465c0","ts":"365264028457"},{"cat":"function","dur":"40","name":"renderCircle","ph":"X","pid":"0","tid":"0x105e465c0","ts":"365264046052"},{"cat":"function","dur":"13","name":"renderQuad","ph":"X","pid":"0","tid":"0x105e465c0","ts":"365264046106"},{"cat":"function","dur":"18","name":"renderLine","ph":"X","pid":"0","tid":"0x105e465c0","ts":"365264046142"},{"cat":"function","dur":"14","name":"render","ph":"X","pid":"0","tid":"0x105e465c0","ts":"365264046171"},{"cat":"function","dur":"9","name":"render","ph":"X","pid":"0","tid":"0x105e465c0","ts":"365264046195"},{"cat":"function","dur":"22","name":"render","ph":"X","pid":"0","tid":"0x105e465c0","ts":"365264046213"},{"cat":"function","dur":"262","name":"renderFrame","ph":"X","pid":"0","tid":"0x105e465c0","ts":"365264046171"},{"cat":"function","dur":"12","name":"checkForCollisions","ph":"X","pid":"0","tid":"0x105e465c0","ts":"365264046450"},{"cat":"function","dur":"24","name":"timeStep","ph":"X","pid":"0","tid":"0x105e465c0","ts":"365264046447"},{"cat":"function","dur":"15","name":"renderLine","ph":"X","pid":"0","tid":"0x105e465c0","ts":"365264046478"},{"cat":"function","dur":"9","name":"renderLine","ph":"X","pid":"0","tid":"0x105e465c0","ts":"365264046505"},{"cat":"function","dur":"16767","name":"loop","ph":"X","pid":"0","tid":"0x105e465c0","ts":"365264046028"},{"cat":"function","dur":"36","name":"renderCircle","ph":"X","pid":"0","tid":"0x105e465c0","ts":"365264062844"},{"cat":"function","dur":"17","name":"renderQuad","ph":"X","pid":"0","tid":"0x105e465c0","ts":"365264062900"},{"cat":"function","dur":"17","name":"renderLine","ph":"X","pid":"0","tid":"0x105e465c0","ts":"365264062938"},{"cat":"function","dur":"14","name":"render","ph":"X","pid":"0","tid":"0x105e465c0","ts":"365264062965"},{"cat":"function","dur":"8","name":"render","ph":"X","pid":"0","tid":"0x105e465c0","ts":"365264062988"},{"cat":"function","dur":"8","name":"render","ph":"X","pid":"0","tid":"0x105e465c0","ts":"365264063005"},{"cat":"function","dur":"246","name":"renderFrame","ph":"X","pid":"0","tid":"0x105e465c0","ts":"365264062965"},{"cat":"function","dur":"12","name":"checkForCollisions","ph":"X","pid":"0","tid":"0x105e465c0","ts":"365264063225"},{"cat":"function","dur":"21","name":"timeStep","ph":"X","pid":"0","tid":"0x105e465c0","ts":"365264063223"},{"cat":"function","dur":"11","name":"renderLine","ph":"X","pid":"0","tid":"0x105e465c0","ts":"365264063250"},{"cat":"function","dur":"8","name":"renderLine","ph":"X","pid":"0","tid":"0x105e465c0","ts":"365264063272"},{"cat":"function","dur":"69566","name":"loop","ph":"X","pid":"0","tid":"0x105e465c0","ts":"365264062823"},{"cat":"function","dur":"32","name":"renderCircle","ph":"X","pid":"0","tid":"0x105e465c0","ts":"365264132439"},{"cat":"function","dur":"12","name":"renderQuad","ph":"X","pid":"0","tid":"0x105e465c0","ts":"365264132484"},{"cat":"function","dur":"15","name":"renderLine","ph":"X","pid":"0","tid":"0x105e465c0","ts":"365264132515"},{"cat":"function","dur":"12","name":"render","ph":"X","pid":"0","tid":"0x105e465c0","ts":"365264132540"},{"cat":"function","dur":"8","name":"render","ph":"X","pid":"0","tid":"0x105e465c0","ts":"365264132561"},{"cat":"function","dur":"7","name":"render","ph":"X","pid":"0","tid":"0x105e465c0","ts":"365264132577"},{"cat":"function","dur":"212","name":"renderFrame","ph":"X","pid":"0","tid":"0x105e465c0","ts":"365264132539"},{"cat":"function","dur":"10","name":"checkForCollisions","ph":"X","pid":"0","tid":"0x105e465c0","ts":"365264132764"},{"cat":"function","dur":"19","name":"timeStep","ph":"X","pid":"0","tid":"0x105e465c0","ts":"365264132762"},{"cat":"function","dur":"11","name":"renderLine","ph":"X","pid":"0","tid":"0x105e465c0","ts":"365264132786"},{"cat":"function","dur":"7","name":"renderLine","ph":"X","pid":"0","tid":"0x105e465c0","ts":"365264132808"},{"cat":"function","dur":"16737","name":"loop","ph":"X","pid":"0","tid":"0x105e465c0","ts":"365264132424"},{"cat":"function","dur":"38","name":"renderCircle","ph":"X","pid":"0","tid":"0x105e465c0","ts":"365264149222"},{"cat":"function","dur":"11","name":"renderQuad","ph":"X","pid":"0","tid":"0x105e465c0","ts":"365264149272"},{"cat":"function","dur":"22","name":"renderLine","ph":"X","pid":"0","tid":"0x105e465c0","ts":"365264149335"},{"cat":"function","dur":"15","name":"render","ph":"X","pid":"0","tid":"0x105e465c0","ts":"365264149372"},{"cat":"function","dur":"9","name":"render","ph":"X","pid":"0","tid":"0x105e465c0","ts":"365264149396"},{"cat":"function","dur":"8","name":"render","ph":"X","pid":"0","tid":"0x105e465c0","ts":"365264149413"},{"cat":"function","dur":"218","name":"renderFrame","ph":"X","pid":"0","tid":"0x105e465c0","ts":"365264149371"},{"cat":"function","dur":"10","name":"checkForCollisions","ph":"X","pid":"0","tid":"0x105e465c0","ts":"365264149602"},{"cat":"function","dur":"19","name":"timeStep","ph":"X","pid":"0","tid":"0x105e465c0","ts":"365264149600"},{"cat":"function","dur":"11","name":"renderLine","ph":"X","pid":"0","tid":"0x105e465c0","ts":"365264149624"},{"cat":"function","dur":"7","name":"renderLine","ph":"X","pid":"0","tid":"0x105e465c0","ts":"365264149645"},{"cat":"function","dur":"16132","name":"loop","ph":"X","pid":"0","tid":"0x105e465c0","ts":"365264149200"},{"cat":"function","dur":"47","name":"renderCircle","ph":"X","pid":"0","tid":"0x105e465c0","ts":"365264165400"},{"cat":"function","dur":"16","name":"renderQuad","ph":"X","pid":"0","tid":"0x105e465c0","ts":"365264165466"},{"cat":"function","dur":"15","name":"renderLine","ph":"X","pid":"0","tid":"0x105e465c0","ts":"365264165505"},{"cat":"function","dur":"13","name":"render","ph":"X","pid":"0","tid":"0x105e465c0","ts":"365264165532"},{"cat":"function","dur":"8","name":"render","ph":"X","pid":"0","tid":"0x105e465c0","ts":"365264165553"},{"cat":"function","dur":"8","name":"render","ph":"X","pid":"0","tid":"0x105e465c0","ts":"365264165569"},{"cat":"function","dur":"232","name":"renderFrame","ph":"X","pid":"0","tid":"0x105e465c0","ts":"365264165531"},{"cat":"function","dur":"10","name":"checkForCollisions","ph":"X","pid":"0","tid":"0x105e465c0","ts":"365264165784"},{"cat":"function","dur":"38","name":"timeStep","ph":"X","pid":"0","tid":"0x105e465c0","ts":"365264165782"},{"cat":"function","dur":"15","name":"renderLine","ph":"X","pid":"0","tid":"0x105e465c0","ts":"365264165827"},{"cat":"function","dur":"8","name":"renderLine","ph":"X","pid":"0","tid":"0x105e465c0","ts":"365264165853"},{"cat":"function","dur":"17016","name":"loop","ph":"X","pid":"0","tid":"0x105e465c0","ts":"365264165377"},{"cat":"function","dur":"67","name":"renderCircle","ph":"X","pid":"0","tid":"0x105e465c0","ts":"365264182576"},{"cat":"function","dur":"20","name":"renderQuad","ph":"X","pid":"0","tid":"0x105e465c0","ts":"365264182685"},{"cat":"function","dur":"29","name":"renderLine","ph":"X","pid":"0","tid":"0x105e465c0","ts":"365264182741"},{"cat":"function","dur":"24","name":"render","ph":"X","pid":"0","tid":"0x105e465c0","ts":"365264182792"},{"cat":"function","dur":"14","name":"render","ph":"X","pid":"0","tid":"0x105e465c0","ts":"365264182831"},{"cat":"function","dur":"13","name":"render","ph":"X","pid":"0","tid":"0x105e465c0","ts":"365264182859"},{"cat":"function","dur":"376","name":"renderFrame","ph":"X","pid":"0","tid":"0x105e465c0","ts":"365264182791"},{"cat":"function","dur":"19","name":"checkForCollisions","ph":"X","pid":"0","tid":"0x105e465c0","ts":"365264183192"},{"cat":"function","dur":"34","name":"timeStep","ph":"X","pid":"0","tid":"0x105e465c0","ts":"365264183189"},{"cat":"function","dur":"23","name":"renderLine","ph":"X","pid":"0","tid":"0x105e465c0","ts":"365264183233"},{"cat":"function","dur":"13","name":"renderLine","ph":"X","pid":"0","tid":"0x105e465c0","ts":"365264183277"},{"cat":"function","dur":"16189","name":"loop","ph":"X","pid":"0","tid":"0x105e465c0","ts":"365264182537"},{"cat":"function","dur":"43","name":"renderCircle","ph":"X","pid":"0","tid":"0x105e465c0","ts":"365264198801"},{"cat":"function","dur":"13","name":"renderQuad","ph":"X","pid":"0","tid":"0x105e465c0","ts":"365264198859"},{"cat":"function","dur":"40","name":"renderLine","ph":"X","pid":"0","tid":"0x105e465c0","ts":"365264198893"},{"cat":"function","dur":"15","name":"render","ph":"X","pid":"0","tid":"0x105e465c0","ts":"365264198945"},{"cat":"function","dur":"9","name":"render","ph":"X","pid":"0","tid":"0x105e465c0","ts":"365264198969"},{"cat":"function","dur":"8","name":"render","ph":"X","pid":"0","tid":"0x105e465c0","ts":"365264198987"},{"cat":"function","dur":"245","name":"renderFrame","ph":"X","pid":"0","tid":"0x105e465c0","ts":"365264198944"},{"cat":"function","dur":"12","name":"checkForCollisions","ph":"X","pid":"0","tid":"0x105e465c0","ts":"365264199203"},{"cat":"function","dur":"21","name":"timeStep","ph":"X","pid":"0","tid":"0x105e465c0","ts":"365264199202"},{"cat":"function","dur":"11","name":"renderLine","ph":"X","pid":"0","tid":"0x105e465c0","ts":"365264199229"},{"cat":"function","dur":"7","name":"renderLine","ph":"X","pid":"0","tid":"0x105e465c0","ts":"365264199251"},{"cat":"function","dur":"16438","name":"loop","ph":"X","pid":"0","tid":"0x105e465c0","ts":"365264198760"},{"cat":"function","dur":"57","name":"renderCircle","ph":"X","pid":"0","tid":"0x105e465c0","ts":"365264215351"},{"cat":"function","dur":"13","name":"renderQuad","ph":"X","pid":"0","tid":"0x105e465c0","ts":"365264215424"},{"cat":"function","dur":"25","name":"renderLine","ph":"X","pid":"0","tid":"0x105e465c0","ts":"365264215461"},{"cat":"function","dur":"17","name":"render","ph":"X","pid":"0","tid":"0x105e465c0","ts":"365264215497"},{"cat":"function","dur":"11","name":"render","ph":"X","pid":"0","tid":"0x105e465c0","ts":"365264215526"},{"cat":"function","dur":"10","name":"render","ph":"X","pid":"0","tid":"0x105e465c0","ts":"365264215548"},{"cat":"function","dur":"248","name":"renderFrame","ph":"X","pid":"0","tid":"0x105e465c0","ts":"365264215496"},{"cat":"function","dur":"12","name":"checkForCollisions","ph":"X","pid":"0","tid":"0x105e465c0","ts":"365264215758"},{"cat":"function","dur":"21","name":"timeStep","ph":"X","pid":"0","tid":"0x105e465c0","ts":"365264215756"},{"cat":"function","dur":"12","name":"renderLine","ph":"X","pid":"0","tid":"0x105e465c0","ts":"365264215783"},{"cat":"function","dur":"9","name":"renderLine","ph":"X","pid":"0","tid":"0x105e465c0","ts":"365264215828"},{"cat":"function","dur":"16490","name":"loop","ph":"X","pid":"0","tid":"0x105e465c0","ts":"365264215309"},{"cat":"function","dur":"53","name":"renderCircle","ph":"X","pid":"0","tid":"0x105e465c0","ts":"365264231857"},{"cat":"function","dur":"17","name":"renderQuad","ph":"X","pid":"0","tid":"0x105e465c0","ts":"365264231932"},{"cat":"function","dur":"17","name":"renderLine","ph":"X","pid":"0","tid":"0x105e465c0","ts":"365264231971"},{"cat":"function","dur":"13","name":"render","ph":"X","pid":"0","tid":"0x105e465c0","ts":"365264231999"},{"cat":"function","dur":"10","name":"render","ph":"X","pid":"0","tid":"0x105e465c0","ts":"365264232020"},{"cat":"function","dur":"8","name":"render","ph":"X","pid":"0","tid":"0x105e465c0","ts":"365264232038"},{"cat":"function","dur":"253","name":"renderFrame","ph":"X","pid":"0","tid":"0x105e465c0","ts":"365264231998"},{"cat":"function","dur":"12","name":"checkForCollisions","ph":"X","pid":"0","tid":"0x105e465c0","ts":"365264232265"},{"cat":"function","dur":"20","name":"timeStep","ph":"X","pid":"0","tid":"0x105e465c0","ts":"365264232264"},{"cat":"function","dur":"12","name":"renderLine","ph":"X","pid":"0","tid":"0x105e465c0","ts":"365264232290"},{"cat":"function","dur":"8","name":"renderLine","ph":"X","pid":"0","tid":"0x105e465c0","ts":"365264232312"},{"cat":"function","dur":"16899","name":"loop","ph":"X","pid":"0","tid":"0x105e465c0","ts":"365264231836"},{"cat":"function","dur":"82","name":"renderCircle","ph":"X","pid":"0","tid":"0x105e465c0","ts":"365264248861"},{"cat":"function","dur":"17","name":"renderQuad","ph":"X","pid":"0","tid":"0x105e465c0","ts":"365264248961"},{"cat":"function","dur":"25","name":"renderLine","ph":"X","pid":"0","tid":"0x105e465c0","ts":"365264249004"},{"cat":"function","dur":"18","name":"render","ph":"X","pid":"0","tid":"0x105e465c0","ts":"365264249040"},{"cat":"function","dur":"11","name":"render","ph":"X","pid":"0","tid":"0x105e465c0","ts":"365264249067"},{"cat":"function","dur":"10","name":"render","ph":"X","pid":"0","tid":"0x105e465c0","ts":"365264249087"},{"cat":"function","dur":"244","name":"renderFrame","ph":"X","pid":"0","tid":"0x105e465c0","ts":"365264249039"},{"cat":"function","dur":"11","name":"checkForCollisions","ph":"X","pid":"0","tid":"0x105e465c0","ts":"365264249301"},{"cat":"function","dur":"21","name":"timeStep","ph":"X","pid":"0","tid":"0x105e465c0","ts":"365264249299"},{"cat":"function","dur":"13","name":"renderLine","ph":"X","pid":"0","tid":"0x105e465c0","ts":"365264249326"},{"cat":"function","dur":"8","name":"renderLine","ph":"X","pid":"0","tid":"0x105e465c0","ts":"365264249352"},{"cat":"function","dur":"17116","name":"loop","ph":"X","pid":"0","tid":"0x105e465c0","ts":"365264248823"},{"cat":"function","dur":"36","name":"renderCircle","ph":"X","pid":"0","tid":"0x105e465c0","ts":"365264265996"},{"cat":"function","dur":"11","name":"renderQuad","ph":"X","pid":"0","tid":"0x105e465c0","ts":"365264266043"},{"cat":"function","dur":"16","name":"renderLine","ph":"X","pid":"0","tid":"0x105e465c0","ts":"365264266074"},{"cat":"function","dur":"12","name":"render","ph":"X","pid":"0","tid":"0x105e465c0","ts":"365264266100"},{"cat":"function","dur":"8","name":"render","ph":"X","pid":"0","tid":"0x105e465c0","ts":"365264266120"},{"cat":"function","dur":"8","name":"render","ph":"X","pid":"0","tid":"0x105e465c0","ts":"365264266136"},{"cat":"function","dur":"219","name":"renderFrame","ph":"X","pid":"0","tid":"0x105e465c0","ts":"365264266099"},{"cat":"function","dur":"11","name":"checkForCollisions","ph":"X","pid":"0","tid":"0x105e465c0","ts":"365264266331"},{"cat":"function","dur":"19","name":"timeStep","ph":"X","pid":"0","tid":"0x105e465c0","ts":"365264266329"},{"cat":"function","dur":"11","name":"renderLine","ph":"X","pid":"0","tid":"0x105e465c0","ts":"365264266354"},{"cat":"function","dur":"7","name":"renderLine","ph":"X","pid":"0","tid":"0x105e465c0","ts":"365264266375"},{"cat":"function","dur":"17692","name":"loop","ph":"X","pid":"0","tid":"0x105e465c0","ts":"365264265975"},{"cat":"function","dur":"67","name":"renderCircle","ph":"X","pid":"0","tid":"0x105e465c0","ts":"365264283775"},{"cat":"function","dur":"16","name":"renderQuad","ph":"X","pid":"0","tid":"0x105e465c0","ts":"365264283860"},{"cat":"function","dur":"27","name":"renderLine","ph":"X","pid":"0","tid":"0x105e465c0","ts":"365264283906"},{"cat":"function","dur":"20","name":"render","ph":"X","pid":"0","tid":"0x105e465c0","ts":"365264283948"},{"cat":"function","dur":"12","name":"render","ph":"X","pid":"0","tid":"0x105e465c0","ts":"365264283980"},{"cat":"function","dur":"12","name":"render","ph":"X","pid":"0","tid":"0x105e465c0","ts":"365264284003"},{"cat":"function","dur":"308","name":"renderFrame","ph":"X","pid":"0","tid":"0x105e465c0","ts":"365264283946"},{"cat":"function","dur":"15","name":"checkForCollisions","ph":"X","pid":"0","tid":"0x105e465c0","ts":"365264284273"},{"cat":"function","dur":"27","name":"timeStep","ph":"X","pid":"0","tid":"0x105e465c0","ts":"365264284270"},{"cat":"function","dur":"16","name":"renderLine","ph":"X","pid":"0","tid":"0x105e465c0","ts":"365264284304"},{"cat":"function","dur":"9","name":"renderLine","ph":"X","pid":"0","tid":"0x105e465c0","ts":"365264284334"},{"cat":"function","dur":"17171","name":"loop","ph":"X","pid":"0","tid":"0x105e465c0","ts":"365264283735"},{"cat":"function","dur":"32","name":"renderCircle","ph":"X","pid":"0","tid":"0x105e465c0","ts":"365264300959"},{"cat":"function","dur":"11","name":"renderQuad","ph":"X","pid":"0","tid":"0x105e465c0","ts":"365264301003"},{"cat":"function","dur":"15","name":"renderLine","ph":"X","pid":"0","tid":"0x105e465c0","ts":"365264301034"},{"cat":"function","dur":"12","name":"render","ph":"X","pid":"0","tid":"0x105e465c0","ts":"365264301059"},{"cat":"function","dur":"8","name":"render","ph":"X","pid":"0","tid":"0x105e465c0","ts":"365264301079"},{"cat":"function","dur":"8","name":"render","ph":"X","pid":"0","tid":"0x105e465c0","ts":"365264301095"},{"cat":"function","dur":"215","name":"renderFrame","ph":"X","pid":"0","tid":"0x105e465c0","ts":"365264301058"},{"cat":"function","dur":"12","name":"checkForCollisions","ph":"X","pid":"0","tid":"0x105e465c0","ts":"365264301285"},{"cat":"function","dur":"19","name":"timeStep","ph":"X","pid":"0","tid":"0x105e465c0","ts":"365264301284"},{"cat":"function","dur":"10","name":"renderLine","ph":"X","pid":"0","tid":"0x105e465c0","ts":"365264301309"},{"cat":"function","dur":"7","name":"renderLine","ph":"X","pid":"0","tid":"0x105e465c0","ts":"365264301329"},{"cat":"function","dur":"17740","name":"loop","ph":"X","pid":"0","tid":"0x105e465c0","ts":"365264300940"},{"cat":"function","dur":"60","name":"renderCircle","ph":"X","pid":"0","tid":"0x105e465c0","ts":"365264318777"},{"cat":"function","dur":"14","name":"renderQuad","ph":"X","pid":"0","tid":"0x105e465c0","ts":"365264318851"},{"cat":"function","dur":"23","name":"renderLine","ph":"X","pid":"0","tid":"0x105e465c0","ts":"365264318889"},{"cat":"function","dur":"17","name":"render","ph":"X","pid":"0","tid":"0x105e465c0","ts":"365264318923"},{"cat":"function","dur":"10","name":"render","ph":"X","pid":"0","tid":"0x105e465c0","ts":"365264318949"},{"cat":"function","dur":"10","name":"render","ph":"X","pid":"0","tid":"0x105e465c0","ts":"365264318967"},{"cat":"function","dur":"250","name":"renderFrame","ph":"X","pid":"0","tid":"0x105e465c0","ts":"365264318922"},{"cat":"function","dur":"13","name":"checkForCollisions","ph":"X","pid":"0","tid":"0x105e465c0","ts":"365264319186"},{"cat":"function","dur":"22","name":"timeStep","ph":"X","pid":"0","tid":"0x105e465c0","ts":"365264319184"},{"cat":"function","dur":"12","name":"renderLine","ph":"X","pid":"0","tid":"0x105e465c0","ts":"365264319212"},{"cat":"function","dur":"8","name":"renderLine","ph":"X","pid":"0","tid":"0x105e465c0","ts":"365264319236"},{"cat":"function","dur":"17970","name":"loop","ph":"X","pid":"0","tid":"0x105e465c0","ts":"365264318744"},{"cat":"function","dur":"33","name":"renderCircle","ph":"X","pid":"0","tid":"0x105e465c0","ts":"365264336769"},{"cat":"function","dur":"11","name":"renderQuad","ph":"X","pid":"0","tid":"0x105e465c0","ts":"365264336817"},{"cat":"function","dur":"17","name":"renderLine","ph":"X","pid":"0","tid":"0x105e465c0","ts":"365264336847"},{"cat":"function","dur":"12","name":"render","ph":"X","pid":"0","tid":"0x105e465c0","ts":"365264336874"},{"cat":"function","dur":"8","name":"render","ph":"X","pid":"0","tid":"0x105e465c0","ts":"365264336894"},{"cat":"function","dur":"7","name":"render","ph":"X","pid":"0","tid":"0x105e465c0","ts":"365264336910"},{"cat":"function","dur":"216","name":"renderFrame","ph":"X","pid":"0","tid":"0x105e465c0","ts":"365264336873"},{"cat":"function","dur":"11","name":"checkForCollisions","ph":"X","pid":"0","tid":"0x105e465c0","ts":"365264337102"},{"cat":"function","dur":"19","name":"timeStep","ph":"X","pid":"0","tid":"0x105e465c0","ts":"365264337100"},{"cat":"function","dur":"11","name":"renderLine","ph":"X","pid":"0","tid":"0x105e465c0","ts":"365264337125"},{"cat":"function","dur":"7","name":"renderLine","ph":"X","pid":"0","tid":"0x105e465c0","ts":"365264337146"},{"cat":"function","dur":"17632","name":"loop","ph":"X","pid":"0","tid":"0x105e465c0","ts":"365264336749"},{"cat":"function","dur":"41","name":"renderCircle","ph":"X","pid":"0","tid":"0x105e465c0","ts":"365264354446"},{"cat":"function","dur":"12","name":"renderQuad","ph":"X","pid":"0","tid":"0x105e465c0","ts":"365264354499"},{"cat":"function","dur":"17","name":"renderLine","ph":"X","pid":"0","tid":"0x105e465c0","ts":"365264354532"},{"cat":"function","dur":"14","name":"render","ph":"X","pid":"0","tid":"0x105e465c0","ts":"365264354560"},{"cat":"function","dur":"10","name":"render","ph":"X","pid":"0","tid":"0x105e465c0","ts":"365264354583"},{"cat":"function","dur":"8","name":"render","ph":"X","pid":"0","tid":"0x105e465c0","ts":"365264354601"},{"cat":"function","dur":"228","name":"renderFrame","ph":"X","pid":"0","tid":"0x105e465c0","ts":"365264354559"},{"cat":"function","dur":"12","name":"checkForCollisions","ph":"X","pid":"0","tid":"0x105e465c0","ts":"365264354800"},{"cat":"function","dur":"20","name":"timeStep","ph":"X","pid":"0","tid":"0x105e465c0","ts":"365264354798"},{"cat":"function","dur":"12","name":"renderLine","ph":"X","pid":"0","tid":"0x105e465c0","ts":"365264354824"},{"cat":"function","dur":"8","name":"renderLine","ph":"X","pid":"0","tid":"0x105e465c0","ts":"365264354846"},{"cat":"function","dur":"17102","name":"loop","ph":"X","pid":"0","tid":"0x105e465c0","ts":"365264354423"},{"cat":"function","dur":"34","name":"renderCircle","ph":"X","pid":"0","tid":"0x105e465c0","ts":"365264371591"},{"cat":"function","dur":"10","name":"renderQuad","ph":"X","pid":"0","tid":"0x105e465c0","ts":"365264371637"},{"cat":"function","dur":"15","name":"renderLine","ph":"X","pid":"0","tid":"0x105e465c0","ts":"365264371666"},{"cat":"function","dur":"12","name":"render","ph":"X","pid":"0","tid":"0x105e465c0","ts":"365264371690"},{"cat":"function","dur":"8","name":"render","ph":"X","pid":"0","tid":"0x105e465c0","ts":"365264371711"},{"cat":"function","dur":"8","name":"render","ph":"X","pid":"0","tid":"0x105e465c0","ts":"365264371726"},{"cat":"function","dur":"211","name":"renderFrame","ph":"X","pid":"0","tid":"0x105e465c0","ts":"365264371690"},{"cat":"function","dur":"11","name":"checkForCollisions","ph":"X","pid":"0","tid":"0x105e465c0","ts":"365264371913"},{"cat":"function","dur":"19","name":"timeStep","ph":"X","pid":"0","tid":"0x105e465c0","ts":"365264371911"},{"cat":"function","dur":"11","name":"renderLine","ph":"X","pid":"0","tid":"0x105e465c0","ts":"365264371935"},{"cat":"function","dur":"7","name":"renderLine","ph":"X","pid":"0","tid":"0x105e465c0","ts":"365264371955"},{"cat":"function","dur":"17308","name":"loop","ph":"X","pid":"0","tid":"0x105e465c0","ts":"365264371573"},{"cat":"function","dur":"89","name":"renderCircle","ph":"X","pid":"0","tid":"0x105e465c0","ts":"365264388948"},{"cat":"function","dur":"14","name":"renderQuad","ph":"X","pid":"0","tid":"0x105e465c0","ts":"365264389052"},{"cat":"function","dur":"16","name":"renderLine","ph":"X","pid":"0","tid":"0x105e465c0","ts":"365264389088"},{"cat":"function","dur":"14","name":"render","ph":"X","pid":"0","tid":"0x105e465c0","ts":"365264389118"},{"cat":"function","dur":"10","name":"render","ph":"X","pid":"0","tid":"0x105e465c0","ts":"365264389141"},{"cat":"function","dur":"9","name":"render","ph":"X","pid":"0","tid":"0x105e465c0","ts":"365264389159"},{"cat":"function","dur":"237","name":"renderFrame","ph":"X","pid":"0","tid":"0x105e465c0","ts":"365264389117"},{"cat":"function","dur":"12","name":"checkForCollisions","ph":"X","pid":"0","tid":"0x105e465c0","ts":"365264389368"},{"cat":"function","dur":"21","name":"timeStep","ph":"X","pid":"0","tid":"0x105e465c0","ts":"365264389366"},{"cat":"function","dur":"12","name":"renderLine","ph":"X","pid":"0","tid":"0x105e465c0","ts":"365264389393"},{"cat":"function","dur":"8","name":"renderLine","ph":"X","pid":"0","tid":"0x105e465c0","ts":"365264389416"},{"cat":"function","dur":"17362","name":"loop","ph":"X","pid":"0","tid":"0x105e465c0","ts":"365264388924"},{"cat":"function","dur":"35","name":"renderCircle","ph":"X","pid":"0","tid":"0x105e465c0","ts":"365264406340"},{"cat":"function","dur":"11","name":"renderQuad","ph":"X","pid":"0","tid":"0x105e465c0","ts":"365264406386"},{"cat":"function","dur":"16","name":"renderLine","ph":"X","pid":"0","tid":"0x105e465c0","ts":"365264406417"},{"cat":"function","dur":"13","name":"render","ph":"X","pid":"0","tid":"0x105e465c0","ts":"365264406442"},{"cat":"function","dur":"8","name":"render","ph":"X","pid":"0","tid":"0x105e465c0","ts":"365264406463"},{"cat":"function","dur":"7","name":"render","ph":"X","pid":"0","tid":"0x105e465c0","ts":"365264406479"},{"cat":"function","dur":"209","name":"renderFrame","ph":"X","pid":"0","tid":"0x105e465c0","ts":"365264406442"},{"cat":"function","dur":"10","name":"checkForCollisions","ph":"X","pid":"0","tid":"0x105e465c0","ts":"365264406664"},{"cat":"function","dur":"19","name":"timeStep","ph":"X","pid":"0","tid":"0x105e465c0","ts":"365264406662"},{"cat":"function","dur":"10","name":"renderLine","ph":"X","pid":"0","tid":"0x105e465c0","ts":"365264406686"},{"cat":"function","dur":"7","name":"renderLine","ph":"X","pid":"0","tid":"0x105e465c0","ts":"365264406706"},{"cat":"function","dur":"17196","name":"loop","ph":"X","pid":"0","tid":"0x105e465c0","ts":"365264406321"},{"cat":"function","dur":"40","name":"renderCircle","ph":"X","pid":"0","tid":"0x105e465c0","ts":"365264423573"},{"cat":"function","dur":"12","name":"renderQuad","ph":"X","pid":"0","tid":"0x105e465c0","ts":"365264423626"},{"cat":"function","dur":"19","name":"renderLine","ph":"X","pid":"0","tid":"0x105e465c0","ts":"365264423660"},{"cat":"function","dur":"13","name":"render","ph":"X","pid":"0","tid":"0x105e465c0","ts":"365264423691"},{"cat":"function","dur":"10","name":"render","ph":"X","pid":"0","tid":"0x105e465c0","ts":"365264423713"},{"cat":"function","dur":"8","name":"render","ph":"X","pid":"0","tid":"0x105e465c0","ts":"365264423731"},{"cat":"function","dur":"234","name":"renderFrame","ph":"X","pid":"0","tid":"0x105e465c0","ts":"365264423690"},{"cat":"function","dur":"11","name":"checkForCollisions","ph":"X","pid":"0","tid":"0x105e465c0","ts":"365264423938"},{"cat":"function","dur":"21","name":"timeStep","ph":"X","pid":"0","tid":"0x105e465c0","ts":"365264423936"},{"cat":"function","dur":"11","name":"renderLine","ph":"X","pid":"0","tid":"0x105e465c0","ts":"365264423963"},{"cat":"function","dur":"8","name":"renderLine","ph":"X","pid":"0","tid":"0x105e465c0","ts":"365264423985"},{"cat":"function","dur":"17056","name":"loop","ph":"X","pid":"0","tid":"0x105e465c0","ts":"365264423550"},{"cat":"function","dur":"35","name":"renderCircle","ph":"X","pid":"0","tid":"0x105e465c0","ts":"365264440661"},{"cat":"function","dur":"12","name":"renderQuad","ph":"X","pid":"0","tid":"0x105e465c0","ts":"365264440708"},{"cat":"function","dur":"16","name":"renderLine","ph":"X","pid":"0","tid":"0x105e465c0","ts":"365264440740"},{"cat":"function","dur":"13","name":"render","ph":"X","pid":"0","tid":"0x105e465c0","ts":"365264440767"},{"cat":"function","dur":"8","name":"render","ph":"X","pid":"0","tid":"0x105e465c0","ts":"365264440788"},{"cat":"function","dur":"9","name":"render","ph":"X","pid":"0","tid":"0x105e465c0","ts":"365264440806"},{"cat":"function","dur":"218","name":"renderFrame","ph":"X","pid":"0","tid":"0x105e465c0","ts":"365264440766"},{"cat":"function","dur":"11","name":"checkForCollisions","ph":"X","pid":"0","tid":"0x105e465c0","ts":"365264440997"},{"cat":"function","dur":"19","name":"timeStep","ph":"X","pid":"0","tid":"0x105e465c0","ts":"365264440995"},{"cat":"function","dur":"11","name":"renderLine","ph":"X","pid":"0","tid":"0x105e465c0","ts":"365264441020"},{"cat":"function","dur":"7","name":"renderLine","ph":"X","pid":"0","tid":"0x105e465c0","ts":"365264441041"},{"cat":"function","dur":"17141","name":"loop","ph":"X","pid":"0","tid":"0x105e465c0","ts":"365264440642"},{"cat":"function","dur":"35","name":"renderCircle","ph":"X","pid":"0","tid":"0x105e465c0","ts":"365264457844"},{"cat":"function","dur":"12","name":"renderQuad","ph":"X","pid":"0","tid":"0x105e465c0","ts":"365264457893"},{"cat":"function","dur":"18","name":"renderLine","ph":"X","pid":"0","tid":"0x105e465c0","ts":"365264457925"},{"cat":"function","dur":"13","name":"render","ph":"X","pid":"0","tid":"0x105e465c0","ts":"365264457953"},{"cat":"function","dur":"9","name":"render","ph":"X","pid":"0","tid":"0x105e465c0","ts":"365264457975"},{"cat":"function","dur":"8","name":"render","ph":"X","pid":"0","tid":"0x105e465c0","ts":"365264457992"},{"cat":"function","dur":"226","name":"renderFrame","ph":"X","pid":"0","tid":"0x105e465c0","ts":"365264457953"},{"cat":"function","dur":"11","name":"checkForCollisions","ph":"X","pid":"0","tid":"0x105e465c0","ts":"365264458192"},{"cat":"function","dur":"20","name":"timeStep","ph":"X","pid":"0","tid":"0x105e465c0","ts":"365264458190"},{"cat":"function","dur":"12","name":"renderLine","ph":"X","pid":"0","tid":"0x105e465c0","ts":"365264458216"},{"cat":"function","dur":"7","name":"renderLine","ph":"X","pid":"0","tid":"0x105e465c0","ts":"365264458238"},{"cat":"function","dur":"16975","name":"loop","ph":"X","pid":"0","tid":"0x105e465c0","ts":"365264457821"},{"cat":"function","dur":"37","name":"renderCircle","ph":"X","pid":"0","tid":"0x105e465c0","ts":"365264474858"},{"cat":"function","dur":"12","name":"renderQuad","ph":"X","pid":"0","tid":"0x105e465c0","ts":"365264474908"},{"cat":"function","dur":"16","name":"renderLine","ph":"X","pid":"0","tid":"0x105e465c0","ts":"365264474955"},{"cat":"function","dur":"13","name":"render","ph":"X","pid":"0","tid":"0x105e465c0","ts":"365264474982"},{"cat":"function","dur":"8","name":"render","ph":"X","pid":"0","tid":"0x105e465c0","ts":"365264475005"},{"cat":"function","dur":"9","name":"render","ph":"X","pid":"0","tid":"0x105e465c0","ts":"365264475021"},{"cat":"function","dur":"234","name":"renderFrame","ph":"X","pid":"0","tid":"0x105e465c0","ts":"365264474982"},{"cat":"function","dur":"11","name":"checkForCollisions","ph":"X","pid":"0","tid":"0x105e465c0","ts":"365264475234"},{"cat":"function","dur":"20","name":"timeStep","ph":"X","pid":"0","tid":"0x105e465c0","ts":"365264475232"},{"cat":"function","dur":"15","name":"renderLine","ph":"X","pid":"0","tid":"0x105e465c0","ts":"365264475258"},{"cat":"function","dur":"7","name":"renderLine","ph":"X","pid":"0","tid":"0x105e465c0","ts":"365264475284"},{"cat":"function","dur":"16235","name":"loop","ph":"X","pid":"0","tid":"0x105e465c0","ts":"365264474835"},{"cat":"function","dur":"36","name":"renderCircle","ph":"X","pid":"0","tid":"0x105e465c0","ts":"365264491125"},{"cat":"function","dur":"12","name":"renderQuad","ph":"X","pid":"0","tid":"0x105e465c0","ts":"365264491173"},{"cat":"function","dur":"17","name":"renderLine","ph":"X","pid":"0","tid":"0x105e465c0","ts":"365264491205"},{"cat":"function","dur":"13","name":"render","ph":"X","pid":"0","tid":"0x105e465c0","ts":"365264491232"},{"cat":"function","dur":"9","name":"render","ph":"X","pid":"0","tid":"0x105e465c0","ts":"365264491254"},{"cat":"function","dur":"8","name":"render","ph":"X","pid":"0","tid":"0x105e465c0","ts":"365264491271"},{"cat":"function","dur":"240","name":"renderFrame","ph":"X","pid":"0","tid":"0x105e465c0","ts":"365264491231"},{"cat":"function","dur":"11","name":"checkForCollisions","ph":"X","pid":"0","tid":"0x105e465c0","ts":"365264491487"},{"cat":"function","dur":"21","name":"timeStep","ph":"X","pid":"0","tid":"0x105e465c0","ts":"365264491485"},{"cat":"function","dur":"11","name":"renderLine","ph":"X","pid":"0","tid":"0x105e465c0","ts":"365264491512"},{"cat":"function","dur":"8","name":"renderLine","ph":"X","pid":"0","tid":"0x105e465c0","ts":"365264491534"},{"cat":"function","dur":"17357","name":"loop","ph":"X","pid":"0","tid":"0x105e465c0","ts":"365264491106"},{"cat":"function","dur":"37","name":"renderCircle","ph":"X","pid":"0","tid":"0x105e465c0","ts":"365264508525"},{"cat":"function","dur":"11","name":"renderQuad","ph":"X","pid":"0","tid":"0x105e465c0","ts":"365264508575"},{"cat":"function","dur":"16","name":"renderLine","ph":"X","pid":"0","tid":"0x105e465c0","ts":"365264508608"},{"cat":"function","dur":"26","name":"render","ph":"X","pid":"0","tid":"0x105e465c0","ts":"365264508635"},{"cat":"function","dur":"9","name":"render","ph":"X","pid":"0","tid":"0x105e465c0","ts":"365264508670"},{"cat":"function","dur":"8","name":"render","ph":"X","pid":"0","tid":"0x105e465c0","ts":"365264508687"},{"cat":"function","dur":"244","name":"renderFrame","ph":"X","pid":"0","tid":"0x105e465c0","ts":"365264508634"},{"cat":"function","dur":"11","name":"checkForCollisions","ph":"X","pid":"0","tid":"0x105e465c0","ts":"365264508894"},{"cat":"function","dur":"21","name":"timeStep","ph":"X","pid":"0","tid":"0x105e465c0","ts":"365264508892"},{"cat":"function","dur":"13","name":"renderLine","ph":"X","pid":"0","tid":"0x105e465c0","ts":"365264508919"},{"cat":"function","dur":"7","name":"renderLine","ph":"X","pid":"0","tid":"0x105e465c0","ts":"365264508943"},{"cat":"function","dur":"16951","name":"loop","ph":"X","pid":"0","tid":"0x105e465c0","ts":"365264508503"},{"cat":"function","dur":"36","name":"renderCircle","ph":"X","pid":"0","tid":"0x105e465c0","ts":"365264525516"},{"cat":"function","dur":"11","name":"renderQuad","ph":"X","pid":"0","tid":"0x105e465c0","ts":"365264525564"},{"cat":"function","dur":"17","name":"renderLine","ph":"X","pid":"0","tid":"0x105e465c0","ts":"365264525595"},{"cat":"function","dur":"13","name":"render","ph":"X","pid":"0","tid":"0x105e465c0","ts":"365264525622"},{"cat":"function","dur":"9","name":"render","ph":"X","pid":"0","tid":"0x105e465c0","ts":"365264525644"},{"cat":"function","dur":"22","name":"render","ph":"X","pid":"0","tid":"0x105e465c0","ts":"365264525661"},{"cat":"function","dur":"245","name":"renderFrame","ph":"X","pid":"0","tid":"0x105e465c0","ts":"365264525622"},{"cat":"function","dur":"12","name":"checkForCollisions","ph":"X","pid":"0","tid":"0x105e465c0","ts":"365264525881"},{"cat":"function","dur":"21","name":"timeStep","ph":"X","pid":"0","tid":"0x105e465c0","ts":"365264525879"},{"cat":"function","dur":"11","name":"renderLine","ph":"X","pid":"0","tid":"0x105e465c0","ts":"365264525906"},{"cat":"function","dur":"8","name":"renderLine","ph":"X","pid":"0","tid":"0x105e465c0","ts":"365264525927"},{"cat":"function","dur":"17584","name":"loop","ph":"X","pid":"0","tid":"0x105e465c0","ts":"365264525494"},{"cat":"function","dur":"51","name":"renderCircle","ph":"X","pid":"0","tid":"0x105e465c0","ts":"365264543190"},{"cat":"function","dur":"11","name":"renderQuad","ph":"X","pid":"0","tid":"0x105e465c0","ts":"365264543255"},{"cat":"function","dur":"17","name":"renderLine","ph":"X","pid":"0","tid":"0x105e465c0","ts":"365264543288"},{"cat":"function","dur":"13","name":"render","ph":"X","pid":"0","tid":"0x105e465c0","ts":"365264543316"},{"cat":"function","dur":"9","name":"render","ph":"X","pid":"0","tid":"0x105e465c0","ts":"365264543339"},{"cat":"function","dur":"8","name":"render","ph":"X","pid":"0","tid":"0x105e465c0","ts":"365264543357"},{"cat":"function","dur":"278","name":"renderFrame","ph":"X","pid":"0","tid":"0x105e465c0","ts":"365264543315"},{"cat":"function","dur":"11","name":"checkForCollisions","ph":"X","pid":"0","tid":"0x105e465c0","ts":"365264543609"},{"cat":"function","dur":"24","name":"timeStep","ph":"X","pid":"0","tid":"0x105e465c0","ts":"365264543607"},{"cat":"function","dur":"14","name":"renderLine","ph":"X","pid":"0","tid":"0x105e465c0","ts":"365264543638"},{"cat":"function","dur":"7","name":"renderLine","ph":"X","pid":"0","tid":"0x105e465c0","ts":"365264543663"},{"cat":"function","dur":"17926","name":"loop","ph":"X","pid":"0","tid":"0x105e465c0","ts":"365264543165"},{"cat":"function","dur":"37","name":"renderCircle","ph":"X","pid":"0","tid":"0x105e465c0","ts":"365264561153"},{"cat":"function","dur":"11","name":"renderQuad","ph":"X","pid":"0","tid":"0x105e465c0","ts":"365264561202"},{"cat":"function","dur":"16","name":"renderLine","ph":"X","pid":"0","tid":"0x105e465c0","ts":"365264561233"},{"cat":"function","dur":"13","name":"render","ph":"X","pid":"0","tid":"0x105e465c0","ts":"365264561260"},{"cat":"function","dur":"9","name":"render","ph":"X","pid":"0","tid":"0x105e465c0","ts":"365264561281"},{"cat":"function","dur":"8","name":"render","ph":"X","pid":"0","tid":"0x105e465c0","ts":"365264561297"},{"cat":"function","dur":"223","name":"renderFrame","ph":"X","pid":"0","tid":"0x105e465c0","ts":"365264561259"},{"cat":"function","dur":"11","name":"checkForCollisions","ph":"X","pid":"0","tid":"0x105e465c0","ts":"365264561495"},{"cat":"function","dur":"20","name":"timeStep","ph":"X","pid":"0","tid":"0x105e465c0","ts":"365264561493"},{"cat":"function","dur":"11","name":"renderLine","ph":"X","pid":"0","tid":"0x105e465c0","ts":"365264561519"},{"cat":"function","dur":"7","name":"renderLine","ph":"X","pid":"0","tid":"0x105e465c0","ts":"365264561540"},{"cat":"function","dur":"16824","name":"loop","ph":"X","pid":"0","tid":"0x105e465c0","ts":"365264561131"},{"cat":"function","dur":"36","name":"renderCircle","ph":"X","pid":"0","tid":"0x105e465c0","ts":"365264578036"},{"cat":"function","dur":"12","name":"renderQuad","ph":"X","pid":"0","tid":"0x105e465c0","ts":"365264578085"},{"cat":"function","dur":"17","name":"renderLine","ph":"X","pid":"0","tid":"0x105e465c0","ts":"365264578118"},{"cat":"function","dur":"12","name":"render","ph":"X","pid":"0","tid":"0x105e465c0","ts":"365264578146"},{"cat":"function","dur":"8","name":"render","ph":"X","pid":"0","tid":"0x105e465c0","ts":"365264578167"},{"cat":"function","dur":"8","name":"render","ph":"X","pid":"0","tid":"0x105e465c0","ts":"365264578183"},{"cat":"function","dur":"228","name":"renderFrame","ph":"X","pid":"0","tid":"0x105e465c0","ts":"365264578145"},{"cat":"function","dur":"12","name":"checkForCollisions","ph":"X","pid":"0","tid":"0x105e465c0","ts":"365264578389"},{"cat":"function","dur":"21","name":"timeStep","ph":"X","pid":"0","tid":"0x105e465c0","ts":"365264578387"},{"cat":"function","dur":"14","name":"renderLine","ph":"X","pid":"0","tid":"0x105e465c0","ts":"365264578414"},{"cat":"function","dur":"9","name":"renderLine","ph":"X","pid":"0","tid":"0x105e465c0","ts":"365264578439"},{"cat":"function","dur":"17359","name":"loop","ph":"X","pid":"0","tid":"0x105e465c0","ts":"365264578013"},{"cat":"function","dur":"36","name":"renderCircle","ph":"X","pid":"0","tid":"0x105e465c0","ts":"365264595436"},{"cat":"function","dur":"11","name":"renderQuad","ph":"X","pid":"0","tid":"0x105e465c0","ts":"365264595486"},{"cat":"function","dur":"16","name":"renderLine","ph":"X","pid":"0","tid":"0x105e465c0","ts":"365264595518"},{"cat":"function","dur":"13","name":"render","ph":"X","pid":"0","tid":"0x105e465c0","ts":"365264595546"},{"cat":"function","dur":"9","name":"render","ph":"X","pid":"0","tid":"0x105e465c0","ts":"365264595568"},{"cat":"function","dur":"9","name":"render","ph":"X","pid":"0","tid":"0x105e465c0","ts":"365264595585"},{"cat":"function","dur":"233","name":"renderFrame","ph":"X","pid":"0","tid":"0x105e465c0","ts":"365264595545"},{"cat":"function","dur":"12","name":"checkForCollisions","ph":"X","pid":"0","tid":"0x105e465c0","ts":"365264595791"},{"cat":"function","dur":"21","name":"timeStep","ph":"X","pid":"0","tid":"0x105e465c0","ts":"365264595789"},{"cat":"function","dur":"12","name":"renderLine","ph":"X","pid":"0","tid":"0x105e465c0","ts":"365264595816"},{"cat":"function","dur":"9","name":"renderLine","ph":"X","pid":"0","tid":"0x105e465c0","ts":"365264595841"},{"cat":"function","dur":"17830","name":"loop","ph":"X","pid":"0","tid":"0x105e465c0","ts":"365264595412"},{"cat":"function","dur":"40","name":"renderCircle","ph":"X","pid":"0","tid":"0x105e465c0","ts":"365264613332"},{"cat":"function","dur":"14","name":"renderQuad","ph":"X","pid":"0","tid":"0x105e465c0","ts":"365264613389"},{"cat":"function","dur":"19","name":"renderLine","ph":"X","pid":"0","tid":"0x105e465c0","ts":"365264613426"},{"cat":"function","dur":"16","name":"render","ph":"X","pid":"0","tid":"0x105e465c0","ts":"365264613458"},{"cat":"function","dur":"11","name":"render","ph":"X","pid":"0","tid":"0x105e465c0","ts":"365264613485"},{"cat":"function","dur":"9","name":"render","ph":"X","pid":"0","tid":"0x105e465c0","ts":"365264613505"},{"cat":"function","dur":"312","name":"renderFrame","ph":"X","pid":"0","tid":"0x105e465c0","ts":"365264613458"},{"cat":"function","dur":"14","name":"checkForCollisions","ph":"X","pid":"0","tid":"0x105e465c0","ts":"365264613814"},{"cat":"function","dur":"34","name":"timeStep","ph":"X","pid":"0","tid":"0x105e465c0","ts":"365264613810"},{"cat":"function","dur":"46","name":"renderLine","ph":"X","pid":"0","tid":"0x105e465c0","ts":"365264613856"},{"cat":"function","dur":"21","name":"renderLine","ph":"X","pid":"0","tid":"0x105e465c0","ts":"365264613931"},{"cat":"function","dur":"17353","name":"loop","ph":"X","pid":"0","tid":"0x105e465c0","ts":"365264613306"},{"cat":"function","dur":"36","name":"renderCircle","ph":"X","pid":"0","tid":"0x105e465c0","ts":"365264630720"},{"cat":"function","dur":"12","name":"renderQuad","ph":"X","pid":"0","tid":"0x105e465c0","ts":"365264630768"},{"cat":"function","dur":"17","name":"renderLine","ph":"X","pid":"0","tid":"0x105e465c0","ts":"365264630800"},{"cat":"function","dur":"13","name":"render","ph":"X","pid":"0","tid":"0x105e465c0","ts":"365264630828"},{"cat":"function","dur":"9","name":"render","ph":"X","pid":"0","tid":"0x105e465c0","ts":"365264630850"},{"cat":"function","dur":"8","name":"render","ph":"X","pid":"0","tid":"0x105e465c0","ts":"365264630867"},{"cat":"function","dur":"226","name":"renderFrame","ph":"X","pid":"0","tid":"0x105e465c0","ts":"365264630827"},{"cat":"function","dur":"11","name":"checkForCollisions","ph":"X","pid":"0","tid":"0x105e465c0","ts":"365264631066"},{"cat":"function","dur":"20","name":"timeStep","ph":"X","pid":"0","tid":"0x105e465c0","ts":"365264631064"},{"cat":"function","dur":"11","name":"renderLine","ph":"X","pid":"0","tid":"0x105e465c0","ts":"365264631090"},{"cat":"function","dur":"7","name":"renderLine","ph":"X","pid":"0","tid":"0x105e465c0","ts":"365264631112"},{"cat":"function","dur":"87759","name":"loop","ph":"X","pid":"0","tid":"0x105e465c0","ts":"365264630699"}],"displayTimeUnit":"ns"}