{"traceEvents":[{"cat":"function","dur":"5896","name":"renderCircle","ph":"X","pid":"0","tid":"0x1153565c0","ts":"365628841474"},{"cat":"function","dur":"1737","name":"renderQuad","ph":"X","pid":"0","tid":"0x1153565c0","ts":"365628847441"},{"cat":"function","dur":"975","name":"renderLine","ph":"X","pid":"0","tid":"0x1153565c0","ts":"365628849235"},{"cat":"function","dur":"2066","name":"render","ph":"X","pid":"0","tid":"0x1153565c0","ts":"365628850237"},{"cat":"function","dur":"40","name":"render","ph":"X","pid":"0","tid":"0x1153565c0","ts":"365628852343"},{"cat":"function","dur":"25","name":"render","ph":"X","pid":"0","tid":"0x1153565c0","ts":"365628852400"},{"cat":"function","dur":"2445","name":"renderFrame","ph":"X","pid":"0","tid":"0x1153565c0","ts":"365628850236"},{"cat":"function","dur":"49","name":"renderLine","ph":"X","pid":"0","tid":"0x1153565c0","ts":"365628852705"},{"cat":"function","dur":"40","name":"renderLine","ph":"X","pid":"0","tid":"0x1153565c0","ts":"365628852783"},{"cat":"function","dur":"131025","name":"loop","ph":"X","pid":"0","tid":"0x1153565c0","ts":"365628841438"},{"cat":"function","dur":"35","name":"renderCircle","ph":"X","pid":"0","tid":"0x1153565c0","ts":"365628972527"},{"cat":"function","dur":"12","name":"renderQuad","ph":"X","pid":"0","tid":"0x1153565c0","ts":"365628972579"},{"cat":"function","dur":"16","name":"renderLine","ph":"X","pid":"0","tid":"0x1153565c0","ts":"365628972615"},{"cat":"function","dur":"14","name":"render","ph":"X","pid":"0","tid":"0x1153565c0","ts":"365628972645"},{"cat":"function","dur":"10","name":"render","ph":"X","pid":"0","tid":"0x1153565c0","ts":"365628972671"},{"cat":"function","dur":"9","name":"render","ph":"X","pid":"0","tid":"0x1153565c0","ts":"365628972692"},{"cat":"function","dur":"239","name":"renderFrame","ph":"X","pid":"0","tid":"0x1153565c0","ts":"365628972645"},{"cat":"function","dur":"12","name":"renderLine","ph":"X","pid":"0","tid":"0x1153565c0","ts":"365628972900"},{"cat":"function","dur":"61","name":"renderLine","ph":"X","pid":"0","tid":"0x1153565c0","ts":"365628972935"},{"cat":"function","dur":"17399","name":"loop","ph":"X","pid":"0","tid":"0x1153565c0","ts":"365628972510"},{"cat":"function","dur":"38","name":"renderCircle","ph":"X","pid":"0","tid":"0x1153565c0","ts":"365628989981"},{"cat":"function","dur":"12","name":"renderQuad","ph":"X","pid":"0","tid":"0x1153565c0","ts":"365628990037"},{"cat":"function","dur":"18","name":"renderLine","ph":"X","pid":"0","tid":"0x1153565c0","ts":"365628990073"},{"cat":"function","dur":"13","name":"render","ph":"X","pid":"0","tid":"0x1153565c0","ts":"365628990105"},{"cat":"function","dur":"10","name":"render","ph":"X","pid":"0","tid":"0x1153565c0","ts":"365628990130"},{"cat":"function","dur":"9","name":"render","ph":"X","pid":"0","tid":"0x1153565c0","ts":"365628990151"},{"cat":"function","dur":"242","name":"renderFrame","ph":"X","pid":"0","tid":"0x1153565c0","ts":"365628990104"},{"cat":"function","dur":"11","name":"renderLine","ph":"X","pid":"0","tid":"0x1153565c0","ts":"365628990363"},{"cat":"function","dur":"8","name":"renderLine","ph":"X","pid":"0","tid":"0x1153565c0","ts":"365628990388"},{"cat":"function","dur":"16097","name":"loop","ph":"X","pid":"0","tid":"0x1153565c0","ts":"365628989958"},{"cat":"function","dur":"42","name":"renderCircle","ph":"X","pid":"0","tid":"0x1153565c0","ts":"365629006167"},{"cat":"function","dur":"13","name":"renderQuad","ph":"X","pid":"0","tid":"0x1153565c0","ts":"365629006230"},{"cat":"function","dur":"19","name":"renderLine","ph":"X","pid":"0","tid":"0x1153565c0","ts":"365629006269"},{"cat":"function","dur":"15","name":"render","ph":"X","pid":"0","tid":"0x1153565c0","ts":"365629006303"},{"cat":"function","dur":"10","name":"render","ph":"X","pid":"0","tid":"0x1153565c0","ts":"365629006333"},{"cat":"function","dur":"10","name":"render","ph":"X","pid":"0","tid":"0x1153565c0","ts":"365629006354"},{"cat":"function","dur":"317","name":"renderFrame","ph":"X","pid":"0","tid":"0x1153565c0","ts":"365629006302"},{"cat":"function","dur":"12","name":"renderLine","ph":"X","pid":"0","tid":"0x1153565c0","ts":"365629006638"},{"cat":"function","dur":"9","name":"renderLine","ph":"X","pid":"0","tid":"0x1153565c0","ts":"365629006689"},{"cat":"function","dur":"17676","name":"loop","ph":"X","pid":"0","tid":"0x1153565c0","ts":"365629006130"},{"cat":"function","dur":"70","name":"renderCircle","ph":"X","pid":"0","tid":"0x1153565c0","ts":"365629023956"},{"cat":"function","dur":"14","name":"renderQuad","ph":"X","pid":"0","tid":"0x1153565c0","ts":"365629024046"},{"cat":"function","dur":"20","name":"renderLine","ph":"X","pid":"0","tid":"0x1153565c0","ts":"365629024083"},{"cat":"function","dur":"14","name":"render","ph":"X","pid":"0","tid":"0x1153565c0","ts":"365629024115"},{"cat":"function","dur":"10","name":"render","ph":"X","pid":"0","tid":"0x1153565c0","ts":"365629024138"},{"cat":"function","dur":"9","name":"render","ph":"X","pid":"0","tid":"0x1153565c0","ts":"365629024156"},{"cat":"function","dur":"284","name":"renderFrame","ph":"X","pid":"0","tid":"0x1153565c0","ts":"365629024114"},{"cat":"function","dur":"17","name":"renderLine","ph":"X","pid":"0","tid":"0x1153565c0","ts":"365629024420"},{"cat":"function","dur":"11","name":"renderLine","ph":"X","pid":"0","tid":"0x1153565c0","ts":"365629024454"},{"cat":"function","dur":"17078","name":"loop","ph":"X","pid":"0","tid":"0x1153565c0","ts":"365629023898"},{"cat":"function","dur":"39","name":"renderCircle","ph":"X","pid":"0","tid":"0x1153565c0","ts":"365629041043"},{"cat":"function","dur":"11","name":"renderQuad","ph":"X","pid":"0","tid":"0x1153565c0","ts":"365629041096"},{"cat":"function","dur":"17","name":"renderLine","ph":"X","pid":"0","tid":"0x1153565c0","ts":"365629041128"},{"cat":"function","dur":"13","name":"render","ph":"X","pid":"0","tid":"0x1153565c0","ts":"365629041156"},{"cat":"function","dur":"9","name":"render","ph":"X","pid":"0","tid":"0x1153565c0","ts":"365629041179"},{"cat":"function","dur":"8","name":"render","ph":"X","pid":"0","tid":"0x1153565c0","ts":"365629041196"},{"cat":"function","dur":"233","name":"renderFrame","ph":"X","pid":"0","tid":"0x1153565c0","ts":"365629041155"},{"cat":"function","dur":"11","name":"renderLine","ph":"X","pid":"0","tid":"0x1153565c0","ts":"365629041402"},{"cat":"function","dur":"8","name":"renderLine","ph":"X","pid":"0","tid":"0x1153565c0","ts":"365629041424"},{"cat":"function","dur":"17233","name":"loop","ph":"X","pid":"0","tid":"0x1153565c0","ts":"365629041019"},{"cat":"function","dur":"38","name":"renderCircle","ph":"X","pid":"0","tid":"0x1153565c0","ts":"365629058311"},{"cat":"function","dur":"12","name":"renderQuad","ph":"X","pid":"0","tid":"0x1153565c0","ts":"365629058363"},{"cat":"function","dur":"17","name":"renderLine","ph":"X","pid":"0","tid":"0x1153565c0","ts":"365629058397"},{"cat":"function","dur":"13","name":"render","ph":"X","pid":"0","tid":"0x1153565c0","ts":"365629058425"},{"cat":"function","dur":"10","name":"render","ph":"X","pid":"0","tid":"0x1153565c0","ts":"365629058447"},{"cat":"function","dur":"8","name":"render","ph":"X","pid":"0","tid":"0x1153565c0","ts":"365629058465"},{"cat":"function","dur":"233","name":"renderFrame","ph":"X","pid":"0","tid":"0x1153565c0","ts":"365629058424"},{"cat":"function","dur":"12","name":"renderLine","ph":"X","pid":"0","tid":"0x1153565c0","ts":"365629058670"},{"cat":"function","dur":"8","name":"renderLine","ph":"X","pid":"0","tid":"0x1153565c0","ts":"365629058692"},{"cat":"function","dur":"17731","name":"loop","ph":"X","pid":"0","tid":"0x1153565c0","ts":"365629058290"},{"cat":"function","dur":"36","name":"renderCircle","ph":"X","pid":"0","tid":"0x1153565c0","ts":"365629076079"},{"cat":"function","dur":"11","name":"renderQuad","ph":"X","pid":"0","tid":"0x1153565c0","ts":"365629076129"},{"cat":"function","dur":"18","name":"renderLine","ph":"X","pid":"0","tid":"0x1153565c0","ts":"365629076160"},{"cat":"function","dur":"14","name":"render","ph":"X","pid":"0","tid":"0x1153565c0","ts":"365629076188"},{"cat":"function","dur":"9","name":"render","ph":"X","pid":"0","tid":"0x1153565c0","ts":"365629076212"},{"cat":"function","dur":"9","name":"render","ph":"X","pid":"0","tid":"0x1153565c0","ts":"365629076230"},{"cat":"function","dur":"256","name":"renderFrame","ph":"X","pid":"0","tid":"0x1153565c0","ts":"365629076187"},{"cat":"function","dur":"12","name":"renderLine","ph":"X","pid":"0","tid":"0x1153565c0","ts":"365629076457"},{"cat":"function","dur":"8","name":"renderLine","ph":"X","pid":"0","tid":"0x1153565c0","ts":"365629076479"},{"cat":"function","dur":"16193","name":"loop","ph":"X","pid":"0","tid":"0x1153565c0","ts":"365629076061"},{"cat":"function","dur":"32","name":"renderCircle","ph":"X","pid":"0","tid":"0x1153565c0","ts":"365629092306"},{"cat":"function","dur":"11","name":"renderQuad","ph":"X","pid":"0","tid":"0x1153565c0","ts":"365629092351"},{"cat":"function","dur":"16","name":"renderLine","ph":"X","pid":"0","tid":"0x1153565c0","ts":"365629092382"},{"cat":"function","dur":"13","name":"render","ph":"X","pid":"0","tid":"0x1153565c0","ts":"365629092408"},{"cat":"function","dur":"9","name":"render","ph":"X","pid":"0","tid":"0x1153565c0","ts":"365629092429"},{"cat":"function","dur":"8","name":"render","ph":"X","pid":"0","tid":"0x1153565c0","ts":"365629092446"},{"cat":"function","dur":"219","name":"renderFrame","ph":"X","pid":"0","tid":"0x1153565c0","ts":"365629092407"},{"cat":"function","dur":"11","name":"renderLine","ph":"X","pid":"0","tid":"0x1153565c0","ts":"365629092639"},{"cat":"function","dur":"7","name":"renderLine","ph":"X","pid":"0","tid":"0x1153565c0","ts":"365629092660"},{"cat":"function","dur":"16874","name":"loop","ph":"X","pid":"0","tid":"0x1153565c0","ts":"365629092287"},{"cat":"function","dur":"38","name":"renderCircle","ph":"X","pid":"0","tid":"0x1153565c0","ts":"365629109232"},{"cat":"function","dur":"10","name":"renderQuad","ph":"X","pid":"0","tid":"0x1153565c0","ts":"365629109282"},{"cat":"function","dur":"16","name":"renderLine","ph":"X","pid":"0","tid":"0x1153565c0","ts":"365629109313"},{"cat":"function","dur":"14","name":"render","ph":"X","pid":"0","tid":"0x1153565c0","ts":"365629109340"},{"cat":"function","dur":"9","name":"render","ph":"X","pid":"0","tid":"0x1153565c0","ts":"365629109362"},{"cat":"function","dur":"8","name":"render","ph":"X","pid":"0","tid":"0x1153565c0","ts":"365629109379"},{"cat":"function","dur":"222","name":"renderFrame","ph":"X","pid":"0","tid":"0x1153565c0","ts":"365629109339"},{"cat":"function","dur":"11","name":"renderLine","ph":"X","pid":"0","tid":"0x1153565c0","ts":"365629109574"},{"cat":"function","dur":"8","name":"renderLine","ph":"X","pid":"0","tid":"0x1153565c0","ts":"365629109594"},{"cat":"function","dur":"16860","name":"loop","ph":"X","pid":"0","tid":"0x1153565c0","ts":"365629109207"},{"cat":"function","dur":"30","name":"renderCircle","ph":"X","pid":"0","tid":"0x1153565c0","ts":"365629126116"},{"cat":"function","dur":"9","name":"renderQuad","ph":"X","pid":"0","tid":"0x1153565c0","ts":"365629126158"},{"cat":"function","dur":"15","name":"renderLine","ph":"X","pid":"0","tid":"0x1153565c0","ts":"365629126186"},{"cat":"function","dur":"12","name":"render","ph":"X","pid":"0","tid":"0x1153565c0","ts":"365629126211"},{"cat":"function","dur":"9","name":"render","ph":"X","pid":"0","tid":"0x1153565c0","ts":"365629126230"},{"cat":"function","dur":"7","name":"render","ph":"X","pid":"0","tid":"0x1153565c0","ts":"365629126246"},{"cat":"function","dur":"205","name":"renderFrame","ph":"X","pid":"0","tid":"0x1153565c0","ts":"365629126210"},{"cat":"function","dur":"10","name":"renderLine","ph":"X","pid":"0","tid":"0x1153565c0","ts":"365629126427"},{"cat":"function","dur":"7","name":"renderLine","ph":"X","pid":"0","tid":"0x1153565c0","ts":"365629126446"},{"cat":"function","dur":"17170","name":"loop","ph":"X","pid":"0","tid":"0x1153565c0","ts":"365629126097"},{"cat":"function","dur":"38","name":"renderCircle","ph":"X","pid":"0","tid":"0x1153565c0","ts":"365629143376"},{"cat":"function","dur":"11","name":"renderQuad","ph":"X","pid":"0","tid":"0x1153565c0","ts":"365629143428"},{"cat":"function","dur":"18","name":"renderLine","ph":"X","pid":"0","tid":"0x1153565c0","ts":"365629143460"},{"cat":"function","dur":"13","name":"render","ph":"X","pid":"0","tid":"0x1153565c0","ts":"365629143488"},{"cat":"function","dur":"10","name":"render","ph":"X","pid":"0","tid":"0x1153565c0","ts":"365629143529"},{"cat":"function","dur":"8","name":"render","ph":"X","pid":"0","tid":"0x1153565c0","ts":"365629143548"},{"cat":"function","dur":"281","name":"renderFrame","ph":"X","pid":"0","tid":"0x1153565c0","ts":"365629143488"},{"cat":"function","dur":"12","name":"renderLine","ph":"X","pid":"0","tid":"0x1153565c0","ts":"365629143785"},{"cat":"function","dur":"8","name":"renderLine","ph":"X","pid":"0","tid":"0x1153565c0","ts":"365629143808"},{"cat":"function","dur":"16614","name":"loop","ph":"X","pid":"0","tid":"0x1153565c0","ts":"365629143354"},{"cat":"function","dur":"35","name":"renderCircle","ph":"X","pid":"0","tid":"0x1153565c0","ts":"365629160037"},{"cat":"function","dur":"11","name":"renderQuad","ph":"X","pid":"0","tid":"0x1153565c0","ts":"365629160087"},{"cat":"function","dur":"17","name":"renderLine","ph":"X","pid":"0","tid":"0x1153565c0","ts":"365629160119"},{"cat":"function","dur":"13","name":"render","ph":"X","pid":"0","tid":"0x1153565c0","ts":"365629160147"},{"cat":"function","dur":"9","name":"render","ph":"X","pid":"0","tid":"0x1153565c0","ts":"365629160169"},{"cat":"function","dur":"8","name":"render","ph":"X","pid":"0","tid":"0x1153565c0","ts":"365629160187"},{"cat":"function","dur":"230","name":"renderFrame","ph":"X","pid":"0","tid":"0x1153565c0","ts":"365629160146"},{"cat":"function","dur":"11","name":"renderLine","ph":"X","pid":"0","tid":"0x1153565c0","ts":"365629160389"},{"cat":"function","dur":"7","name":"renderLine","ph":"X","pid":"0","tid":"0x1153565c0","ts":"365629160411"},{"cat":"function","dur":"16669","name":"loop","ph":"X","pid":"0","tid":"0x1153565c0","ts":"365629160013"},{"cat":"function","dur":"34","name":"renderCircle","ph":"X","pid":"0","tid":"0x1153565c0","ts":"365629176735"},{"cat":"function","dur":"11","name":"renderQuad","ph":"X","pid":"0","tid":"0x1153565c0","ts":"365629176781"},{"cat":"function","dur":"16","name":"renderLine","ph":"X","pid":"0","tid":"0x1153565c0","ts":"365629176812"},{"cat":"function","dur":"12","name":"render","ph":"X","pid":"0","tid":"0x1153565c0","ts":"365629176838"},{"cat":"function","dur":"9","name":"render","ph":"X","pid":"0","tid":"0x1153565c0","ts":"365629176859"},{"cat":"function","dur":"7","name":"render","ph":"X","pid":"0","tid":"0x1153565c0","ts":"365629176876"},{"cat":"function","dur":"218","name":"renderFrame","ph":"X","pid":"0","tid":"0x1153565c0","ts":"365629176837"},{"cat":"function","dur":"11","name":"renderLine","ph":"X","pid":"0","tid":"0x1153565c0","ts":"365629177067"},{"cat":"function","dur":"7","name":"renderLine","ph":"X","pid":"0","tid":"0x1153565c0","ts":"365629177088"},{"cat":"function","dur":"17167","name":"loop","ph":"X","pid":"0","tid":"0x1153565c0","ts":"365629176716"},{"cat":"function","dur":"32","name":"renderCircle","ph":"X","pid":"0","tid":"0x1153565c0","ts":"365629193942"},{"cat":"function","dur":"10","name":"renderQuad","ph":"X","pid":"0","tid":"0x1153565c0","ts":"365629193986"},{"cat":"function","dur":"15","name":"renderLine","ph":"X","pid":"0","tid":"0x1153565c0","ts":"365629194016"},{"cat":"function","dur":"12","name":"render","ph":"X","pid":"0","tid":"0x1153565c0","ts":"365629194041"},{"cat":"function","dur":"9","name":"render","ph":"X","pid":"0","tid":"0x1153565c0","ts":"365629194061"},{"cat":"function","dur":"8","name":"render","ph":"X","pid":"0","tid":"0x1153565c0","ts":"365629194077"},{"cat":"function","dur":"213","name":"renderFrame","ph":"X","pid":"0","tid":"0x1153565c0","ts":"365629194040"},{"cat":"function","dur":"11","name":"renderLine","ph":"X","pid":"0","tid":"0x1153565c0","ts":"365629194265"},{"cat":"function","dur":"7","name":"renderLine","ph":"X","pid":"0","tid":"0x1153565c0","ts":"365629194285"},{"cat":"function","dur":"17254","name":"loop","ph":"X","pid":"0","tid":"0x1153565c0","ts":"365629193923"},{"cat":"function","dur":"39","name":"renderCircle","ph":"X","pid":"0","tid":"0x1153565c0","ts":"365629211271"},{"cat":"function","dur":"11","name":"renderQuad","ph":"X","pid":"0","tid":"0x1153565c0","ts":"365629211325"},{"cat":"function","dur":"18","name":"renderLine","ph":"X","pid":"0","tid":"0x1153565c0","ts":"365629211379"},{"cat":"function","dur":"16","name":"render","ph":"X","pid":"0","tid":"0x1153565c0","ts":"365629211410"},{"cat":"function","dur":"10","name":"render","ph":"X","pid":"0","tid":"0x1153565c0","ts":"365629211437"},{"cat":"function","dur":"8","name":"render","ph":"X","pid":"0","tid":"0x1153565c0","ts":"365629211456"},{"cat":"function","dur":"247","name":"renderFrame","ph":"X","pid":"0","tid":"0x1153565c0","ts":"365629211409"},{"cat":"function","dur":"16","name":"renderLine","ph":"X","pid":"0","tid":"0x1153565c0","ts":"365629211673"},{"cat":"function","dur":"8","name":"renderLine","ph":"X","pid":"0","tid":"0x1153565c0","ts":"365629211700"},{"cat":"function","dur":"16871","name":"loop","ph":"X","pid":"0","tid":"0x1153565c0","ts":"365629211247"},{"cat":"function","dur":"41","name":"renderCircle","ph":"X","pid":"0","tid":"0x1153565c0","ts":"365629228189"},{"cat":"function","dur":"10","name":"renderQuad","ph":"X","pid":"0","tid":"0x1153565c0","ts":"365629228243"},{"cat":"function","dur":"17","name":"renderLine","ph":"X","pid":"0","tid":"0x1153565c0","ts":"365629228273"},{"cat":"function","dur":"13","name":"render","ph":"X","pid":"0","tid":"0x1153565c0","ts":"365629228300"},{"cat":"function","dur":"9","name":"render","ph":"X","pid":"0","tid":"0x1153565c0","ts":"365629228321"},{"cat":"function","dur":"8","name":"render","ph":"X","pid":"0","tid":"0x1153565c0","ts":"365629228337"},{"cat":"function","dur":"217","name":"renderFrame","ph":"X","pid":"0","tid":"0x1153565c0","ts":"365629228300"},{"cat":"function","dur":"11","name":"renderLine","ph":"X","pid":"0","tid":"0x1153565c0","ts":"365629228529"},{"cat":"function","dur":"7","name":"renderLine","ph":"X","pid":"0","tid":"0x1153565c0","ts":"365629228549"},{"cat":"function","dur":"17702","name":"loop","ph":"X","pid":"0","tid":"0x1153565c0","ts":"365629228164"},{"cat":"function","dur":"71","name":"renderCircle","ph":"X","pid":"0","tid":"0x1153565c0","ts":"365629245975"},{"cat":"function","dur":"14","name":"renderQuad","ph":"X","pid":"0","tid":"0x1153565c0","ts":"365629246064"},{"cat":"function","dur":"29","name":"renderLine","ph":"X","pid":"0","tid":"0x1153565c0","ts":"365629246104"},{"cat":"function","dur":"20","name":"render","ph":"X","pid":"0","tid":"0x1153565c0","ts":"365629246145"},{"cat":"function","dur":"12","name":"render","ph":"X","pid":"0","tid":"0x1153565c0","ts":"365629246175"},{"cat":"function","dur":"10","name":"render","ph":"X","pid":"0","tid":"0x1153565c0","ts":"365629246196"},{"cat":"function","dur":"274","name":"renderFrame","ph":"X","pid":"0","tid":"0x1153565c0","ts":"365629246144"},{"cat":"function","dur":"16","name":"renderLine","ph":"X","pid":"0","tid":"0x1153565c0","ts":"365629246439"},{"cat":"function","dur":"9","name":"renderLine","ph":"X","pid":"0","tid":"0x1153565c0","ts":"365629246468"},{"cat":"function","dur":"17031","name":"loop","ph":"X","pid":"0","tid":"0x1153565c0","ts":"365629245937"},{"cat":"function","dur":"34","name":"renderCircle","ph":"X","pid":"0","tid":"0x1153565c0","ts":"365629263029"},{"cat":"function","dur":"10","name":"renderQuad","ph":"X","pid":"0","tid":"0x1153565c0","ts":"365629263075"},{"cat":"function","dur":"16","name":"renderLine","ph":"X","pid":"0","tid":"0x1153565c0","ts":"365629263104"},{"cat":"function","dur":"13","name":"render","ph":"X","pid":"0","tid":"0x1153565c0","ts":"365629263130"},{"cat":"function","dur":"9","name":"render","ph":"X","pid":"0","tid":"0x1153565c0","ts":"365629263151"},{"cat":"function","dur":"8","name":"render","ph":"X","pid":"0","tid":"0x1153565c0","ts":"365629263168"},{"cat":"function","dur":"215","name":"renderFrame","ph":"X","pid":"0","tid":"0x1153565c0","ts":"365629263130"},{"cat":"function","dur":"12","name":"renderLine","ph":"X","pid":"0","tid":"0x1153565c0","ts":"365629263360"},{"cat":"function","dur":"8","name":"renderLine","ph":"X","pid":"0","tid":"0x1153565c0","ts":"365629263383"},{"cat":"function","dur":"16790","name":"loop","ph":"X","pid":"0","tid":"0x1153565c0","ts":"365629263008"},{"cat":"function","dur":"66","name":"renderCircle","ph":"X","pid":"0","tid":"0x1153565c0","ts":"365629279942"},{"cat":"function","dur":"18","name":"renderQuad","ph":"X","pid":"0","tid":"0x1153565c0","ts":"365629280032"},{"cat":"function","dur":"28","name":"renderLine","ph":"X","pid":"0","tid":"0x1153565c0","ts":"365629280084"},{"cat":"function","dur":"23","name":"render","ph":"X","pid":"0","tid":"0x1153565c0","ts":"365629280131"},{"cat":"function","dur":"16","name":"render","ph":"X","pid":"0","tid":"0x1153565c0","ts":"365629280169"},{"cat":"function","dur":"14","name":"render","ph":"X","pid":"0","tid":"0x1153565c0","ts":"365629280199"},{"cat":"function","dur":"453","name":"renderFrame","ph":"X","pid":"0","tid":"0x1153565c0","ts":"365629280129"},{"cat":"function","dur":"25","name":"renderLine","ph":"X","pid":"0","tid":"0x1153565c0","ts":"365629280615"},{"cat":"function","dur":"13","name":"renderLine","ph":"X","pid":"0","tid":"0x1153565c0","ts":"365629280659"},{"cat":"function","dur":"16753","name":"loop","ph":"X","pid":"0","tid":"0x1153565c0","ts":"365629279900"},{"cat":"function","dur":"35","name":"renderCircle","ph":"X","pid":"0","tid":"0x1153565c0","ts":"365629296713"},{"cat":"function","dur":"10","name":"renderQuad","ph":"X","pid":"0","tid":"0x1153565c0","ts":"365629296760"},{"cat":"function","dur":"16","name":"renderLine","ph":"X","pid":"0","tid":"0x1153565c0","ts":"365629296790"},{"cat":"function","dur":"18","name":"render","ph":"X","pid":"0","tid":"0x1153565c0","ts":"365629296816"},{"cat":"function","dur":"20","name":"render","ph":"X","pid":"0","tid":"0x1153565c0","ts":"365629296866"},{"cat":"function","dur":"11","name":"render","ph":"X","pid":"0","tid":"0x1153565c0","ts":"365629296907"},{"cat":"function","dur":"301","name":"renderFrame","ph":"X","pid":"0","tid":"0x1153565c0","ts":"365629296815"},{"cat":"function","dur":"13","name":"renderLine","ph":"X","pid":"0","tid":"0x1153565c0","ts":"365629297131"},{"cat":"function","dur":"8","name":"renderLine","ph":"X","pid":"0","tid":"0x1153565c0","ts":"365629297155"},{"cat":"function","dur":"16817","name":"loop","ph":"X","pid":"0","tid":"0x1153565c0","ts":"365629296692"},{"cat":"function","dur":"70","name":"renderCircle","ph":"X","pid":"0","tid":"0x1153565c0","ts":"365629313628"},{"cat":"function","dur":"17","name":"renderQuad","ph":"X","pid":"0","tid":"0x1153565c0","ts":"365629313717"},{"cat":"function","dur":"27","name":"renderLine","ph":"X","pid":"0","tid":"0x1153565c0","ts":"365629313759"},{"cat":"function","dur":"20","name":"render","ph":"X","pid":"0","tid":"0x1153565c0","ts":"365629313803"},{"cat":"function","dur":"11","name":"render","ph":"X","pid":"0","tid":"0x1153565c0","ts":"365629313834"},{"cat":"function","dur":"9","name":"render","ph":"X","pid":"0","tid":"0x1153565c0","ts":"365629313853"},{"cat":"function","dur":"254","name":"renderFrame","ph":"X","pid":"0","tid":"0x1153565c0","ts":"365629313802"},{"cat":"function","dur":"14","name":"renderLine","ph":"X","pid":"0","tid":"0x1153565c0","ts":"365629314075"},{"cat":"function","dur":"8","name":"renderLine","ph":"X","pid":"0","tid":"0x1153565c0","ts":"365629314101"},{"cat":"function","dur":"16999","name":"loop","ph":"X","pid":"0","tid":"0x1153565c0","ts":"365629313587"},{"cat":"function","dur":"53","name":"renderCircle","ph":"X","pid":"0","tid":"0x1153565c0","ts":"365629330688"},{"cat":"function","dur":"18","name":"renderQuad","ph":"X","pid":"0","tid":"0x1153565c0","ts":"365629330763"},{"cat":"function","dur":"16","name":"renderLine","ph":"X","pid":"0","tid":"0x1153565c0","ts":"365629330804"},{"cat":"function","dur":"13","name":"render","ph":"X","pid":"0","tid":"0x1153565c0","ts":"365629330832"},{"cat":"function","dur":"10","name":"render","ph":"X","pid":"0","tid":"0x1153565c0","ts":"365629330854"},{"cat":"function","dur":"8","name":"render","ph":"X","pid":"0","tid":"0x1153565c0","ts":"365629330872"},{"cat":"function","dur":"234","name":"renderFrame","ph":"X","pid":"0","tid":"0x1153565c0","ts":"365629330831"},{"cat":"function","dur":"12","name":"renderLine","ph":"X","pid":"0","tid":"0x1153565c0","ts":"365629331079"},{"cat":"function","dur":"9","name":"renderLine","ph":"X","pid":"0","tid":"0x1153565c0","ts":"365629331120"},{"cat":"function","dur":"17847","name":"loop","ph":"X","pid":"0","tid":"0x1153565c0","ts":"365629330661"},{"cat":"function","dur":"70","name":"renderCircle","ph":"X","pid":"0","tid":"0x1153565c0","ts":"365629348605"},{"cat":"function","dur":"13","name":"renderQuad","ph":"X","pid":"0","tid":"0x1153565c0","ts":"365629348688"},{"cat":"function","dur":"24","name":"renderLine","ph":"X","pid":"0","tid":"0x1153565c0","ts":"365629348723"},{"cat":"function","dur":"18","name":"render","ph":"X","pid":"0","tid":"0x1153565c0","ts":"365629348757"},{"cat":"function","dur":"11","name":"render","ph":"X","pid":"0","tid":"0x1153565c0","ts":"365629348783"},{"cat":"function","dur":"9","name":"render","ph":"X","pid":"0","tid":"0x1153565c0","ts":"365629348802"},{"cat":"function","dur":"242","name":"renderFrame","ph":"X","pid":"0","tid":"0x1153565c0","ts":"365629348756"},{"cat":"function","dur":"11","name":"renderLine","ph":"X","pid":"0","tid":"0x1153565c0","ts":"365629349012"},{"cat":"function","dur":"7","name":"renderLine","ph":"X","pid":"0","tid":"0x1153565c0","ts":"365629349034"},{"cat":"function","dur":"16958","name":"loop","ph":"X","pid":"0","tid":"0x1153565c0","ts":"365629348571"},{"cat":"function","dur":"35","name":"renderCircle","ph":"X","pid":"0","tid":"0x1153565c0","ts":"365629365634"},{"cat":"function","dur":"11","name":"renderQuad","ph":"X","pid":"0","tid":"0x1153565c0","ts":"365629365690"},{"cat":"function","dur":"17","name":"renderLine","ph":"X","pid":"0","tid":"0x1153565c0","ts":"365629365722"},{"cat":"function","dur":"12","name":"render","ph":"X","pid":"0","tid":"0x1153565c0","ts":"365629365749"},{"cat":"function","dur":"8","name":"render","ph":"X","pid":"0","tid":"0x1153565c0","ts":"365629365770"},{"cat":"function","dur":"8","name":"render","ph":"X","pid":"0","tid":"0x1153565c0","ts":"365629365786"},{"cat":"function","dur":"213","name":"renderFrame","ph":"X","pid":"0","tid":"0x1153565c0","ts":"365629365748"},{"cat":"function","dur":"10","name":"renderLine","ph":"X","pid":"0","tid":"0x1153565c0","ts":"365629365973"},{"cat":"function","dur":"7","name":"renderLine","ph":"X","pid":"0","tid":"0x1153565c0","ts":"365629365992"},{"cat":"function","dur":"17041","name":"loop","ph":"X","pid":"0","tid":"0x1153565c0","ts":"365629365601"},{"cat":"function","dur":"48","name":"renderCircle","ph":"X","pid":"0","tid":"0x1153565c0","ts":"365629382845"},{"cat":"function","dur":"12","name":"renderQuad","ph":"X","pid":"0","tid":"0x1153565c0","ts":"365629382916"},{"cat":"function","dur":"21","name":"renderLine","ph":"X","pid":"0","tid":"0x1153565c0","ts":"365629382952"},{"cat":"function","dur":"16","name":"render","ph":"X","pid":"0","tid":"0x1153565c0","ts":"365629382986"},{"cat":"function","dur":"9","name":"render","ph":"X","pid":"0","tid":"0x1153565c0","ts":"365629383012"},{"cat":"function","dur":"8","name":"render","ph":"X","pid":"0","tid":"0x1153565c0","ts":"365629383029"},{"cat":"function","dur":"240","name":"renderFrame","ph":"X","pid":"0","tid":"0x1153565c0","ts":"365629382985"},{"cat":"function","dur":"18","name":"renderLine","ph":"X","pid":"0","tid":"0x1153565c0","ts":"365629383250"},{"cat":"function","dur":"19","name":"renderLine","ph":"X","pid":"0","tid":"0x1153565c0","ts":"365629383303"},{"cat":"function","dur":"17771","name":"loop","ph":"X","pid":"0","tid":"0x1153565c0","ts":"365629382757"},{"cat":"function","dur":"32","name":"renderCircle","ph":"X","pid":"0","tid":"0x1153565c0","ts":"365629400586"},{"cat":"function","dur":"10","name":"renderQuad","ph":"X","pid":"0","tid":"0x1153565c0","ts":"365629400629"},{"cat":"function","dur":"15","name":"renderLine","ph":"X","pid":"0","tid":"0x1153565c0","ts":"365629400657"},{"cat":"function","dur":"12","name":"render","ph":"X","pid":"0","tid":"0x1153565c0","ts":"365629400682"},{"cat":"function","dur":"9","name":"render","ph":"X","pid":"0","tid":"0x1153565c0","ts":"365629400702"},{"cat":"function","dur":"8","name":"render","ph":"X","pid":"0","tid":"0x1153565c0","ts":"365629400718"},{"cat":"function","dur":"210","name":"renderFrame","ph":"X","pid":"0","tid":"0x1153565c0","ts":"365629400681"},{"cat":"function","dur":"11","name":"renderLine","ph":"X","pid":"0","tid":"0x1153565c0","ts":"365629400921"},{"cat":"function","dur":"6","name":"renderLine","ph":"X","pid":"0","tid":"0x1153565c0","ts":"365629400942"},{"cat":"function","dur":"16772","name":"loop","ph":"X","pid":"0","tid":"0x1153565c0","ts":"365629400565"},{"cat":"function","dur":"51","name":"renderCircle","ph":"X","pid":"0","tid":"0x1153565c0","ts":"365629417441"},{"cat":"function","dur":"11","name":"renderQuad","ph":"X","pid":"0","tid":"0x1153565c0","ts":"365629417504"},{"cat":"function","dur":"16","name":"renderLine","ph":"X","pid":"0","tid":"0x1153565c0","ts":"365629417536"},{"cat":"function","dur":"14","name":"render","ph":"X","pid":"0","tid":"0x1153565c0","ts":"365629417562"},{"cat":"function","dur":"9","name":"render","ph":"X","pid":"0","tid":"0x1153565c0","ts":"365629417584"},{"cat":"function","dur":"8","name":"render","ph":"X","pid":"0","tid":"0x1153565c0","ts":"365629417600"},{"cat":"function","dur":"244","name":"renderFrame","ph":"X","pid":"0","tid":"0x1153565c0","ts":"365629417561"},{"cat":"function","dur":"10","name":"renderLine","ph":"X","pid":"0","tid":"0x1153565c0","ts":"365629417818"},{"cat":"function","dur":"7","name":"renderLine","ph":"X","pid":"0","tid":"0x1153565c0","ts":"365629417838"},{"cat":"function","dur":"17842","name":"loop","ph":"X","pid":"0","tid":"0x1153565c0","ts":"365629417407"},{"cat":"function","dur":"34","name":"renderCircle","ph":"X","pid":"0","tid":"0x1153565c0","ts":"365629435309"},{"cat":"function","dur":"10","name":"renderQuad","ph":"X","pid":"0","tid":"0x1153565c0","ts":"365629435354"},{"cat":"function","dur":"16","name":"renderLine","ph":"X","pid":"0","tid":"0x1153565c0","ts":"365629435383"},{"cat":"function","dur":"13","name":"render","ph":"X","pid":"0","tid":"0x1153565c0","ts":"365629435409"},{"cat":"function","dur":"9","name":"render","ph":"X","pid":"0","tid":"0x1153565c0","ts":"365629435429"},{"cat":"function","dur":"8","name":"render","ph":"X","pid":"0","tid":"0x1153565c0","ts":"365629435445"},{"cat":"function","dur":"208","name":"renderFrame","ph":"X","pid":"0","tid":"0x1153565c0","ts":"365629435408"},{"cat":"function","dur":"10","name":"renderLine","ph":"X","pid":"0","tid":"0x1153565c0","ts":"365629435628"},{"cat":"function","dur":"7","name":"renderLine","ph":"X","pid":"0","tid":"0x1153565c0","ts":"365629435648"},{"cat":"function","dur":"17464","name":"loop","ph":"X","pid":"0","tid":"0x1153565c0","ts":"365629435288"},{"cat":"function","dur":"36","name":"renderCircle","ph":"X","pid":"0","tid":"0x1153565c0","ts":"365629452813"},{"cat":"function","dur":"10","name":"renderQuad","ph":"X","pid":"0","tid":"0x1153565c0","ts":"365629452860"},{"cat":"function","dur":"16","name":"renderLine","ph":"X","pid":"0","tid":"0x1153565c0","ts":"365629452890"},{"cat":"function","dur":"12","name":"render","ph":"X","pid":"0","tid":"0x1153565c0","ts":"365629452916"},{"cat":"function","dur":"8","name":"render","ph":"X","pid":"0","tid":"0x1153565c0","ts":"365629452936"},{"cat":"function","dur":"7","name":"render","ph":"X","pid":"0","tid":"0x1153565c0","ts":"365629452952"},{"cat":"function","dur":"209","name":"renderFrame","ph":"X","pid":"0","tid":"0x1153565c0","ts":"365629452915"},{"cat":"function","dur":"10","name":"renderLine","ph":"X","pid":"0","tid":"0x1153565c0","ts":"365629453135"},{"cat":"function","dur":"6","name":"renderLine","ph":"X","pid":"0","tid":"0x1153565c0","ts":"365629453155"},{"cat":"function","dur":"16796","name":"loop","ph":"X","pid":"0","tid":"0x1153565c0","ts":"365629452792"},{"cat":"function","dur":"33","name":"renderCircle","ph":"X","pid":"0","tid":"0x1153565c0","ts":"365629469641"},{"cat":"function","dur":"10","name":"renderQuad","ph":"X","pid":"0","tid":"0x1153565c0","ts":"365629469686"},{"cat":"function","dur":"15","name":"renderLine","ph":"X","pid":"0","tid":"0x1153565c0","ts":"365629469714"},{"cat":"function","dur":"12","name":"render","ph":"X","pid":"0","tid":"0x1153565c0","ts":"365629469739"},{"cat":"function","dur":"8","name":"render","ph":"X","pid":"0","tid":"0x1153565c0","ts":"365629469759"},{"cat":"function","dur":"9","name":"render","ph":"X","pid":"0","tid":"0x1153565c0","ts":"365629469792"},{"cat":"function","dur":"227","name":"renderFrame","ph":"X","pid":"0","tid":"0x1153565c0","ts":"365629469738"},{"cat":"function","dur":"10","name":"renderLine","ph":"X","pid":"0","tid":"0x1153565c0","ts":"365629469977"},{"cat":"function","dur":"6","name":"renderLine","ph":"X","pid":"0","tid":"0x1153565c0","ts":"365629469997"},{"cat":"function","dur":"17205","name":"loop","ph":"X","pid":"0","tid":"0x1153565c0","ts":"365629469623"},{"cat":"function","dur":"35","name":"renderCircle","ph":"X","pid":"0","tid":"0x1153565c0","ts":"365629486889"},{"cat":"function","dur":"10","name":"renderQuad","ph":"X","pid":"0","tid":"0x1153565c0","ts":"365629486936"},{"cat":"function","dur":"15","name":"renderLine","ph":"X","pid":"0","tid":"0x1153565c0","ts":"365629486965"},{"cat":"function","dur":"13","name":"render","ph":"X","pid":"0","tid":"0x1153565c0","ts":"365629486990"},{"cat":"function","dur":"8","name":"render","ph":"X","pid":"0","tid":"0x1153565c0","ts":"365629487011"},{"cat":"function","dur":"8","name":"render","ph":"X","pid":"0","tid":"0x1153565c0","ts":"365629487026"},{"cat":"function","dur":"209","name":"renderFrame","ph":"X","pid":"0","tid":"0x1153565c0","ts":"365629486989"},{"cat":"function","dur":"10","name":"renderLine","ph":"X","pid":"0","tid":"0x1153565c0","ts":"365629487210"},{"cat":"function","dur":"7","name":"renderLine","ph":"X","pid":"0","tid":"0x1153565c0","ts":"365629487229"},{"cat":"function","dur":"17714","name":"loop","ph":"X","pid":"0","tid":"0x1153565c0","ts":"365629486868"},{"cat":"function","dur":"34","name":"renderCircle","ph":"X","pid":"0","tid":"0x1153565c0","ts":"365629504636"},{"cat":"function","dur":"10","name":"renderQuad","ph":"X","pid":"0","tid":"0x1153565c0","ts":"365629504681"},{"cat":"function","dur":"16","name":"renderLine","ph":"X","pid":"0","tid":"0x1153565c0","ts":"365629504709"},{"cat":"function","dur":"13","name":"render","ph":"X","pid":"0","tid":"0x1153565c0","ts":"365629504734"},{"cat":"function","dur":"8","name":"render","ph":"X","pid":"0","tid":"0x1153565c0","ts":"365629504755"},{"cat":"function","dur":"8","name":"render","ph":"X","pid":"0","tid":"0x1153565c0","ts":"365629504770"},{"cat":"function","dur":"206","name":"renderFrame","ph":"X","pid":"0","tid":"0x1153565c0","ts":"365629504733"},{"cat":"function","dur":"10","name":"renderLine","ph":"X","pid":"0","tid":"0x1153565c0","ts":"365629504951"},{"cat":"function","dur":"6","name":"renderLine","ph":"X","pid":"0","tid":"0x1153565c0","ts":"365629504970"},{"cat":"function","dur":"17568","name":"loop","ph":"X","pid":"0","tid":"0x1153565c0","ts":"365629504617"},{"cat":"function","dur":"37","name":"renderCircle","ph":"X","pid":"0","tid":"0x1153565c0","ts":"365629522263"},{"cat":"function","dur":"10","name":"renderQuad","ph":"X","pid":"0","tid":"0x1153565c0","ts":"365629522311"},{"cat":"function","dur":"16","name":"renderLine","ph":"X","pid":"0","tid":"0x1153565c0","ts":"365629522340"},{"cat":"function","dur":"13","name":"render","ph":"X","pid":"0","tid":"0x1153565c0","ts":"365629522365"},{"cat":"function","dur":"8","name":"render","ph":"X","pid":"0","tid":"0x1153565c0","ts":"365629522386"},{"cat":"function","dur":"7","name":"render","ph":"X","pid":"0","tid":"0x1153565c0","ts":"365629522401"},{"cat":"function","dur":"206","name":"renderFrame","ph":"X","pid":"0","tid":"0x1153565c0","ts":"365629522365"},{"cat":"function","dur":"10","name":"renderLine","ph":"X","pid":"0","tid":"0x1153565c0","ts":"365629522583"},{"cat":"function","dur":"7","name":"renderLine","ph":"X","pid":"0","tid":"0x1153565c0","ts":"365629522603"},{"cat":"function","dur":"17568","name":"loop","ph":"X","pid":"0","tid":"0x1153565c0","ts":"365629522239"},{"cat":"function","dur":"32","name":"renderCircle","ph":"X","pid":"0","tid":"0x1153565c0","ts":"365629539864"},{"cat":"function","dur":"10","name":"renderQuad","ph":"X","pid":"0","tid":"0x1153565c0","ts":"365629539907"},{"cat":"function","dur":"13","name":"renderLine","ph":"X","pid":"0","tid":"0x1153565c0","ts":"365629539937"},{"cat":"function","dur":"12","name":"render","ph":"X","pid":"0","tid":"0x1153565c0","ts":"365629539977"},{"cat":"function","dur":"8","name":"render","ph":"X","pid":"0","tid":"0x1153565c0","ts":"365629539998"},{"cat":"function","dur":"8","name":"render","ph":"X","pid":"0","tid":"0x1153565c0","ts":"365629540014"},{"cat":"function","dur":"207","name":"renderFrame","ph":"X","pid":"0","tid":"0x1153565c0","ts":"365629539976"},{"cat":"function","dur":"10","name":"renderLine","ph":"X","pid":"0","tid":"0x1153565c0","ts":"365629540195"},{"cat":"function","dur":"7","name":"renderLine","ph":"X","pid":"0","tid":"0x1153565c0","ts":"365629540214"},{"cat":"function","dur":"16815","name":"loop","ph":"X","pid":"0","tid":"0x1153565c0","ts":"365629539844"},{"cat":"function","dur":"35","name":"renderCircle","ph":"X","pid":"0","tid":"0x1153565c0","ts":"365629556719"},{"cat":"function","dur":"10","name":"renderQuad","ph":"X","pid":"0","tid":"0x1153565c0","ts":"365629556765"},{"cat":"function","dur":"15","name":"renderLine","ph":"X","pid":"0","tid":"0x1153565c0","ts":"365629556794"},{"cat":"function","dur":"12","name":"render","ph":"X","pid":"0","tid":"0x1153565c0","ts":"365629556818"},{"cat":"function","dur":"9","name":"render","ph":"X","pid":"0","tid":"0x1153565c0","ts":"365629556838"},{"cat":"function","dur":"8","name":"render","ph":"X","pid":"0","tid":"0x1153565c0","ts":"365629556854"},{"cat":"function","dur":"207","name":"renderFrame","ph":"X","pid":"0","tid":"0x1153565c0","ts":"365629556818"},{"cat":"function","dur":"11","name":"renderLine","ph":"X","pid":"0","tid":"0x1153565c0","ts":"365629557037"},{"cat":"function","dur":"7","name":"renderLine","ph":"X","pid":"0","tid":"0x1153565c0","ts":"365629557057"},{"cat":"function","dur":"17706","name":"loop","ph":"X","pid":"0","tid":"0x1153565c0","ts":"365629556698"},{"cat":"function","dur":"34","name":"renderCircle","ph":"X","pid":"0","tid":"0x1153565c0","ts":"365629574458"},{"cat":"function","dur":"9","name":"renderQuad","ph":"X","pid":"0","tid":"0x1153565c0","ts":"365629574503"},{"cat":"function","dur":"16","name":"renderLine","ph":"X","pid":"0","tid":"0x1153565c0","ts":"365629574531"},{"cat":"function","dur":"12","name":"render","ph":"X","pid":"0","tid":"0x1153565c0","ts":"365629574556"},{"cat":"function","dur":"8","name":"render","ph":"X","pid":"0","tid":"0x1153565c0","ts":"365629574576"},{"cat":"function","dur":"8","name":"render","ph":"X","pid":"0","tid":"0x1153565c0","ts":"365629574591"},{"cat":"function","dur":"206","name":"renderFrame","ph":"X","pid":"0","tid":"0x1153565c0","ts":"365629574555"},{"cat":"function","dur":"10","name":"renderLine","ph":"X","pid":"0","tid":"0x1153565c0","ts":"365629574773"},{"cat":"function","dur":"6","name":"renderLine","ph":"X","pid":"0","tid":"0x1153565c0","ts":"365629574793"},{"cat":"function","dur":"17676","name":"loop","ph":"X","pid":"0","tid":"0x1153565c0","ts":"365629574439"},{"cat":"function","dur":"36","name":"renderCircle","ph":"X","pid":"0","tid":"0x1153565c0","ts":"365629592180"},{"cat":"function","dur":"9","name":"renderQuad","ph":"X","pid":"0","tid":"0x1153565c0","ts":"365629592228"},{"cat":"function","dur":"16","name":"renderLine","ph":"X","pid":"0","tid":"0x1153565c0","ts":"365629592257"},{"cat":"function","dur":"12","name":"render","ph":"X","pid":"0","tid":"0x1153565c0","ts":"365629592283"},{"cat":"function","dur":"8","name":"render","ph":"X","pid":"0","tid":"0x1153565c0","ts":"365629592303"},{"cat":"function","dur":"7","name":"render","ph":"X","pid":"0","tid":"0x1153565c0","ts":"365629592319"},{"cat":"function","dur":"211","name":"renderFrame","ph":"X","pid":"0","tid":"0x1153565c0","ts":"365629592282"},{"cat":"function","dur":"10","name":"renderLine","ph":"X","pid":"0","tid":"0x1153565c0","ts":"365629592505"},{"cat":"function","dur":"7","name":"renderLine","ph":"X","pid":"0","tid":"0x1153565c0","ts":"365629592525"},{"cat":"function","dur":"17009","name":"loop","ph":"X","pid":"0","tid":"0x1153565c0","ts":"365629592158"},{"cat":"function","dur":"36","name":"renderCircle","ph":"X","pid":"0","tid":"0x1153565c0","ts":"365629609228"},{"cat":"function","dur":"10","name":"renderQuad","ph":"X","pid":"0","tid":"0x1153565c0","ts":"365629609294"},{"cat":"function","dur":"16","name":"renderLine","ph":"X","pid":"0","tid":"0x1153565c0","ts":"365629609324"},{"cat":"function","dur":"13","name":"render","ph":"X","pid":"0","tid":"0x1153565c0","ts":"365629609350"},{"cat":"function","dur":"8","name":"render","ph":"X","pid":"0","tid":"0x1153565c0","ts":"365629609371"},{"cat":"function","dur":"8","name":"render","ph":"X","pid":"0","tid":"0x1153565c0","ts":"365629609387"},{"cat":"function","dur":"210","name":"renderFrame","ph":"X","pid":"0","tid":"0x1153565c0","ts":"365629609349"},{"cat":"function","dur":"10","name":"renderLine","ph":"X","pid":"0","tid":"0x1153565c0","ts":"365629609572"},{"cat":"function","dur":"7","name":"renderLine","ph":"X","pid":"0","tid":"0x1153565c0","ts":"365629609591"},{"cat":"function","dur":"16817","name":"loop","ph":"X","pid":"0","tid":"0x1153565c0","ts":"365629609207"},{"cat":"function","dur":"37","name":"renderCircle","ph":"X","pid":"0","tid":"0x1153565c0","ts":"365629626087"},{"cat":"function","dur":"10","name":"renderQuad","ph":"X","pid":"0","tid":"0x1153565c0","ts":"365629626135"},{"cat":"function","dur":"16","name":"renderLine","ph":"X","pid":"0","tid":"0x1153565c0","ts":"365629626164"},{"cat":"function","dur":"12","name":"render","ph":"X","pid":"0","tid":"0x1153565c0","ts":"365629626189"},{"cat":"function","dur":"9","name":"render","ph":"X","pid":"0","tid":"0x1153565c0","ts":"365629626209"},{"cat":"function","dur":"8","name":"render","ph":"X","pid":"0","tid":"0x1153565c0","ts":"365629626225"},{"cat":"function","dur":"211","name":"renderFrame","ph":"X","pid":"0","tid":"0x1153565c0","ts":"365629626188"},{"cat":"function","dur":"10","name":"renderLine","ph":"X","pid":"0","tid":"0x1153565c0","ts":"365629626411"},{"cat":"function","dur":"7","name":"renderLine","ph":"X","pid":"0","tid":"0x1153565c0","ts":"365629626431"},{"cat":"function","dur":"17733","name":"loop","ph":"X","pid":"0","tid":"0x1153565c0","ts":"365629626065"},{"cat":"function","dur":"39","name":"renderCircle","ph":"X","pid":"0","tid":"0x1153565c0","ts":"365629643863"},{"cat":"function","dur":"10","name":"renderQuad","ph":"X","pid":"0","tid":"0x1153565c0","ts":"365629643914"},{"cat":"function","dur":"16","name":"renderLine","ph":"X","pid":"0","tid":"0x1153565c0","ts":"365629643944"},{"cat":"function","dur":"13","name":"render","ph":"X","pid":"0","tid":"0x1153565c0","ts":"365629643970"},{"cat":"function","dur":"8","name":"render","ph":"X","pid":"0","tid":"0x1153565c0","ts":"365629643991"},{"cat":"function","dur":"8","name":"render","ph":"X","pid":"0","tid":"0x1153565c0","ts":"365629644007"},{"cat":"function","dur":"214","name":"renderFrame","ph":"X","pid":"0","tid":"0x1153565c0","ts":"365629643969"},{"cat":"function","dur":"10","name":"renderLine","ph":"X","pid":"0","tid":"0x1153565c0","ts":"365629644195"},{"cat":"function","dur":"7","name":"renderLine","ph":"X","pid":"0","tid":"0x1153565c0","ts":"365629644215"},{"cat":"function","dur":"17123","name":"loop","ph":"X","pid":"0","tid":"0x1153565c0","ts":"365629643840"},{"cat":"function","dur":"37","name":"renderCircle","ph":"X","pid":"0","tid":"0x1153565c0","ts":"365629661027"},{"cat":"function","dur":"11","name":"renderQuad","ph":"X","pid":"0","tid":"0x1153565c0","ts":"365629661077"},{"cat":"function","dur":"17","name":"renderLine","ph":"X","pid":"0","tid":"0x1153565c0","ts":"365629661108"},{"cat":"function","dur":"13","name":"render","ph":"X","pid":"0","tid":"0x1153565c0","ts":"365629661136"},{"cat":"function","dur":"9","name":"render","ph":"X","pid":"0","tid":"0x1153565c0","ts":"365629661158"},{"cat":"function","dur":"8","name":"render","ph":"X","pid":"0","tid":"0x1153565c0","ts":"365629661176"},{"cat":"function","dur":"240","name":"renderFrame","ph":"X","pid":"0","tid":"0x1153565c0","ts":"365629661135"},{"cat":"function","dur":"12","name":"renderLine","ph":"X","pid":"0","tid":"0x1153565c0","ts":"365629661389"},{"cat":"function","dur":"7","name":"renderLine","ph":"X","pid":"0","tid":"0x1153565c0","ts":"365629661412"},{"cat":"function","dur":"16656","name":"loop","ph":"X","pid":"0","tid":"0x1153565c0","ts":"365629661004"},{"cat":"function","dur":"38","name":"renderCircle","ph":"X","pid":"0","tid":"0x1153565c0","ts":"365629677721"},{"cat":"function","dur":"10","name":"renderQuad","ph":"X","pid":"0","tid":"0x1153565c0","ts":"365629677771"},{"cat":"function","dur":"18","name":"renderLine","ph":"X","pid":"0","tid":"0x1153565c0","ts":"365629677801"},{"cat":"function","dur":"13","name":"render","ph":"X","pid":"0","tid":"0x1153565c0","ts":"365629677829"},{"cat":"function","dur":"10","name":"render","ph":"X","pid":"0","tid":"0x1153565c0","ts":"365629677850"},{"cat":"function","dur":"8","name":"render","ph":"X","pid":"0","tid":"0x1153565c0","ts":"365629677868"},{"cat":"function","dur":"242","name":"renderFrame","ph":"X","pid":"0","tid":"0x1153565c0","ts":"365629677828"},{"cat":"function","dur":"17","name":"renderLine","ph":"X","pid":"0","tid":"0x1153565c0","ts":"365629678089"},{"cat":"function","dur":"7","name":"renderLine","ph":"X","pid":"0","tid":"0x1153565c0","ts":"365629678117"},{"cat":"function","dur":"16610","name":"loop","ph":"X","pid":"0","tid":"0x1153565c0","ts":"365629677699"},{"cat":"function","dur":"37","name":"renderCircle","ph":"X","pid":"0","tid":"0x1153565c0","ts":"365629694364"},{"cat":"function","dur":"11","name":"renderQuad","ph":"X","pid":"0","tid":"0x1153565c0","ts":"365629694414"},{"cat":"function","dur":"17","name":"renderLine","ph":"X","pid":"0","tid":"0x1153565c0","ts":"365629694446"},{"cat":"function","dur":"13","name":"render","ph":"X","pid":"0","tid":"0x1153565c0","ts":"365629694474"},{"cat":"function","dur":"9","name":"render","ph":"X","pid":"0","tid":"0x1153565c0","ts":"365629694496"},{"cat":"function","dur":"9","name":"render","ph":"X","pid":"0","tid":"0x1153565c0","ts":"365629694514"},{"cat":"function","dur":"242","name":"renderFrame","ph":"X","pid":"0","tid":"0x1153565c0","ts":"365629694473"},{"cat":"function","dur":"11","name":"renderLine","ph":"X","pid":"0","tid":"0x1153565c0","ts":"365629694730"},{"cat":"function","dur":"8","name":"renderLine","ph":"X","pid":"0","tid":"0x1153565c0","ts":"365629694752"},{"cat":"function","dur":"16813","name":"loop","ph":"X","pid":"0","tid":"0x1153565c0","ts":"365629694341"},{"cat":"function","dur":"39","name":"renderCircle","ph":"X","pid":"0","tid":"0x1153565c0","ts":"365629711238"},{"cat":"function","dur":"11","name":"renderQuad","ph":"X","pid":"0","tid":"0x1153565c0","ts":"365629711292"},{"cat":"function","dur":"17","name":"renderLine","ph":"X","pid":"0","tid":"0x1153565c0","ts":"365629711326"},{"cat":"function","dur":"14","name":"render","ph":"X","pid":"0","tid":"0x1153565c0","ts":"365629711355"},{"cat":"function","dur":"9","name":"render","ph":"X","pid":"0","tid":"0x1153565c0","ts":"365629711379"},{"cat":"function","dur":"26","name":"render","ph":"X","pid":"0","tid":"0x1153565c0","ts":"365629711398"},{"cat":"function","dur":"368","name":"renderFrame","ph":"X","pid":"0","tid":"0x1153565c0","ts":"365629711354"},{"cat":"function","dur":"41","name":"renderLine","ph":"X","pid":"0","tid":"0x1153565c0","ts":"365629711777"},{"cat":"function","dur":"15","name":"renderLine","ph":"X","pid":"0","tid":"0x1153565c0","ts":"365629711845"},{"cat":"function","dur":"16397","name":"loop","ph":"X","pid":"0","tid":"0x1153565c0","ts":"365629711213"},{"cat":"function","dur":"35","name":"renderCircle","ph":"X","pid":"0","tid":"0x1153565c0","ts":"365629727661"},{"cat":"function","dur":"11","name":"renderQuad","ph":"X","pid":"0","tid":"0x1153565c0","ts":"365629727708"},{"cat":"function","dur":"16","name":"renderLine","ph":"X","pid":"0","tid":"0x1153565c0","ts":"365629727739"},{"cat":"function","dur":"13","name":"render","ph":"X","pid":"0","tid":"0x1153565c0","ts":"365629727766"},{"cat":"function","dur":"9","name":"render","ph":"X","pid":"0","tid":"0x1153565c0","ts":"365629727788"},{"cat":"function","dur":"8","name":"render","ph":"X","pid":"0","tid":"0x1153565c0","ts":"365629727805"},{"cat":"function","dur":"227","name":"renderFrame","ph":"X","pid":"0","tid":"0x1153565c0","ts":"365629727765"},{"cat":"function","dur":"15","name":"renderLine","ph":"X","pid":"0","tid":"0x1153565c0","ts":"365629728027"},{"cat":"function","dur":"9","name":"renderLine","ph":"X","pid":"0","tid":"0x1153565c0","ts":"365629728058"},{"cat":"function","dur":"16842","name":"loop","ph":"X","pid":"0","tid":"0x1153565c0","ts":"365629727640"},{"cat":"function","dur":"53","name":"renderCircle","ph":"X","pid":"0","tid":"0x1153565c0","ts":"365629744574"},{"cat":"function","dur":"34","name":"renderQuad","ph":"X","pid":"0","tid":"0x1153565c0","ts":"365629744649"},{"cat":"function","dur":"27","name":"renderLine","ph":"X","pid":"0","tid":"0x1153565c0","ts":"365629744719"},{"cat":"function","dur":"21","name":"render","ph":"X","pid":"0","tid":"0x1153565c0","ts":"365629744766"},{"cat":"function","dur":"16","name":"render","ph":"X","pid":"0","tid":"0x1153565c0","ts":"365629744804"},{"cat":"function","dur":"16","name":"render","ph":"X","pid":"0","tid":"0x1153565c0","ts":"365629744835"},{"cat":"function","dur":"425","name":"renderFrame","ph":"X","pid":"0","tid":"0x1153565c0","ts":"365629744765"},{"cat":"function","dur":"31","name":"renderLine","ph":"X","pid":"0","tid":"0x1153565c0","ts":"365629745232"},{"cat":"function","dur":"14","name":"renderLine","ph":"X","pid":"0","tid":"0x1153565c0","ts":"365629745285"},{"cat":"function","dur":"45544","name":"loop","ph":"X","pid":"0","tid":"0x1153565c0","ts":"365629744542"},{"cat":"function","dur":"30","name":"renderCircle","ph":"X","pid":"0","tid":"0x1153565c0","ts":"365629790139"},{"cat":"function","dur":"11","name":"renderQuad","ph":"X","pid":"0","tid":"0x1153565c0","ts":"365629790183"},{"cat":"function","dur":"16","name":"renderLine","ph":"X","pid":"0","tid":"0x1153565c0","ts":"365629790214"},{"cat":"function","dur":"12","name":"render","ph":"X","pid":"0","tid":"0x1153565c0","ts":"365629790241"},{"cat":"function","dur":"9","name":"render","ph":"X","pid":"0","tid":"0x1153565c0","ts":"365629790262"},{"cat":"function","dur":"19","name":"render","ph":"X","pid":"0","tid":"0x1153565c0","ts":"365629790280"},{"cat":"function","dur":"235","name":"renderFrame","ph":"X","pid":"0","tid":"0x1153565c0","ts":"365629790240"},{"cat":"function","dur":"11","name":"renderLine","ph":"X","pid":"0","tid":"0x1153565c0","ts":"365629790488"},{"cat":"function","dur":"7","name":"renderLine","ph":"X","pid":"0","tid":"0x1153565c0","ts":"365629790510"},{"cat":"function","dur":"17131","name":"loop","ph":"X","pid":"0","tid":"0x1153565c0","ts":"365629790123"},{"cat":"function","dur":"33","name":"renderCircle","ph":"X","pid":"0","tid":"0x1153565c0","ts":"365629807331"},{"cat":"function","dur":"9","name":"renderQuad","ph":"X","pid":"0","tid":"0x1153565c0","ts":"365629807376"},{"cat":"function","dur":"16","name":"renderLine","ph":"X","pid":"0","tid":"0x1153565c0","ts":"365629807404"},{"cat":"function","dur":"12","name":"render","ph":"X","pid":"0","tid":"0x1153565c0","ts":"365629807430"},{"cat":"function","dur":"9","name":"render","ph":"X","pid":"0","tid":"0x1153565c0","ts":"365629807450"},{"cat":"function","dur":"8","name":"render","ph":"X","pid":"0","tid":"0x1153565c0","ts":"365629807466"},{"cat":"function","dur":"211","name":"renderFrame","ph":"X","pid":"0","tid":"0x1153565c0","ts":"365629807429"},{"cat":"function","dur":"10","name":"renderLine","ph":"X","pid":"0","tid":"0x1153565c0","ts":"365629807652"},{"cat":"function","dur":"7","name":"renderLine","ph":"X","pid":"0","tid":"0x1153565c0","ts":"365629807672"},{"cat":"function","dur":"16875","name":"loop","ph":"X","pid":"0","tid":"0x1153565c0","ts":"365629807315"},{"cat":"function","dur":"39","name":"renderCircle","ph":"X","pid":"0","tid":"0x1153565c0","ts":"365629824261"},{"cat":"function","dur":"11","name":"renderQuad","ph":"X","pid":"0","tid":"0x1153565c0","ts":"365629824312"},{"cat":"function","dur":"17","name":"renderLine","ph":"X","pid":"0","tid":"0x1153565c0","ts":"365629824344"},{"cat":"function","dur":"13","name":"render","ph":"X","pid":"0","tid":"0x1153565c0","ts":"365629824372"},{"cat":"function","dur":"9","name":"render","ph":"X","pid":"0","tid":"0x1153565c0","ts":"365629824394"},{"cat":"function","dur":"10","name":"render","ph":"X","pid":"0","tid":"0x1153565c0","ts":"365629824429"},{"cat":"function","dur":"247","name":"renderFrame","ph":"X","pid":"0","tid":"0x1153565c0","ts":"365629824371"},{"cat":"function","dur":"11","name":"renderLine","ph":"X","pid":"0","tid":"0x1153565c0","ts":"365629824631"},{"cat":"function","dur":"7","name":"renderLine","ph":"X","pid":"0","tid":"0x1153565c0","ts":"365629824652"},{"cat":"function","dur":"17693","name":"loop","ph":"X","pid":"0","tid":"0x1153565c0","ts":"365629824236"},{"cat":"function","dur":"34","name":"renderCircle","ph":"X","pid":"0","tid":"0x1153565c0","ts":"365629841982"},{"cat":"function","dur":"10","name":"renderQuad","ph":"X","pid":"0","tid":"0x1153565c0","ts":"365629842027"},{"cat":"function","dur":"16","name":"renderLine","ph":"X","pid":"0","tid":"0x1153565c0","ts":"365629842056"},{"cat":"function","dur":"13","name":"render","ph":"X","pid":"0","tid":"0x1153565c0","ts":"365629842082"},{"cat":"function","dur":"8","name":"render","ph":"X","pid":"0","tid":"0x1153565c0","ts":"365629842103"},{"cat":"function","dur":"8","name":"render","ph":"X","pid":"0","tid":"0x1153565c0","ts":"365629842119"},{"cat":"function","dur":"212","name":"renderFrame","ph":"X","pid":"0","tid":"0x1153565c0","ts":"365629842081"},{"cat":"function","dur":"10","name":"renderLine","ph":"X","pid":"0","tid":"0x1153565c0","ts":"365629842305"},{"cat":"function","dur":"7","name":"renderLine","ph":"X","pid":"0","tid":"0x1153565c0","ts":"365629842325"},{"cat":"function","dur":"17339","name":"loop","ph":"X","pid":"0","tid":"0x1153565c0","ts":"365629841963"},{"cat":"function","dur":"79","name":"renderCircle","ph":"X","pid":"0","tid":"0x1153565c0","ts":"365629859440"},{"cat":"function","dur":"26","name":"renderQuad","ph":"X","pid":"0","tid":"0x1153565c0","ts":"365629859555"},{"cat":"function","dur":"38","name":"renderLine","ph":"X","pid":"0","tid":"0x1153565c0","ts":"365629859630"},{"cat":"function","dur":"30","name":"render","ph":"X","pid":"0","tid":"0x1153565c0","ts":"365629859695"},{"cat":"function","dur":"22","name":"render","ph":"X","pid":"0","tid":"0x1153565c0","ts":"365629859747"},{"cat":"function","dur":"20","name":"render","ph":"X","pid":"0","tid":"0x1153565c0","ts":"365629859790"},{"cat":"function","dur":"560","name":"renderFrame","ph":"X","pid":"0","tid":"0x1153565c0","ts":"365629859694"},{"cat":"function","dur":"23","name":"renderLine","ph":"X","pid":"0","tid":"0x1153565c0","ts":"365629860315"},{"cat":"function","dur":"12","name":"renderLine","ph":"X","pid":"0","tid":"0x1153565c0","ts":"365629860356"},{"cat":"function","dur":"17106","name":"loop","ph":"X","pid":"0","tid":"0x1153565c0","ts":"365629859390"},{"cat":"function","dur":"42","name":"renderCircle","ph":"X","pid":"0","tid":"0x1153565c0","ts":"365629876550"},{"cat":"function","dur":"11","name":"renderQuad","ph":"X","pid":"0","tid":"0x1153565c0","ts":"365629876606"},{"cat":"function","dur":"17","name":"renderLine","ph":"X","pid":"0","tid":"0x1153565c0","ts":"365629876637"},{"cat":"function","dur":"13","name":"render","ph":"X","pid":"0","tid":"0x1153565c0","ts":"365629876665"},{"cat":"function","dur":"10","name":"render","ph":"X","pid":"0","tid":"0x1153565c0","ts":"365629876686"},{"cat":"function","dur":"9","name":"render","ph":"X","pid":"0","tid":"0x1153565c0","ts":"365629876704"},{"cat":"function","dur":"232","name":"renderFrame","ph":"X","pid":"0","tid":"0x1153565c0","ts":"365629876664"},{"cat":"function","dur":"11","name":"renderLine","ph":"X","pid":"0","tid":"0x1153565c0","ts":"365629876910"},{"cat":"function","dur":"7","name":"renderLine","ph":"X","pid":"0","tid":"0x1153565c0","ts":"365629876932"},{"cat":"function","dur":"17043","name":"loop","ph":"X","pid":"0","tid":"0x1153565c0","ts":"365629876534"},{"cat":"function","dur":"38","name":"renderCircle","ph":"X","pid":"0","tid":"0x1153565c0","ts":"365629893646"},{"cat":"function","dur":"11","name":"renderQuad","ph":"X","pid":"0","tid":"0x1153565c0","ts":"365629893699"},{"cat":"function","dur":"18","name":"renderLine","ph":"X","pid":"0","tid":"0x1153565c0","ts":"365629893731"},{"cat":"function","dur":"15","name":"render","ph":"X","pid":"0","tid":"0x1153565c0","ts":"365629893781"},{"cat":"function","dur":"10","name":"render","ph":"X","pid":"0","tid":"0x1153565c0","ts":"365629893806"},{"cat":"function","dur":"9","name":"render","ph":"X","pid":"0","tid":"0x1153565c0","ts":"365629893825"},{"cat":"function","dur":"254","name":"renderFrame","ph":"X","pid":"0","tid":"0x1153565c0","ts":"365629893780"},{"cat":"function","dur":"18","name":"renderLine","ph":"X","pid":"0","tid":"0x1153565c0","ts":"365629894055"},{"cat":"function","dur":"9","name":"renderLine","ph":"X","pid":"0","tid":"0x1153565c0","ts":"365629894087"},{"cat":"function","dur":"17332","name":"loop","ph":"X","pid":"0","tid":"0x1153565c0","ts":"365629893621"},{"cat":"function","dur":"34","name":"renderCircle","ph":"X","pid":"0","tid":"0x1153565c0","ts":"365629911010"},{"cat":"function","dur":"11","name":"renderQuad","ph":"X","pid":"0","tid":"0x1153565c0","ts":"365629911056"},{"cat":"function","dur":"17","name":"renderLine","ph":"X","pid":"0","tid":"0x1153565c0","ts":"365629911087"},{"cat":"function","dur":"13","name":"render","ph":"X","pid":"0","tid":"0x1153565c0","ts":"365629911115"},{"cat":"function","dur":"9","name":"render","ph":"X","pid":"0","tid":"0x1153565c0","ts":"365629911137"},{"cat":"function","dur":"9","name":"render","ph":"X","pid":"0","tid":"0x1153565c0","ts":"365629911154"},{"cat":"function","dur":"241","name":"renderFrame","ph":"X","pid":"0","tid":"0x1153565c0","ts":"365629911114"},{"cat":"function","dur":"11","name":"renderLine","ph":"X","pid":"0","tid":"0x1153565c0","ts":"365629911368"},{"cat":"function","dur":"7","name":"renderLine","ph":"X","pid":"0","tid":"0x1153565c0","ts":"365629911389"},{"cat":"function","dur":"17115","name":"loop","ph":"X","pid":"0","tid":"0x1153565c0","ts":"365629910991"},{"cat":"function","dur":"38","name":"renderCircle","ph":"X","pid":"0","tid":"0x1153565c0","ts":"365629928171"},{"cat":"function","dur":"11","name":"renderQuad","ph":"X","pid":"0","tid":"0x1153565c0","ts":"365629928223"},{"cat":"function","dur":"17","name":"renderLine","ph":"X","pid":"0","tid":"0x1153565c0","ts":"365629928255"},{"cat":"function","dur":"14","name":"render","ph":"X","pid":"0","tid":"0x1153565c0","ts":"365629928283"},{"cat":"function","dur":"10","name":"render","ph":"X","pid":"0","tid":"0x1153565c0","ts":"365629928305"},{"cat":"function","dur":"8","name":"render","ph":"X","pid":"0","tid":"0x1153565c0","ts":"365629928323"},{"cat":"function","dur":"239","name":"renderFrame","ph":"X","pid":"0","tid":"0x1153565c0","ts":"365629928282"},{"cat":"function","dur":"14","name":"renderLine","ph":"X","pid":"0","tid":"0x1153565c0","ts":"365629928537"},{"cat":"function","dur":"7","name":"renderLine","ph":"X","pid":"0","tid":"0x1153565c0","ts":"365629928562"},{"cat":"function","dur":"16592","name":"loop","ph":"X","pid":"0","tid":"0x1153565c0","ts":"365629928149"},{"cat":"function","dur":"35","name":"renderCircle","ph":"X","pid":"0","tid":"0x1153565c0","ts":"365629944800"},{"cat":"function","dur":"10","name":"renderQuad","ph":"X","pid":"0","tid":"0x1153565c0","ts":"365629944848"},{"cat":"function","dur":"17","name":"renderLine","ph":"X","pid":"0","tid":"0x1153565c0","ts":"365629944877"},{"cat":"function","dur":"13","name":"render","ph":"X","pid":"0","tid":"0x1153565c0","ts":"365629944904"},{"cat":"function","dur":"9","name":"render","ph":"X","pid":"0","tid":"0x1153565c0","ts":"365629944926"},{"cat":"function","dur":"7","name":"render","ph":"X","pid":"0","tid":"0x1153565c0","ts":"365629944943"},{"cat":"function","dur":"223","name":"renderFrame","ph":"X","pid":"0","tid":"0x1153565c0","ts":"365629944903"},{"cat":"function","dur":"11","name":"renderLine","ph":"X","pid":"0","tid":"0x1153565c0","ts":"365629945138"},{"cat":"function","dur":"7","name":"renderLine","ph":"X","pid":"0","tid":"0x1153565c0","ts":"365629945159"},{"cat":"function","dur":"16572","name":"loop","ph":"X","pid":"0","tid":"0x1153565c0","ts":"365629944780"},{"cat":"function","dur":"66","name":"renderCircle","ph":"X","pid":"0","tid":"0x1153565c0","ts":"365629961446"},{"cat":"function","dur":"14","name":"renderQuad","ph":"X","pid":"0","tid":"0x1153565c0","ts":"365629961549"},{"cat":"function","dur":"24","name":"renderLine","ph":"X","pid":"0","tid":"0x1153565c0","ts":"365629961585"},{"cat":"function","dur":"19","name":"render","ph":"X","pid":"0","tid":"0x1153565c0","ts":"365629961619"},{"cat":"function","dur":"10","name":"render","ph":"X","pid":"0","tid":"0x1153565c0","ts":"365629961647"},{"cat":"function","dur":"10","name":"render","ph":"X","pid":"0","tid":"0x1153565c0","ts":"365629961665"},{"cat":"function","dur":"243","name":"renderFrame","ph":"X","pid":"0","tid":"0x1153565c0","ts":"365629961619"},{"cat":"function","dur":"14","name":"renderLine","ph":"X","pid":"0","tid":"0x1153565c0","ts":"365629961880"},{"cat":"function","dur":"8","name":"renderLine","ph":"X","pid":"0","tid":"0x1153565c0","ts":"365629961906"},{"cat":"function","dur":"17448","name":"loop","ph":"X","pid":"0","tid":"0x1153565c0","ts":"365629961411"},{"cat":"function","dur":"36","name":"renderCircle","ph":"X","pid":"0","tid":"0x1153565c0","ts":"365629978917"},{"cat":"function","dur":"11","name":"renderQuad","ph":"X","pid":"0","tid":"0x1153565c0","ts":"365629978965"},{"cat":"function","dur":"16","name":"renderLine","ph":"X","pid":"0","tid":"0x1153565c0","ts":"365629978996"},{"cat":"function","dur":"12","name":"render","ph":"X","pid":"0","tid":"0x1153565c0","ts":"365629979022"},{"cat":"function","dur":"9","name":"render","ph":"X","pid":"0","tid":"0x1153565c0","ts":"365629979043"},{"cat":"function","dur":"8","name":"render","ph":"X","pid":"0","tid":"0x1153565c0","ts":"365629979059"},{"cat":"function","dur":"215","name":"renderFrame","ph":"X","pid":"0","tid":"0x1153565c0","ts":"365629979021"},{"cat":"function","dur":"10","name":"renderLine","ph":"X","pid":"0","tid":"0x1153565c0","ts":"365629979249"},{"cat":"function","dur":"7","name":"renderLine","ph":"X","pid":"0","tid":"0x1153565c0","ts":"365629979269"},{"cat":"function","dur":"17750","name":"loop","ph":"X","pid":"0","tid":"0x1153565c0","ts":"365629978897"},{"cat":"function","dur":"73","name":"renderCircle","ph":"X","pid":"0","tid":"0x1153565c0","ts":"365629996817"},{"cat":"function","dur":"17","name":"renderQuad","ph":"X","pid":"0","tid":"0x1153565c0","ts":"365629996922"},{"cat":"function","dur":"28","name":"renderLine","ph":"X","pid":"0","tid":"0x1153565c0","ts":"365629996967"},{"cat":"function","dur":"19","name":"render","ph":"X","pid":"0","tid":"0x1153565c0","ts":"365629997008"},{"cat":"function","dur":"10","name":"render","ph":"X","pid":"0","tid":"0x1153565c0","ts":"365629997037"},{"cat":"function","dur":"8","name":"render","ph":"X","pid":"0","tid":"0x1153565c0","ts":"365629997055"},{"cat":"function","dur":"246","name":"renderFrame","ph":"X","pid":"0","tid":"0x1153565c0","ts":"365629997006"},{"cat":"function","dur":"11","name":"renderLine","ph":"X","pid":"0","tid":"0x1153565c0","ts":"365629997266"},{"cat":"function","dur":"7","name":"renderLine","ph":"X","pid":"0","tid":"0x1153565c0","ts":"365629997288"},{"cat":"function","dur":"16540","name":"loop","ph":"X","pid":"0","tid":"0x1153565c0","ts":"365629996772"},{"cat":"function","dur":"37","name":"renderCircle","ph":"X","pid":"0","tid":"0x1153565c0","ts":"365630013424"},{"cat":"function","dur":"12","name":"renderQuad","ph":"X","pid":"0","tid":"0x1153565c0","ts":"365630013484"},{"cat":"function","dur":"19","name":"renderLine","ph":"X","pid":"0","tid":"0x1153565c0","ts":"365630013521"},{"cat":"function","dur":"15","name":"render","ph":"X","pid":"0","tid":"0x1153565c0","ts":"365630013552"},{"cat":"function","dur":"10","name":"render","ph":"X","pid":"0","tid":"0x1153565c0","ts":"365630013576"},{"cat":"function","dur":"10","name":"render","ph":"X","pid":"0","tid":"0x1153565c0","ts":"365630013596"},{"cat":"function","dur":"233","name":"renderFrame","ph":"X","pid":"0","tid":"0x1153565c0","ts":"365630013552"},{"cat":"function","dur":"12","name":"renderLine","ph":"X","pid":"0","tid":"0x1153565c0","ts":"365630013800"},{"cat":"function","dur":"9","name":"renderLine","ph":"X","pid":"0","tid":"0x1153565c0","ts":"365630013824"},{"cat":"function","dur":"16300","name":"loop","ph":"X","pid":"0","tid":"0x1153565c0","ts":"365630013402"},{"cat":"function","dur":"74","name":"renderCircle","ph":"X","pid":"0","tid":"0x1153565c0","ts":"365630029831"},{"cat":"function","dur":"16","name":"renderQuad","ph":"X","pid":"0","tid":"0x1153565c0","ts":"365630029924"},{"cat":"function","dur":"29","name":"renderLine","ph":"X","pid":"0","tid":"0x1153565c0","ts":"365630029965"},{"cat":"function","dur":"20","name":"render","ph":"X","pid":"0","tid":"0x1153565c0","ts":"365630030005"},{"cat":"function","dur":"12","name":"render","ph":"X","pid":"0","tid":"0x1153565c0","ts":"365630030037"},{"cat":"function","dur":"9","name":"render","ph":"X","pid":"0","tid":"0x1153565c0","ts":"365630030058"},{"cat":"function","dur":"259","name":"renderFrame","ph":"X","pid":"0","tid":"0x1153565c0","ts":"365630030004"},{"cat":"function","dur":"15","name":"renderLine","ph":"X","pid":"0","tid":"0x1153565c0","ts":"365630030284"},{"cat":"function","dur":"7","name":"renderLine","ph":"X","pid":"0","tid":"0x1153565c0","ts":"365630030311"},{"cat":"function","dur":"16896","name":"loop","ph":"X","pid":"0","tid":"0x1153565c0","ts":"365630029785"},{"cat":"function","dur":"56","name":"renderCircle","ph":"X","pid":"0","tid":"0x1153565c0","ts":"365630046741"},{"cat":"function","dur":"16","name":"renderQuad","ph":"X","pid":"0","tid":"0x1153565c0","ts":"365630046818"},{"cat":"function","dur":"17","name":"renderLine","ph":"X","pid":"0","tid":"0x1153565c0","ts":"365630046855"},{"cat":"function","dur":"13","name":"render","ph":"X","pid":"0","tid":"0x1153565c0","ts":"365630046883"},{"cat":"function","dur":"9","name":"render","ph":"X","pid":"0","tid":"0x1153565c0","ts":"365630046905"},{"cat":"function","dur":"8","name":"render","ph":"X","pid":"0","tid":"0x1153565c0","ts":"365630046922"},{"cat":"function","dur":"216","name":"renderFrame","ph":"X","pid":"0","tid":"0x1153565c0","ts":"365630046882"},{"cat":"function","dur":"10","name":"renderLine","ph":"X","pid":"0","tid":"0x1153565c0","ts":"365630047110"},{"cat":"function","dur":"7","name":"renderLine","ph":"X","pid":"0","tid":"0x1153565c0","ts":"365630047130"},{"cat":"function","dur":"17074","name":"loop","ph":"X","pid":"0","tid":"0x1153565c0","ts":"365630046719"},{"cat":"function","dur":"70","name":"renderCircle","ph":"X","pid":"0","tid":"0x1153565c0","ts":"365630063903"},{"cat":"function","dur":"14","name":"renderQuad","ph":"X","pid":"0","tid":"0x1153565c0","ts":"365630063989"},{"cat":"function","dur":"30","name":"renderLine","ph":"X","pid":"0","tid":"0x1153565c0","ts":"365630064028"},{"cat":"function","dur":"21","name":"render","ph":"X","pid":"0","tid":"0x1153565c0","ts":"365630064069"},{"cat":"function","dur":"11","name":"render","ph":"X","pid":"0","tid":"0x1153565c0","ts":"365630064098"},{"cat":"function","dur":"9","name":"render","ph":"X","pid":"0","tid":"0x1153565c0","ts":"365630064117"},{"cat":"function","dur":"270","name":"renderFrame","ph":"X","pid":"0","tid":"0x1153565c0","ts":"365630064068"},{"cat":"function","dur":"13","name":"renderLine","ph":"X","pid":"0","tid":"0x1153565c0","ts":"365630064352"},{"cat":"function","dur":"7","name":"renderLine","ph":"X","pid":"0","tid":"0x1153565c0","ts":"365630064376"},{"cat":"function","dur":"16289","name":"loop","ph":"X","pid":"0","tid":"0x1153565c0","ts":"365630063867"},{"cat":"function","dur":"81","name":"renderCircle","ph":"X","pid":"0","tid":"0x1153565c0","ts":"365630080219"},{"cat":"function","dur":"13","name":"renderQuad","ph":"X","pid":"0","tid":"0x1153565c0","ts":"365630080315"},{"cat":"function","dur":"18","name":"renderLine","ph":"X","pid":"0","tid":"0x1153565c0","ts":"365630080347"},{"cat":"function","dur":"14","name":"render","ph":"X","pid":"0","tid":"0x1153565c0","ts":"365630080375"},{"cat":"function","dur":"9","name":"render","ph":"X","pid":"0","tid":"0x1153565c0","ts":"365630080397"},{"cat":"function","dur":"9","name":"render","ph":"X","pid":"0","tid":"0x1153565c0","ts":"365630080414"},{"cat":"function","dur":"223","name":"renderFrame","ph":"X","pid":"0","tid":"0x1153565c0","ts":"365630080374"},{"cat":"function","dur":"12","name":"renderLine","ph":"X","pid":"0","tid":"0x1153565c0","ts":"365630080627"},{"cat":"function","dur":"7","name":"renderLine","ph":"X","pid":"0","tid":"0x1153565c0","ts":"365630080650"},{"cat":"function","dur":"16463","name":"loop","ph":"X","pid":"0","tid":"0x1153565c0","ts":"365630080198"},{"cat":"function","dur":"59","name":"renderCircle","ph":"X","pid":"0","tid":"0x1153565c0","ts":"365630096779"},{"cat":"function","dur":"14","name":"renderQuad","ph":"X","pid":"0","tid":"0x1153565c0","ts":"365630096851"},{"cat":"function","dur":"22","name":"renderLine","ph":"X","pid":"0","tid":"0x1153565c0","ts":"365630096888"},{"cat":"function","dur":"17","name":"render","ph":"X","pid":"0","tid":"0x1153565c0","ts":"365630096920"},{"cat":"function","dur":"10","name":"render","ph":"X","pid":"0","tid":"0x1153565c0","ts":"365630096945"},{"cat":"function","dur":"8","name":"render","ph":"X","pid":"0","tid":"0x1153565c0","ts":"365630096962"},{"cat":"function","dur":"226","name":"renderFrame","ph":"X","pid":"0","tid":"0x1153565c0","ts":"365630096919"},{"cat":"function","dur":"10","name":"renderLine","ph":"X","pid":"0","tid":"0x1153565c0","ts":"365630097157"},{"cat":"function","dur":"7","name":"renderLine","ph":"X","pid":"0","tid":"0x1153565c0","ts":"365630097177"},{"cat":"function","dur":"16079","name":"loop","ph":"X","pid":"0","tid":"0x1153565c0","ts":"365630096738"},{"cat":"function","dur":"34","name":"renderCircle","ph":"X","pid":"0","tid":"0x1153565c0","ts":"365630112879"},{"cat":"function","dur":"11","name":"renderQuad","ph":"X","pid":"0","tid":"0x1153565c0","ts":"365630112927"},{"cat":"function","dur":"16","name":"renderLine","ph":"X","pid":"0","tid":"0x1153565c0","ts":"365630112957"},{"cat":"function","dur":"13","name":"render","ph":"X","pid":"0","tid":"0x1153565c0","ts":"365630112983"},{"cat":"function","dur":"9","name":"render","ph":"X","pid":"0","tid":"0x1153565c0","ts":"365630113004"},{"cat":"function","dur":"8","name":"render","ph":"X","pid":"0","tid":"0x1153565c0","ts":"365630113021"},{"cat":"function","dur":"265","name":"renderFrame","ph":"X","pid":"0","tid":"0x1153565c0","ts":"365630112982"},{"cat":"function","dur":"16","name":"renderLine","ph":"X","pid":"0","tid":"0x1153565c0","ts":"365630113271"},{"cat":"function","dur":"8","name":"renderLine","ph":"X","pid":"0","tid":"0x1153565c0","ts":"365630113299"},{"cat":"function","dur":"16382","name":"loop","ph":"X","pid":"0","tid":"0x1153565c0","ts":"365630112853"},{"cat":"function","dur":"76","name":"renderCircle","ph":"X","pid":"0","tid":"0x1153565c0","ts":"365630129345"},{"cat":"function","dur":"17","name":"renderQuad","ph":"X","pid":"0","tid":"0x1153565c0","ts":"365630129441"},{"cat":"function","dur":"27","name":"renderLine","ph":"X","pid":"0","tid":"0x1153565c0","ts":"365630129488"},{"cat":"function","dur":"22","name":"render","ph":"X","pid":"0","tid":"0x1153565c0","ts":"365630129530"},{"cat":"function","dur":"14","name":"render","ph":"X","pid":"0","tid":"0x1153565c0","ts":"365630129564"},{"cat":"function","dur":"10","name":"render","ph":"X","pid":"0","tid":"0x1153565c0","ts":"365630129589"},{"cat":"function","dur":"316","name":"renderFrame","ph":"X","pid":"0","tid":"0x1153565c0","ts":"365630129528"},{"cat":"function","dur":"20","name":"renderLine","ph":"X","pid":"0","tid":"0x1153565c0","ts":"365630129867"},{"cat":"function","dur":"11","name":"renderLine","ph":"X","pid":"0","tid":"0x1153565c0","ts":"365630129901"},{"cat":"function","dur":"17330","name":"loop","ph":"X","pid":"0","tid":"0x1153565c0","ts":"365630129302"},{"cat":"function","dur":"48","name":"renderCircle","ph":"X","pid":"0","tid":"0x1153565c0","ts":"365630146698"},{"cat":"function","dur":"12","name":"renderQuad","ph":"X","pid":"0","tid":"0x1153565c0","ts":"365630146761"},{"cat":"function","dur":"16","name":"renderLine","ph":"X","pid":"0","tid":"0x1153565c0","ts":"365630146794"},{"cat":"function","dur":"14","name":"render","ph":"X","pid":"0","tid":"0x1153565c0","ts":"365630146821"},{"cat":"function","dur":"9","name":"render","ph":"X","pid":"0","tid":"0x1153565c0","ts":"365630146844"},{"cat":"function","dur":"9","name":"render","ph":"X","pid":"0","tid":"0x1153565c0","ts":"365630146864"},{"cat":"function","dur":"283","name":"renderFrame","ph":"X","pid":"0","tid":"0x1153565c0","ts":"365630146820"},{"cat":"function","dur":"16","name":"renderLine","ph":"X","pid":"0","tid":"0x1153565c0","ts":"365630147125"},{"cat":"function","dur":"9","name":"renderLine","ph":"X","pid":"0","tid":"0x1153565c0","ts":"365630147153"},{"cat":"function","dur":"16082","name":"loop","ph":"X","pid":"0","tid":"0x1153565c0","ts":"365630146671"},{"cat":"function","dur":"77","name":"renderCircle","ph":"X","pid":"0","tid":"0x1153565c0","ts":"365630162900"},{"cat":"function","dur":"15","name":"renderQuad","ph":"X","pid":"0","tid":"0x1153565c0","ts":"365630162996"},{"cat":"function","dur":"26","name":"renderLine","ph":"X","pid":"0","tid":"0x1153565c0","ts":"365630163038"},{"cat":"function","dur":"18","name":"render","ph":"X","pid":"0","tid":"0x1153565c0","ts":"365630163076"},{"cat":"function","dur":"11","name":"render","ph":"X","pid":"0","tid":"0x1153565c0","ts":"365630163105"},{"cat":"function","dur":"9","name":"render","ph":"X","pid":"0","tid":"0x1153565c0","ts":"365630163125"},{"cat":"function","dur":"255","name":"renderFrame","ph":"X","pid":"0","tid":"0x1153565c0","ts":"365630163075"},{"cat":"function","dur":"16","name":"renderLine","ph":"X","pid":"0","tid":"0x1153565c0","ts":"365630163349"},{"cat":"function","dur":"8","name":"renderLine","ph":"X","pid":"0","tid":"0x1153565c0","ts":"365630163377"},{"cat":"function","dur":"17352","name":"loop","ph":"X","pid":"0","tid":"0x1153565c0","ts":"365630162855"},{"cat":"function","dur":"35","name":"renderCircle","ph":"X","pid":"0","tid":"0x1153565c0","ts":"365630180284"},{"cat":"function","dur":"10","name":"renderQuad","ph":"X","pid":"0","tid":"0x1153565c0","ts":"365630180333"},{"cat":"function","dur":"19","name":"renderLine","ph":"X","pid":"0","tid":"0x1153565c0","ts":"365630180364"},{"cat":"function","dur":"14","name":"render","ph":"X","pid":"0","tid":"0x1153565c0","ts":"365630180396"},{"cat":"function","dur":"10","name":"render","ph":"X","pid":"0","tid":"0x1153565c0","ts":"365630180419"},{"cat":"function","dur":"8","name":"render","ph":"X","pid":"0","tid":"0x1153565c0","ts":"365630180437"},{"cat":"function","dur":"230","name":"renderFrame","ph":"X","pid":"0","tid":"0x1153565c0","ts":"365630180395"},{"cat":"function","dur":"12","name":"renderLine","ph":"X","pid":"0","tid":"0x1153565c0","ts":"365630180638"},{"cat":"function","dur":"7","name":"renderLine","ph":"X","pid":"0","tid":"0x1153565c0","ts":"365630180660"},{"cat":"function","dur":"17717","name":"loop","ph":"X","pid":"0","tid":"0x1153565c0","ts":"365630180264"},{"cat":"function","dur":"57","name":"renderCircle","ph":"X","pid":"0","tid":"0x1153565c0","ts":"365630198088"},{"cat":"function","dur":"15","name":"renderQuad","ph":"X","pid":"0","tid":"0x1153565c0","ts":"365630198160"},{"cat":"function","dur":"24","name":"renderLine","ph":"X","pid":"0","tid":"0x1153565c0","ts":"365630198200"},{"cat":"function","dur":"19","name":"render","ph":"X","pid":"0","tid":"0x1153565c0","ts":"365630198236"},{"cat":"function","dur":"11","name":"render","ph":"X","pid":"0","tid":"0x1153565c0","ts":"365630198265"},{"cat":"function","dur":"9","name":"render","ph":"X","pid":"0","tid":"0x1153565c0","ts":"365630198286"},{"cat":"function","dur":"262","name":"renderFrame","ph":"X","pid":"0","tid":"0x1153565c0","ts":"365630198235"},{"cat":"function","dur":"13","name":"renderLine","ph":"X","pid":"0","tid":"0x1153565c0","ts":"365630198511"},{"cat":"function","dur":"8","name":"renderLine","ph":"X","pid":"0","tid":"0x1153565c0","ts":"365630198537"},{"cat":"function","dur":"17293","name":"loop","ph":"X","pid":"0","tid":"0x1153565c0","ts":"365630198052"},{"cat":"function","dur":"33","name":"renderCircle","ph":"X","pid":"0","tid":"0x1153565c0","ts":"365630215402"},{"cat":"function","dur":"10","name":"renderQuad","ph":"X","pid":"0","tid":"0x1153565c0","ts":"365630215447"},{"cat":"function","dur":"16","name":"renderLine","ph":"X","pid":"0","tid":"0x1153565c0","ts":"365630215478"},{"cat":"function","dur":"14","name":"render","ph":"X","pid":"0","tid":"0x1153565c0","ts":"365630215507"},{"cat":"function","dur":"9","name":"render","ph":"X","pid":"0","tid":"0x1153565c0","ts":"365630215530"},{"cat":"function","dur":"9","name":"render","ph":"X","pid":"0","tid":"0x1153565c0","ts":"365630215546"},{"cat":"function","dur":"228","name":"renderFrame","ph":"X","pid":"0","tid":"0x1153565c0","ts":"365630215506"},{"cat":"function","dur":"11","name":"renderLine","ph":"X","pid":"0","tid":"0x1153565c0","ts":"365630215747"},{"cat":"function","dur":"7","name":"renderLine","ph":"X","pid":"0","tid":"0x1153565c0","ts":"365630215769"},{"cat":"function","dur":"17951","name":"loop","ph":"X","pid":"0","tid":"0x1153565c0","ts":"365630215382"},{"cat":"function","dur":"49","name":"renderCircle","ph":"X","pid":"0","tid":"0x1153565c0","ts":"365630233403"},{"cat":"function","dur":"13","name":"renderQuad","ph":"X","pid":"0","tid":"0x1153565c0","ts":"365630233469"},{"cat":"function","dur":"18","name":"renderLine","ph":"X","pid":"0","tid":"0x1153565c0","ts":"365630233504"},{"cat":"function","dur":"14","name":"render","ph":"X","pid":"0","tid":"0x1153565c0","ts":"365630233533"},{"cat":"function","dur":"10","name":"render","ph":"X","pid":"0","tid":"0x1153565c0","ts":"365630233556"},{"cat":"function","dur":"9","name":"render","ph":"X","pid":"0","tid":"0x1153565c0","ts":"365630233575"},{"cat":"function","dur":"246","name":"renderFrame","ph":"X","pid":"0","tid":"0x1153565c0","ts":"365630233532"},{"cat":"function","dur":"12","name":"renderLine","ph":"X","pid":"0","tid":"0x1153565c0","ts":"365630233792"},{"cat":"function","dur":"8","name":"renderLine","ph":"X","pid":"0","tid":"0x1153565c0","ts":"365630233815"},{"cat":"function","dur":"16956","name":"loop","ph":"X","pid":"0","tid":"0x1153565c0","ts":"365630233378"},{"cat":"function","dur":"34","name":"renderCircle","ph":"X","pid":"0","tid":"0x1153565c0","ts":"365630250396"},{"cat":"function","dur":"10","name":"renderQuad","ph":"X","pid":"0","tid":"0x1153565c0","ts":"365630250442"},{"cat":"function","dur":"16","name":"renderLine","ph":"X","pid":"0","tid":"0x1153565c0","ts":"365630250471"},{"cat":"function","dur":"13","name":"render","ph":"X","pid":"0","tid":"0x1153565c0","ts":"365630250496"},{"cat":"function","dur":"9","name":"render","ph":"X","pid":"0","tid":"0x1153565c0","ts":"365630250517"},{"cat":"function","dur":"7","name":"render","ph":"X","pid":"0","tid":"0x1153565c0","ts":"365630250534"},{"cat":"function","dur":"213","name":"renderFrame","ph":"X","pid":"0","tid":"0x1153565c0","ts":"365630250496"},{"cat":"function","dur":"10","name":"renderLine","ph":"X","pid":"0","tid":"0x1153565c0","ts":"365630250721"},{"cat":"function","dur":"6","name":"renderLine","ph":"X","pid":"0","tid":"0x1153565c0","ts":"365630250741"},{"cat":"function","dur":"16960","name":"loop","ph":"X","pid":"0","tid":"0x1153565c0","ts":"365630250375"},{"cat":"function","dur":"76","name":"renderCircle","ph":"X","pid":"0","tid":"0x1153565c0","ts":"365630267480"},{"cat":"function","dur":"15","name":"renderQuad","ph":"X","pid":"0","tid":"0x1153565c0","ts":"365630267585"},{"cat":"function","dur":"25","name":"renderLine","ph":"X","pid":"0","tid":"0x1153565c0","ts":"365630267626"},{"cat":"function","dur":"18","name":"render","ph":"X","pid":"0","tid":"0x1153565c0","ts":"365630267664"},{"cat":"function","dur":"10","name":"render","ph":"X","pid":"0","tid":"0x1153565c0","ts":"365630267692"},{"cat":"function","dur":"10","name":"render","ph":"X","pid":"0","tid":"0x1153565c0","ts":"365630267711"},{"cat":"function","dur":"300","name":"renderFrame","ph":"X","pid":"0","tid":"0x1153565c0","ts":"365630267663"},{"cat":"function","dur":"13","name":"renderLine","ph":"X","pid":"0","tid":"0x1153565c0","ts":"365630267979"},{"cat":"function","dur":"8","name":"renderLine","ph":"X","pid":"0","tid":"0x1153565c0","ts":"365630268003"},{"cat":"function","dur":"17638","name":"loop","ph":"X","pid":"0","tid":"0x1153565c0","ts":"365630267437"},{"cat":"function","dur":"32","name":"renderCircle","ph":"X","pid":"0","tid":"0x1153565c0","ts":"365630285130"},{"cat":"function","dur":"10","name":"renderQuad","ph":"X","pid":"0","tid":"0x1153565c0","ts":"365630285177"},{"cat":"function","dur":"16","name":"renderLine","ph":"X","pid":"0","tid":"0x1153565c0","ts":"365630285207"},{"cat":"function","dur":"13","name":"render","ph":"X","pid":"0","tid":"0x1153565c0","ts":"365630285233"},{"cat":"function","dur":"8","name":"render","ph":"X","pid":"0","tid":"0x1153565c0","ts":"365630285254"},{"cat":"function","dur":"8","name":"render","ph":"X","pid":"0","tid":"0x1153565c0","ts":"365630285270"},{"cat":"function","dur":"219","name":"renderFrame","ph":"X","pid":"0","tid":"0x1153565c0","ts":"365630285232"},{"cat":"function","dur":"12","name":"renderLine","ph":"X","pid":"0","tid":"0x1153565c0","ts":"365630285463"},{"cat":"function","dur":"7","name":"renderLine","ph":"X","pid":"0","tid":"0x1153565c0","ts":"365630285484"},{"cat":"function","dur":"17623","name":"loop","ph":"X","pid":"0","tid":"0x1153565c0","ts":"365630285111"},{"cat":"function","dur":"37","name":"renderCircle","ph":"X","pid":"0","tid":"0x1153565c0","ts":"365630302798"},{"cat":"function","dur":"12","name":"renderQuad","ph":"X","pid":"0","tid":"0x1153565c0","ts":"365630302848"},{"cat":"function","dur":"17","name":"renderLine","ph":"X","pid":"0","tid":"0x1153565c0","ts":"365630302881"},{"cat":"function","dur":"14","name":"render","ph":"X","pid":"0","tid":"0x1153565c0","ts":"365630302910"},{"cat":"function","dur":"9","name":"render","ph":"X","pid":"0","tid":"0x1153565c0","ts":"365630302933"},{"cat":"function","dur":"8","name":"render","ph":"X","pid":"0","tid":"0x1153565c0","ts":"365630302951"},{"cat":"function","dur":"233","name":"renderFrame","ph":"X","pid":"0","tid":"0x1153565c0","ts":"365630302909"},{"cat":"function","dur":"12","name":"renderLine","ph":"X","pid":"0","tid":"0x1153565c0","ts":"365630303155"},{"cat":"function","dur":"8","name":"renderLine","ph":"X","pid":"0","tid":"0x1153565c0","ts":"365630303178"},{"cat":"function","dur":"18008","name":"loop","ph":"X","pid":"0","tid":"0x1153565c0","ts":"365630302775"},{"cat":"function","dur":"33","name":"renderCircle","ph":"X","pid":"0","tid":"0x1153565c0","ts":"365630320839"},{"cat":"function","dur":"10","name":"renderQuad","ph":"X","pid":"0","tid":"0x1153565c0","ts":"365630320884"},{"cat":"function","dur":"16","name":"renderLine","ph":"X","pid":"0","tid":"0x1153565c0","ts":"365630320913"},{"cat":"function","dur":"12","name":"render","ph":"X","pid":"0","tid":"0x1153565c0","ts":"365630320939"},{"cat":"function","dur":"9","name":"render","ph":"X","pid":"0","tid":"0x1153565c0","ts":"365630320959"},{"cat":"function","dur":"8","name":"render","ph":"X","pid":"0","tid":"0x1153565c0","ts":"365630320975"},{"cat":"function","dur":"217","name":"renderFrame","ph":"X","pid":"0","tid":"0x1153565c0","ts":"365630320938"},{"cat":"function","dur":"11","name":"renderLine","ph":"X","pid":"0","tid":"0x1153565c0","ts":"365630321167"},{"cat":"function","dur":"7","name":"renderLine","ph":"X","pid":"0","tid":"0x1153565c0","ts":"365630321188"},{"cat":"function","dur":"17006","name":"loop","ph":"X","pid":"0","tid":"0x1153565c0","ts":"365630320819"},{"cat":"function","dur":"37","name":"renderCircle","ph":"X","pid":"0","tid":"0x1153565c0","ts":"365630337887"},{"cat":"function","dur":"12","name":"renderQuad","ph":"X","pid":"0","tid":"0x1153565c0","ts":"365630337937"},{"cat":"function","dur":"18","name":"renderLine","ph":"X","pid":"0","tid":"0x1153565c0","ts":"365630337970"},{"cat":"function","dur":"13","name":"render","ph":"X","pid":"0","tid":"0x1153565c0","ts":"365630338000"},{"cat":"function","dur":"10","name":"render","ph":"X","pid":"0","tid":"0x1153565c0","ts":"365630338022"},{"cat":"function","dur":"9","name":"render","ph":"X","pid":"0","tid":"0x1153565c0","ts":"365630338041"},{"cat":"function","dur":"235","name":"renderFrame","ph":"X","pid":"0","tid":"0x1153565c0","ts":"365630337999"},{"cat":"function","dur":"12","name":"renderLine","ph":"X","pid":"0","tid":"0x1153565c0","ts":"365630338247"},{"cat":"function","dur":"7","name":"renderLine","ph":"X","pid":"0","tid":"0x1153565c0","ts":"365630338270"},{"cat":"function","dur":"17357","name":"loop","ph":"X","pid":"0","tid":"0x1153565c0","ts":"365630337866"},{"cat":"function","dur":"38","name":"renderCircle","ph":"X","pid":"0","tid":"0x1153565c0","ts":"365630355291"},{"cat":"function","dur":"14","name":"renderQuad","ph":"X","pid":"0","tid":"0x1153565c0","ts":"365630355407"},{"cat":"function","dur":"17","name":"renderLine","ph":"X","pid":"0","tid":"0x1153565c0","ts":"365630355448"},{"cat":"function","dur":"15","name":"render","ph":"X","pid":"0","tid":"0x1153565c0","ts":"365630355477"},{"cat":"function","dur":"10","name":"render","ph":"X","pid":"0","tid":"0x1153565c0","ts":"365630355506"},{"cat":"function","dur":"9","name":"render","ph":"X","pid":"0","tid":"0x1153565c0","ts":"365630355528"},{"cat":"function","dur":"244","name":"renderFrame","ph":"X","pid":"0","tid":"0x1153565c0","ts":"365630355477"},{"cat":"function","dur":"12","name":"renderLine","ph":"X","pid":"0","tid":"0x1153565c0","ts":"365630355739"},{"cat":"function","dur":"8","name":"renderLine","ph":"X","pid":"0","tid":"0x1153565c0","ts":"365630355764"},{"cat":"function","dur":"16589","name":"loop","ph":"X","pid":"0","tid":"0x1153565c0","ts":"365630355270"},{"cat":"function","dur":"37","name":"renderCircle","ph":"X","pid":"0","tid":"0x1153565c0","ts":"365630371937"},{"cat":"function","dur":"11","name":"renderQuad","ph":"X","pid":"0","tid":"0x1153565c0","ts":"365630371991"},{"cat":"function","dur":"18","name":"renderLine","ph":"X","pid":"0","tid":"0x1153565c0","ts":"365630372024"},{"cat":"function","dur":"13","name":"render","ph":"X","pid":"0","tid":"0x1153565c0","ts":"365630372054"},{"cat":"function","dur":"10","name":"render","ph":"X","pid":"0","tid":"0x1153565c0","ts":"365630372075"},{"cat":"function","dur":"8","name":"render","ph":"X","pid":"0","tid":"0x1153565c0","ts":"365630372093"},{"cat":"function","dur":"227","name":"renderFrame","ph":"X","pid":"0","tid":"0x1153565c0","ts":"365630372053"},{"cat":"function","dur":"15","name":"renderLine","ph":"X","pid":"0","tid":"0x1153565c0","ts":"365630372293"},{"cat":"function","dur":"8","name":"renderLine","ph":"X","pid":"0","tid":"0x1153565c0","ts":"365630372320"},{"cat":"function","dur":"16457","name":"loop","ph":"X","pid":"0","tid":"0x1153565c0","ts":"365630371915"},{"cat":"function","dur":"34","name":"renderCircle","ph":"X","pid":"0","tid":"0x1153565c0","ts":"365630388427"},{"cat":"function","dur":"10","name":"renderQuad","ph":"X","pid":"0","tid":"0x1153565c0","ts":"365630388473"},{"cat":"function","dur":"13","name":"renderLine","ph":"X","pid":"0","tid":"0x1153565c0","ts":"365630388502"},{"cat":"function","dur":"13","name":"render","ph":"X","pid":"0","tid":"0x1153565c0","ts":"365630388525"},{"cat":"function","dur":"11","name":"render","ph":"X","pid":"0","tid":"0x1153565c0","ts":"365630388546"},{"cat":"function","dur":"9","name":"render","ph":"X","pid":"0","tid":"0x1153565c0","ts":"365630388568"},{"cat":"function","dur":"222","name":"renderFrame","ph":"X","pid":"0","tid":"0x1153565c0","ts":"365630388525"},{"cat":"function","dur":"25","name":"timeStep","ph":"X","pid":"0","tid":"0x1153565c0","ts":"365630388757"},{"cat":"function","dur":"11","name":"renderLine","ph":"X","pid":"0","tid":"0x1153565c0","ts":"365630388789"},{"cat":"function","dur":"7","name":"renderLine","ph":"X","pid":"0","tid":"0x1153565c0","ts":"365630388810"},{"cat":"function","dur":"18025","name":"loop","ph":"X","pid":"0","tid":"0x1153565c0","ts":"365630388409"},{"cat":"function","dur":"36","name":"renderCircle","ph":"X","pid":"0","tid":"0x1153565c0","ts":"365630406493"},{"cat":"function","dur":"11","name":"renderQuad","ph":"X","pid":"0","tid":"0x1153565c0","ts":"365630406543"},{"cat":"function","dur":"17","name":"renderLine","ph":"X","pid":"0","tid":"0x1153565c0","ts":"365630406574"},{"cat":"function","dur":"14","name":"render","ph":"X","pid":"0","tid":"0x1153565c0","ts":"365630406602"},{"cat":"function","dur":"10","name":"render","ph":"X","pid":"0","tid":"0x1153565c0","ts":"365630406624"},{"cat":"function","dur":"9","name":"render","ph":"X","pid":"0","tid":"0x1153565c0","ts":"365630406652"},{"cat":"function","dur":"251","name":"renderFrame","ph":"X","pid":"0","tid":"0x1153565c0","ts":"365630406601"},{"cat":"function","dur":"12","name":"renderLine","ph":"X","pid":"0","tid":"0x1153565c0","ts":"365630406865"},{"cat":"function","dur":"7","name":"renderLine","ph":"X","pid":"0","tid":"0x1153565c0","ts":"365630406887"},{"cat":"function","dur":"18154","name":"loop","ph":"X","pid":"0","tid":"0x1153565c0","ts":"365630406472"},{"cat":"function","dur":"38","name":"renderCircle","ph":"X","pid":"0","tid":"0x1153565c0","ts":"365630424692"},{"cat":"function","dur":"11","name":"renderQuad","ph":"X","pid":"0","tid":"0x1153565c0","ts":"365630424744"},{"cat":"function","dur":"17","name":"renderLine","ph":"X","pid":"0","tid":"0x1153565c0","ts":"365630424791"},{"cat":"function","dur":"13","name":"render","ph":"X","pid":"0","tid":"0x1153565c0","ts":"365630424818"},{"cat":"function","dur":"9","name":"render","ph":"X","pid":"0","tid":"0x1153565c0","ts":"365630424840"},{"cat":"function","dur":"8","name":"render","ph":"X","pid":"0","tid":"0x1153565c0","ts":"365630424857"},{"cat":"function","dur":"232","name":"renderFrame","ph":"X","pid":"0","tid":"0x1153565c0","ts":"365630424817"},{"cat":"function","dur":"13","name":"renderLine","ph":"X","pid":"0","tid":"0x1153565c0","ts":"365630425064"},{"cat":"function","dur":"8","name":"renderLine","ph":"X","pid":"0","tid":"0x1153565c0","ts":"365630425088"},{"cat":"function","dur":"16912","name":"loop","ph":"X","pid":"0","tid":"0x1153565c0","ts":"365630424669"},{"cat":"function","dur":"38","name":"renderCircle","ph":"X","pid":"0","tid":"0x1153565c0","ts":"365630441643"},{"cat":"function","dur":"11","name":"renderQuad","ph":"X","pid":"0","tid":"0x1153565c0","ts":"365630441696"},{"cat":"function","dur":"17","name":"renderLine","ph":"X","pid":"0","tid":"0x1153565c0","ts":"365630441728"},{"cat":"function","dur":"13","name":"render","ph":"X","pid":"0","tid":"0x1153565c0","ts":"365630441757"},{"cat":"function","dur":"9","name":"render","ph":"X","pid":"0","tid":"0x1153565c0","ts":"365630441779"},{"cat":"function","dur":"8","name":"render","ph":"X","pid":"0","tid":"0x1153565c0","ts":"365630441797"},{"cat":"function","dur":"236","name":"renderFrame","ph":"X","pid":"0","tid":"0x1153565c0","ts":"365630441756"},{"cat":"function","dur":"12","name":"renderLine","ph":"X","pid":"0","tid":"0x1153565c0","ts":"365630442006"},{"cat":"function","dur":"7","name":"renderLine","ph":"X","pid":"0","tid":"0x1153565c0","ts":"365630442029"},{"cat":"function","dur":"68520","name":"loop","ph":"X","pid":"0","tid":"0x1153565c0","ts":"365630441621"}],"displayTimeUnit":"ns"}