{"traceEvents":[{"cat":"function","dur":"6616","name":"renderCircle","ph":"X","pid":"0","tid":"0x10a92c5c0","ts":"364972607130"},{"cat":"function","dur":"1829","name":"renderQuad","ph":"X","pid":"0","tid":"0x10a92c5c0","ts":"364972613827"},{"cat":"function","dur":"1127","name":"renderLine","ph":"X","pid":"0","tid":"0x10a92c5c0","ts":"364972615738"},{"cat":"function","dur":"2341","name":"render","ph":"X","pid":"0","tid":"0x10a92c5c0","ts":"364972616911"},{"cat":"function","dur":"59","name":"render","ph":"X","pid":"0","tid":"0x10a92c5c0","ts":"364972619362"},{"cat":"function","dur":"29","name":"render","ph":"X","pid":"0","tid":"0x10a92c5c0","ts":"364972619443"},{"cat":"function","dur":"2908","name":"renderFrame","ph":"X","pid":"0","tid":"0x10a92c5c0","ts":"364972616910"},{"cat":"function","dur":"76","name":"renderLine","ph":"X","pid":"0","tid":"0x10a92c5c0","ts":"364972619864"},{"cat":"function","dur":"47","name":"renderLine","ph":"X","pid":"0","tid":"0x10a92c5c0","ts":"364972619977"},{"cat":"function","dur":"158762","name":"loop","ph":"X","pid":"0","tid":"0x10a92c5c0","ts":"364972607095"},{"cat":"function","dur":"34","name":"renderCircle","ph":"X","pid":"0","tid":"0x10a92c5c0","ts":"364972765914"},{"cat":"function","dur":"11","name":"renderQuad","ph":"X","pid":"0","tid":"0x10a92c5c0","ts":"364972765965"},{"cat":"function","dur":"17","name":"renderLine","ph":"X","pid":"0","tid":"0x10a92c5c0","ts":"364972765998"},{"cat":"function","dur":"12","name":"render","ph":"X","pid":"0","tid":"0x10a92c5c0","ts":"364972766028"},{"cat":"function","dur":"8","name":"render","ph":"X","pid":"0","tid":"0x10a92c5c0","ts":"364972766052"},{"cat":"function","dur":"8","name":"render","ph":"X","pid":"0","tid":"0x10a92c5c0","ts":"364972766071"},{"cat":"function","dur":"227","name":"renderFrame","ph":"X","pid":"0","tid":"0x10a92c5c0","ts":"364972766028"},{"cat":"function","dur":"11","name":"renderLine","ph":"X","pid":"0","tid":"0x10a92c5c0","ts":"364972766271"},{"cat":"function","dur":"55","name":"renderLine","ph":"X","pid":"0","tid":"0x10a92c5c0","ts":"364972766307"},{"cat":"function","dur":"17300","name":"loop","ph":"X","pid":"0","tid":"0x10a92c5c0","ts":"364972765898"},{"cat":"function","dur":"34","name":"renderCircle","ph":"X","pid":"0","tid":"0x10a92c5c0","ts":"364972783258"},{"cat":"function","dur":"10","name":"renderQuad","ph":"X","pid":"0","tid":"0x10a92c5c0","ts":"364972783308"},{"cat":"function","dur":"17","name":"renderLine","ph":"X","pid":"0","tid":"0x10a92c5c0","ts":"364972783341"},{"cat":"function","dur":"12","name":"render","ph":"X","pid":"0","tid":"0x10a92c5c0","ts":"364972783371"},{"cat":"function","dur":"8","name":"render","ph":"X","pid":"0","tid":"0x10a92c5c0","ts":"364972783395"},{"cat":"function","dur":"7","name":"render","ph":"X","pid":"0","tid":"0x10a92c5c0","ts":"364972783414"},{"cat":"function","dur":"218","name":"renderFrame","ph":"X","pid":"0","tid":"0x10a92c5c0","ts":"364972783370"},{"cat":"function","dur":"11","name":"renderLine","ph":"X","pid":"0","tid":"0x10a92c5c0","ts":"364972783603"},{"cat":"function","dur":"6","name":"renderLine","ph":"X","pid":"0","tid":"0x10a92c5c0","ts":"364972783627"},{"cat":"function","dur":"17467","name":"loop","ph":"X","pid":"0","tid":"0x10a92c5c0","ts":"364972783237"},{"cat":"function","dur":"43","name":"renderCircle","ph":"X","pid":"0","tid":"0x10a92c5c0","ts":"364972800778"},{"cat":"function","dur":"14","name":"renderQuad","ph":"X","pid":"0","tid":"0x10a92c5c0","ts":"364972800837"},{"cat":"function","dur":"21","name":"renderLine","ph":"X","pid":"0","tid":"0x10a92c5c0","ts":"364972800877"},{"cat":"function","dur":"14","name":"render","ph":"X","pid":"0","tid":"0x10a92c5c0","ts":"364972800911"},{"cat":"function","dur":"9","name":"render","ph":"X","pid":"0","tid":"0x10a92c5c0","ts":"364972800937"},{"cat":"function","dur":"8","name":"render","ph":"X","pid":"0","tid":"0x10a92c5c0","ts":"364972800957"},{"cat":"function","dur":"230","name":"renderFrame","ph":"X","pid":"0","tid":"0x10a92c5c0","ts":"364972800911"},{"cat":"function","dur":"11","name":"renderLine","ph":"X","pid":"0","tid":"0x10a92c5c0","ts":"364972801158"},{"cat":"function","dur":"8","name":"renderLine","ph":"X","pid":"0","tid":"0x10a92c5c0","ts":"364972801197"},{"cat":"function","dur":"16610","name":"loop","ph":"X","pid":"0","tid":"0x10a92c5c0","ts":"364972800758"},{"cat":"function","dur":"29","name":"renderCircle","ph":"X","pid":"0","tid":"0x10a92c5c0","ts":"364972817417"},{"cat":"function","dur":"10","name":"renderQuad","ph":"X","pid":"0","tid":"0x10a92c5c0","ts":"364972817458"},{"cat":"function","dur":"15","name":"renderLine","ph":"X","pid":"0","tid":"0x10a92c5c0","ts":"364972817487"},{"cat":"function","dur":"12","name":"render","ph":"X","pid":"0","tid":"0x10a92c5c0","ts":"364972817512"},{"cat":"function","dur":"8","name":"render","ph":"X","pid":"0","tid":"0x10a92c5c0","ts":"364972817532"},{"cat":"function","dur":"7","name":"render","ph":"X","pid":"0","tid":"0x10a92c5c0","ts":"364972817547"},{"cat":"function","dur":"208","name":"renderFrame","ph":"X","pid":"0","tid":"0x10a92c5c0","ts":"364972817511"},{"cat":"function","dur":"10","name":"renderLine","ph":"X","pid":"0","tid":"0x10a92c5c0","ts":"364972817732"},{"cat":"function","dur":"6","name":"renderLine","ph":"X","pid":"0","tid":"0x10a92c5c0","ts":"364972817752"},{"cat":"function","dur":"19417","name":"loop","ph":"X","pid":"0","tid":"0x10a92c5c0","ts":"364972817399"},{"cat":"function","dur":"47","name":"renderCircle","ph":"X","pid":"0","tid":"0x10a92c5c0","ts":"364972836896"},{"cat":"function","dur":"13","name":"renderQuad","ph":"X","pid":"0","tid":"0x10a92c5c0","ts":"364972836958"},{"cat":"function","dur":"21","name":"renderLine","ph":"X","pid":"0","tid":"0x10a92c5c0","ts":"364972836993"},{"cat":"function","dur":"16","name":"render","ph":"X","pid":"0","tid":"0x10a92c5c0","ts":"364972837025"},{"cat":"function","dur":"9","name":"render","ph":"X","pid":"0","tid":"0x10a92c5c0","ts":"364972837050"},{"cat":"function","dur":"8","name":"render","ph":"X","pid":"0","tid":"0x10a92c5c0","ts":"364972837068"},{"cat":"function","dur":"234","name":"renderFrame","ph":"X","pid":"0","tid":"0x10a92c5c0","ts":"364972837024"},{"cat":"function","dur":"13","name":"renderLine","ph":"X","pid":"0","tid":"0x10a92c5c0","ts":"364972837273"},{"cat":"function","dur":"7","name":"renderLine","ph":"X","pid":"0","tid":"0x10a92c5c0","ts":"364972837297"},{"cat":"function","dur":"17219","name":"loop","ph":"X","pid":"0","tid":"0x10a92c5c0","ts":"364972836873"},{"cat":"function","dur":"49","name":"renderCircle","ph":"X","pid":"0","tid":"0x10a92c5c0","ts":"364972854183"},{"cat":"function","dur":"10","name":"renderQuad","ph":"X","pid":"0","tid":"0x10a92c5c0","ts":"364972854247"},{"cat":"function","dur":"15","name":"renderLine","ph":"X","pid":"0","tid":"0x10a92c5c0","ts":"364972854274"},{"cat":"function","dur":"12","name":"render","ph":"X","pid":"0","tid":"0x10a92c5c0","ts":"364972854313"},{"cat":"function","dur":"8","name":"render","ph":"X","pid":"0","tid":"0x10a92c5c0","ts":"364972854333"},{"cat":"function","dur":"7","name":"render","ph":"X","pid":"0","tid":"0x10a92c5c0","ts":"364972854349"},{"cat":"function","dur":"210","name":"renderFrame","ph":"X","pid":"0","tid":"0x10a92c5c0","ts":"364972854312"},{"cat":"function","dur":"10","name":"renderLine","ph":"X","pid":"0","tid":"0x10a92c5c0","ts":"364972854535"},{"cat":"function","dur":"7","name":"renderLine","ph":"X","pid":"0","tid":"0x10a92c5c0","ts":"364972854555"},{"cat":"function","dur":"16372","name":"loop","ph":"X","pid":"0","tid":"0x10a92c5c0","ts":"364972854126"},{"cat":"function","dur":"33","name":"renderCircle","ph":"X","pid":"0","tid":"0x10a92c5c0","ts":"364972870561"},{"cat":"function","dur":"11","name":"renderQuad","ph":"X","pid":"0","tid":"0x10a92c5c0","ts":"364972870606"},{"cat":"function","dur":"17","name":"renderLine","ph":"X","pid":"0","tid":"0x10a92c5c0","ts":"364972870637"},{"cat":"function","dur":"12","name":"render","ph":"X","pid":"0","tid":"0x10a92c5c0","ts":"364972870664"},{"cat":"function","dur":"8","name":"render","ph":"X","pid":"0","tid":"0x10a92c5c0","ts":"364972870685"},{"cat":"function","dur":"7","name":"render","ph":"X","pid":"0","tid":"0x10a92c5c0","ts":"364972870701"},{"cat":"function","dur":"234","name":"renderFrame","ph":"X","pid":"0","tid":"0x10a92c5c0","ts":"364972870663"},{"cat":"function","dur":"11","name":"renderLine","ph":"X","pid":"0","tid":"0x10a92c5c0","ts":"364972870911"},{"cat":"function","dur":"7","name":"renderLine","ph":"X","pid":"0","tid":"0x10a92c5c0","ts":"364972870931"},{"cat":"function","dur":"17221","name":"loop","ph":"X","pid":"0","tid":"0x10a92c5c0","ts":"364972870541"},{"cat":"function","dur":"30","name":"renderCircle","ph":"X","pid":"0","tid":"0x10a92c5c0","ts":"364972887815"},{"cat":"function","dur":"10","name":"renderQuad","ph":"X","pid":"0","tid":"0x10a92c5c0","ts":"364972887857"},{"cat":"function","dur":"16","name":"renderLine","ph":"X","pid":"0","tid":"0x10a92c5c0","ts":"364972887886"},{"cat":"function","dur":"11","name":"render","ph":"X","pid":"0","tid":"0x10a92c5c0","ts":"364972887912"},{"cat":"function","dur":"9","name":"render","ph":"X","pid":"0","tid":"0x10a92c5c0","ts":"364972887931"},{"cat":"function","dur":"8","name":"render","ph":"X","pid":"0","tid":"0x10a92c5c0","ts":"364972887947"},{"cat":"function","dur":"209","name":"renderFrame","ph":"X","pid":"0","tid":"0x10a92c5c0","ts":"364972887911"},{"cat":"function","dur":"10","name":"renderLine","ph":"X","pid":"0","tid":"0x10a92c5c0","ts":"364972888133"},{"cat":"function","dur":"7","name":"renderLine","ph":"X","pid":"0","tid":"0x10a92c5c0","ts":"364972888153"},{"cat":"function","dur":"16531","name":"loop","ph":"X","pid":"0","tid":"0x10a92c5c0","ts":"364972887797"},{"cat":"function","dur":"117","name":"renderCircle","ph":"X","pid":"0","tid":"0x10a92c5c0","ts":"364972904390"},{"cat":"function","dur":"12","name":"renderQuad","ph":"X","pid":"0","tid":"0x10a92c5c0","ts":"364972904529"},{"cat":"function","dur":"18","name":"renderLine","ph":"X","pid":"0","tid":"0x10a92c5c0","ts":"364972904562"},{"cat":"function","dur":"13","name":"render","ph":"X","pid":"0","tid":"0x10a92c5c0","ts":"364972904590"},{"cat":"function","dur":"8","name":"render","ph":"X","pid":"0","tid":"0x10a92c5c0","ts":"364972904611"},{"cat":"function","dur":"8","name":"render","ph":"X","pid":"0","tid":"0x10a92c5c0","ts":"364972904628"},{"cat":"function","dur":"214","name":"renderFrame","ph":"X","pid":"0","tid":"0x10a92c5c0","ts":"364972904590"},{"cat":"function","dur":"11","name":"renderLine","ph":"X","pid":"0","tid":"0x10a92c5c0","ts":"364972904817"},{"cat":"function","dur":"7","name":"renderLine","ph":"X","pid":"0","tid":"0x10a92c5c0","ts":"364972904838"},{"cat":"function","dur":"17397","name":"loop","ph":"X","pid":"0","tid":"0x10a92c5c0","ts":"364972904370"},{"cat":"function","dur":"31","name":"renderCircle","ph":"X","pid":"0","tid":"0x10a92c5c0","ts":"364972921827"},{"cat":"function","dur":"11","name":"renderQuad","ph":"X","pid":"0","tid":"0x10a92c5c0","ts":"364972921870"},{"cat":"function","dur":"15","name":"renderLine","ph":"X","pid":"0","tid":"0x10a92c5c0","ts":"364972921901"},{"cat":"function","dur":"11","name":"render","ph":"X","pid":"0","tid":"0x10a92c5c0","ts":"364972921927"},{"cat":"function","dur":"8","name":"render","ph":"X","pid":"0","tid":"0x10a92c5c0","ts":"364972921947"},{"cat":"function","dur":"8","name":"render","ph":"X","pid":"0","tid":"0x10a92c5c0","ts":"364972921963"},{"cat":"function","dur":"222","name":"renderFrame","ph":"X","pid":"0","tid":"0x10a92c5c0","ts":"364972921926"},{"cat":"function","dur":"11","name":"renderLine","ph":"X","pid":"0","tid":"0x10a92c5c0","ts":"364972922162"},{"cat":"function","dur":"7","name":"renderLine","ph":"X","pid":"0","tid":"0x10a92c5c0","ts":"364972922183"},{"cat":"function","dur":"17513","name":"loop","ph":"X","pid":"0","tid":"0x10a92c5c0","ts":"364972921806"},{"cat":"function","dur":"52","name":"renderCircle","ph":"X","pid":"0","tid":"0x10a92c5c0","ts":"364972939379"},{"cat":"function","dur":"13","name":"renderQuad","ph":"X","pid":"0","tid":"0x10a92c5c0","ts":"364972939453"},{"cat":"function","dur":"19","name":"renderLine","ph":"X","pid":"0","tid":"0x10a92c5c0","ts":"364972939488"},{"cat":"function","dur":"12","name":"render","ph":"X","pid":"0","tid":"0x10a92c5c0","ts":"364972939537"},{"cat":"function","dur":"8","name":"render","ph":"X","pid":"0","tid":"0x10a92c5c0","ts":"364972939575"},{"cat":"function","dur":"7","name":"render","ph":"X","pid":"0","tid":"0x10a92c5c0","ts":"364972939591"},{"cat":"function","dur":"242","name":"renderFrame","ph":"X","pid":"0","tid":"0x10a92c5c0","ts":"364972939536"},{"cat":"function","dur":"10","name":"renderLine","ph":"X","pid":"0","tid":"0x10a92c5c0","ts":"364972939792"},{"cat":"function","dur":"7","name":"renderLine","ph":"X","pid":"0","tid":"0x10a92c5c0","ts":"364972939813"},{"cat":"function","dur":"17225","name":"loop","ph":"X","pid":"0","tid":"0x10a92c5c0","ts":"364972939359"},{"cat":"function","dur":"32","name":"renderCircle","ph":"X","pid":"0","tid":"0x10a92c5c0","ts":"364972956639"},{"cat":"function","dur":"10","name":"renderQuad","ph":"X","pid":"0","tid":"0x10a92c5c0","ts":"364972956684"},{"cat":"function","dur":"16","name":"renderLine","ph":"X","pid":"0","tid":"0x10a92c5c0","ts":"364972956713"},{"cat":"function","dur":"13","name":"render","ph":"X","pid":"0","tid":"0x10a92c5c0","ts":"364972956739"},{"cat":"function","dur":"8","name":"render","ph":"X","pid":"0","tid":"0x10a92c5c0","ts":"364972956761"},{"cat":"function","dur":"8","name":"render","ph":"X","pid":"0","tid":"0x10a92c5c0","ts":"364972956777"},{"cat":"function","dur":"213","name":"renderFrame","ph":"X","pid":"0","tid":"0x10a92c5c0","ts":"364972956739"},{"cat":"function","dur":"10","name":"renderLine","ph":"X","pid":"0","tid":"0x10a92c5c0","ts":"364972956965"},{"cat":"function","dur":"7","name":"renderLine","ph":"X","pid":"0","tid":"0x10a92c5c0","ts":"364972956985"},{"cat":"function","dur":"16853","name":"loop","ph":"X","pid":"0","tid":"0x10a92c5c0","ts":"364972956620"},{"cat":"function","dur":"40","name":"renderCircle","ph":"X","pid":"0","tid":"0x10a92c5c0","ts":"364972973540"},{"cat":"function","dur":"12","name":"renderQuad","ph":"X","pid":"0","tid":"0x10a92c5c0","ts":"364972973594"},{"cat":"function","dur":"18","name":"renderLine","ph":"X","pid":"0","tid":"0x10a92c5c0","ts":"364972973629"},{"cat":"function","dur":"14","name":"render","ph":"X","pid":"0","tid":"0x10a92c5c0","ts":"364972973658"},{"cat":"function","dur":"9","name":"render","ph":"X","pid":"0","tid":"0x10a92c5c0","ts":"364972973681"},{"cat":"function","dur":"8","name":"render","ph":"X","pid":"0","tid":"0x10a92c5c0","ts":"364972973699"},{"cat":"function","dur":"232","name":"renderFrame","ph":"X","pid":"0","tid":"0x10a92c5c0","ts":"364972973657"},{"cat":"function","dur":"11","name":"renderLine","ph":"X","pid":"0","tid":"0x10a92c5c0","ts":"364972973903"},{"cat":"function","dur":"7","name":"renderLine","ph":"X","pid":"0","tid":"0x10a92c5c0","ts":"364972973925"},{"cat":"function","dur":"17702","name":"loop","ph":"X","pid":"0","tid":"0x10a92c5c0","ts":"364972973514"},{"cat":"function","dur":"33","name":"renderCircle","ph":"X","pid":"0","tid":"0x10a92c5c0","ts":"364972991274"},{"cat":"function","dur":"11","name":"renderQuad","ph":"X","pid":"0","tid":"0x10a92c5c0","ts":"364972991321"},{"cat":"function","dur":"17","name":"renderLine","ph":"X","pid":"0","tid":"0x10a92c5c0","ts":"364972991353"},{"cat":"function","dur":"12","name":"render","ph":"X","pid":"0","tid":"0x10a92c5c0","ts":"364972991381"},{"cat":"function","dur":"9","name":"render","ph":"X","pid":"0","tid":"0x10a92c5c0","ts":"364972991403"},{"cat":"function","dur":"8","name":"render","ph":"X","pid":"0","tid":"0x10a92c5c0","ts":"364972991421"},{"cat":"function","dur":"233","name":"renderFrame","ph":"X","pid":"0","tid":"0x10a92c5c0","ts":"364972991380"},{"cat":"function","dur":"11","name":"renderLine","ph":"X","pid":"0","tid":"0x10a92c5c0","ts":"364972991628"},{"cat":"function","dur":"8","name":"renderLine","ph":"X","pid":"0","tid":"0x10a92c5c0","ts":"364972991650"},{"cat":"function","dur":"16808","name":"loop","ph":"X","pid":"0","tid":"0x10a92c5c0","ts":"364972991254"},{"cat":"function","dur":"36","name":"renderCircle","ph":"X","pid":"0","tid":"0x10a92c5c0","ts":"364973008131"},{"cat":"function","dur":"12","name":"renderQuad","ph":"X","pid":"0","tid":"0x10a92c5c0","ts":"364973008181"},{"cat":"function","dur":"19","name":"renderLine","ph":"X","pid":"0","tid":"0x10a92c5c0","ts":"364973008234"},{"cat":"function","dur":"14","name":"render","ph":"X","pid":"0","tid":"0x10a92c5c0","ts":"364973008265"},{"cat":"function","dur":"9","name":"render","ph":"X","pid":"0","tid":"0x10a92c5c0","ts":"364973008289"},{"cat":"function","dur":"8","name":"render","ph":"X","pid":"0","tid":"0x10a92c5c0","ts":"364973008306"},{"cat":"function","dur":"232","name":"renderFrame","ph":"X","pid":"0","tid":"0x10a92c5c0","ts":"364973008265"},{"cat":"function","dur":"11","name":"renderLine","ph":"X","pid":"0","tid":"0x10a92c5c0","ts":"364973008512"},{"cat":"function","dur":"8","name":"renderLine","ph":"X","pid":"0","tid":"0x10a92c5c0","ts":"364973008534"},{"cat":"function","dur":"16644","name":"loop","ph":"X","pid":"0","tid":"0x10a92c5c0","ts":"364973008107"},{"cat":"function","dur":"28","name":"renderCircle","ph":"X","pid":"0","tid":"0x10a92c5c0","ts":"364973024802"},{"cat":"function","dur":"12","name":"renderQuad","ph":"X","pid":"0","tid":"0x10a92c5c0","ts":"364973024843"},{"cat":"function","dur":"28","name":"renderLine","ph":"X","pid":"0","tid":"0x10a92c5c0","ts":"364973024876"},{"cat":"function","dur":"25","name":"render","ph":"X","pid":"0","tid":"0x10a92c5c0","ts":"364973024913"},{"cat":"function","dur":"9","name":"render","ph":"X","pid":"0","tid":"0x10a92c5c0","ts":"364973024947"},{"cat":"function","dur":"8","name":"render","ph":"X","pid":"0","tid":"0x10a92c5c0","ts":"364973024964"},{"cat":"function","dur":"245","name":"renderFrame","ph":"X","pid":"0","tid":"0x10a92c5c0","ts":"364973024912"},{"cat":"function","dur":"11","name":"renderLine","ph":"X","pid":"0","tid":"0x10a92c5c0","ts":"364973025170"},{"cat":"function","dur":"7","name":"renderLine","ph":"X","pid":"0","tid":"0x10a92c5c0","ts":"364973025191"},{"cat":"function","dur":"17679","name":"loop","ph":"X","pid":"0","tid":"0x10a92c5c0","ts":"364973024782"},{"cat":"function","dur":"33","name":"renderCircle","ph":"X","pid":"0","tid":"0x10a92c5c0","ts":"364973042520"},{"cat":"function","dur":"11","name":"renderQuad","ph":"X","pid":"0","tid":"0x10a92c5c0","ts":"364973042566"},{"cat":"function","dur":"17","name":"renderLine","ph":"X","pid":"0","tid":"0x10a92c5c0","ts":"364973042598"},{"cat":"function","dur":"12","name":"render","ph":"X","pid":"0","tid":"0x10a92c5c0","ts":"364973042626"},{"cat":"function","dur":"8","name":"render","ph":"X","pid":"0","tid":"0x10a92c5c0","ts":"364973042648"},{"cat":"function","dur":"8","name":"render","ph":"X","pid":"0","tid":"0x10a92c5c0","ts":"364973042665"},{"cat":"function","dur":"232","name":"renderFrame","ph":"X","pid":"0","tid":"0x10a92c5c0","ts":"364973042625"},{"cat":"function","dur":"11","name":"renderLine","ph":"X","pid":"0","tid":"0x10a92c5c0","ts":"364973042871"},{"cat":"function","dur":"8","name":"renderLine","ph":"X","pid":"0","tid":"0x10a92c5c0","ts":"364973042892"},{"cat":"function","dur":"17881","name":"loop","ph":"X","pid":"0","tid":"0x10a92c5c0","ts":"364973042500"},{"cat":"function","dur":"35","name":"renderCircle","ph":"X","pid":"0","tid":"0x10a92c5c0","ts":"364973060465"},{"cat":"function","dur":"10","name":"renderQuad","ph":"X","pid":"0","tid":"0x10a92c5c0","ts":"364973060513"},{"cat":"function","dur":"17","name":"renderLine","ph":"X","pid":"0","tid":"0x10a92c5c0","ts":"364973060544"},{"cat":"function","dur":"12","name":"render","ph":"X","pid":"0","tid":"0x10a92c5c0","ts":"364973060571"},{"cat":"function","dur":"8","name":"render","ph":"X","pid":"0","tid":"0x10a92c5c0","ts":"364973060592"},{"cat":"function","dur":"7","name":"render","ph":"X","pid":"0","tid":"0x10a92c5c0","ts":"364973060608"},{"cat":"function","dur":"235","name":"renderFrame","ph":"X","pid":"0","tid":"0x10a92c5c0","ts":"364973060570"},{"cat":"function","dur":"12","name":"renderLine","ph":"X","pid":"0","tid":"0x10a92c5c0","ts":"364973060821"},{"cat":"function","dur":"8","name":"renderLine","ph":"X","pid":"0","tid":"0x10a92c5c0","ts":"364973060843"},{"cat":"function","dur":"16422","name":"loop","ph":"X","pid":"0","tid":"0x10a92c5c0","ts":"364973060441"},{"cat":"function","dur":"32","name":"renderCircle","ph":"X","pid":"0","tid":"0x10a92c5c0","ts":"364973076922"},{"cat":"function","dur":"12","name":"renderQuad","ph":"X","pid":"0","tid":"0x10a92c5c0","ts":"364973076986"},{"cat":"function","dur":"17","name":"renderLine","ph":"X","pid":"0","tid":"0x10a92c5c0","ts":"364973077019"},{"cat":"function","dur":"12","name":"render","ph":"X","pid":"0","tid":"0x10a92c5c0","ts":"364973077047"},{"cat":"function","dur":"8","name":"render","ph":"X","pid":"0","tid":"0x10a92c5c0","ts":"364973077069"},{"cat":"function","dur":"7","name":"render","ph":"X","pid":"0","tid":"0x10a92c5c0","ts":"364973077086"},{"cat":"function","dur":"225","name":"renderFrame","ph":"X","pid":"0","tid":"0x10a92c5c0","ts":"364973077046"},{"cat":"function","dur":"11","name":"renderLine","ph":"X","pid":"0","tid":"0x10a92c5c0","ts":"364973077284"},{"cat":"function","dur":"7","name":"renderLine","ph":"X","pid":"0","tid":"0x10a92c5c0","ts":"364973077306"},{"cat":"function","dur":"16563","name":"loop","ph":"X","pid":"0","tid":"0x10a92c5c0","ts":"364973076902"},{"cat":"function","dur":"35","name":"renderCircle","ph":"X","pid":"0","tid":"0x10a92c5c0","ts":"364973093526"},{"cat":"function","dur":"11","name":"renderQuad","ph":"X","pid":"0","tid":"0x10a92c5c0","ts":"364973093574"},{"cat":"function","dur":"16","name":"renderLine","ph":"X","pid":"0","tid":"0x10a92c5c0","ts":"364973093605"},{"cat":"function","dur":"11","name":"render","ph":"X","pid":"0","tid":"0x10a92c5c0","ts":"364973093632"},{"cat":"function","dur":"8","name":"render","ph":"X","pid":"0","tid":"0x10a92c5c0","ts":"364973093652"},{"cat":"function","dur":"7","name":"render","ph":"X","pid":"0","tid":"0x10a92c5c0","ts":"364973093669"},{"cat":"function","dur":"216","name":"renderFrame","ph":"X","pid":"0","tid":"0x10a92c5c0","ts":"364973093631"},{"cat":"function","dur":"11","name":"renderLine","ph":"X","pid":"0","tid":"0x10a92c5c0","ts":"364973093863"},{"cat":"function","dur":"8","name":"renderLine","ph":"X","pid":"0","tid":"0x10a92c5c0","ts":"364973093885"},{"cat":"function","dur":"17893","name":"loop","ph":"X","pid":"0","tid":"0x10a92c5c0","ts":"364973093505"},{"cat":"function","dur":"34","name":"renderCircle","ph":"X","pid":"0","tid":"0x10a92c5c0","ts":"364973111456"},{"cat":"function","dur":"10","name":"renderQuad","ph":"X","pid":"0","tid":"0x10a92c5c0","ts":"364973111503"},{"cat":"function","dur":"17","name":"renderLine","ph":"X","pid":"0","tid":"0x10a92c5c0","ts":"364973111533"},{"cat":"function","dur":"12","name":"render","ph":"X","pid":"0","tid":"0x10a92c5c0","ts":"364973111561"},{"cat":"function","dur":"8","name":"render","ph":"X","pid":"0","tid":"0x10a92c5c0","ts":"364973111582"},{"cat":"function","dur":"8","name":"render","ph":"X","pid":"0","tid":"0x10a92c5c0","ts":"364973111598"},{"cat":"function","dur":"223","name":"renderFrame","ph":"X","pid":"0","tid":"0x10a92c5c0","ts":"364973111560"},{"cat":"function","dur":"11","name":"renderLine","ph":"X","pid":"0","tid":"0x10a92c5c0","ts":"364973111796"},{"cat":"function","dur":"8","name":"renderLine","ph":"X","pid":"0","tid":"0x10a92c5c0","ts":"364973111817"},{"cat":"function","dur":"17184","name":"loop","ph":"X","pid":"0","tid":"0x10a92c5c0","ts":"364973111437"},{"cat":"function","dur":"39","name":"renderCircle","ph":"X","pid":"0","tid":"0x10a92c5c0","ts":"364973128716"},{"cat":"function","dur":"12","name":"renderQuad","ph":"X","pid":"0","tid":"0x10a92c5c0","ts":"364973128768"},{"cat":"function","dur":"17","name":"renderLine","ph":"X","pid":"0","tid":"0x10a92c5c0","ts":"364973128803"},{"cat":"function","dur":"13","name":"render","ph":"X","pid":"0","tid":"0x10a92c5c0","ts":"364973128832"},{"cat":"function","dur":"9","name":"render","ph":"X","pid":"0","tid":"0x10a92c5c0","ts":"364973128855"},{"cat":"function","dur":"8","name":"render","ph":"X","pid":"0","tid":"0x10a92c5c0","ts":"364973128873"},{"cat":"function","dur":"246","name":"renderFrame","ph":"X","pid":"0","tid":"0x10a92c5c0","ts":"364973128831"},{"cat":"function","dur":"13","name":"renderLine","ph":"X","pid":"0","tid":"0x10a92c5c0","ts":"364973129094"},{"cat":"function","dur":"9","name":"renderLine","ph":"X","pid":"0","tid":"0x10a92c5c0","ts":"364973129120"},{"cat":"function","dur":"17205","name":"loop","ph":"X","pid":"0","tid":"0x10a92c5c0","ts":"364973128691"},{"cat":"function","dur":"31","name":"renderCircle","ph":"X","pid":"0","tid":"0x10a92c5c0","ts":"364973145950"},{"cat":"function","dur":"13","name":"renderQuad","ph":"X","pid":"0","tid":"0x10a92c5c0","ts":"364973145996"},{"cat":"function","dur":"16","name":"renderLine","ph":"X","pid":"0","tid":"0x10a92c5c0","ts":"364973146029"},{"cat":"function","dur":"12","name":"render","ph":"X","pid":"0","tid":"0x10a92c5c0","ts":"364973146055"},{"cat":"function","dur":"8","name":"render","ph":"X","pid":"0","tid":"0x10a92c5c0","ts":"364973146075"},{"cat":"function","dur":"8","name":"render","ph":"X","pid":"0","tid":"0x10a92c5c0","ts":"364973146091"},{"cat":"function","dur":"216","name":"renderFrame","ph":"X","pid":"0","tid":"0x10a92c5c0","ts":"364973146054"},{"cat":"function","dur":"11","name":"renderLine","ph":"X","pid":"0","tid":"0x10a92c5c0","ts":"364973146284"},{"cat":"function","dur":"7","name":"renderLine","ph":"X","pid":"0","tid":"0x10a92c5c0","ts":"364973146305"},{"cat":"function","dur":"16909","name":"loop","ph":"X","pid":"0","tid":"0x10a92c5c0","ts":"364973145932"},{"cat":"function","dur":"36","name":"renderCircle","ph":"X","pid":"0","tid":"0x10a92c5c0","ts":"364973162899"},{"cat":"function","dur":"12","name":"renderQuad","ph":"X","pid":"0","tid":"0x10a92c5c0","ts":"364973162948"},{"cat":"function","dur":"17","name":"renderLine","ph":"X","pid":"0","tid":"0x10a92c5c0","ts":"364973162980"},{"cat":"function","dur":"13","name":"render","ph":"X","pid":"0","tid":"0x10a92c5c0","ts":"364973163008"},{"cat":"function","dur":"8","name":"render","ph":"X","pid":"0","tid":"0x10a92c5c0","ts":"364973163030"},{"cat":"function","dur":"8","name":"render","ph":"X","pid":"0","tid":"0x10a92c5c0","ts":"364973163046"},{"cat":"function","dur":"225","name":"renderFrame","ph":"X","pid":"0","tid":"0x10a92c5c0","ts":"364973163007"},{"cat":"function","dur":"11","name":"renderLine","ph":"X","pid":"0","tid":"0x10a92c5c0","ts":"364973163246"},{"cat":"function","dur":"7","name":"renderLine","ph":"X","pid":"0","tid":"0x10a92c5c0","ts":"364973163268"},{"cat":"function","dur":"17715","name":"loop","ph":"X","pid":"0","tid":"0x10a92c5c0","ts":"364973162878"},{"cat":"function","dur":"35","name":"renderCircle","ph":"X","pid":"0","tid":"0x10a92c5c0","ts":"364973180650"},{"cat":"function","dur":"25","name":"renderQuad","ph":"X","pid":"0","tid":"0x10a92c5c0","ts":"364973180697"},{"cat":"function","dur":"17","name":"renderLine","ph":"X","pid":"0","tid":"0x10a92c5c0","ts":"364973180743"},{"cat":"function","dur":"12","name":"render","ph":"X","pid":"0","tid":"0x10a92c5c0","ts":"364973180771"},{"cat":"function","dur":"9","name":"render","ph":"X","pid":"0","tid":"0x10a92c5c0","ts":"364973180792"},{"cat":"function","dur":"8","name":"render","ph":"X","pid":"0","tid":"0x10a92c5c0","ts":"364973180809"},{"cat":"function","dur":"225","name":"renderFrame","ph":"X","pid":"0","tid":"0x10a92c5c0","ts":"364973180770"},{"cat":"function","dur":"11","name":"renderLine","ph":"X","pid":"0","tid":"0x10a92c5c0","ts":"364973181009"},{"cat":"function","dur":"7","name":"renderLine","ph":"X","pid":"0","tid":"0x10a92c5c0","ts":"364973181031"},{"cat":"function","dur":"17108","name":"loop","ph":"X","pid":"0","tid":"0x10a92c5c0","ts":"364973180629"},{"cat":"function","dur":"48","name":"renderCircle","ph":"X","pid":"0","tid":"0x10a92c5c0","ts":"364973197814"},{"cat":"function","dur":"12","name":"renderQuad","ph":"X","pid":"0","tid":"0x10a92c5c0","ts":"364973197876"},{"cat":"function","dur":"20","name":"renderLine","ph":"X","pid":"0","tid":"0x10a92c5c0","ts":"364973197912"},{"cat":"function","dur":"15","name":"render","ph":"X","pid":"0","tid":"0x10a92c5c0","ts":"364973197943"},{"cat":"function","dur":"9","name":"render","ph":"X","pid":"0","tid":"0x10a92c5c0","ts":"364973197967"},{"cat":"function","dur":"8","name":"render","ph":"X","pid":"0","tid":"0x10a92c5c0","ts":"364973197985"},{"cat":"function","dur":"248","name":"renderFrame","ph":"X","pid":"0","tid":"0x10a92c5c0","ts":"364973197942"},{"cat":"function","dur":"14","name":"renderLine","ph":"X","pid":"0","tid":"0x10a92c5c0","ts":"364973198234"},{"cat":"function","dur":"8","name":"renderLine","ph":"X","pid":"0","tid":"0x10a92c5c0","ts":"364973198261"},{"cat":"function","dur":"17314","name":"loop","ph":"X","pid":"0","tid":"0x10a92c5c0","ts":"364973197787"},{"cat":"function","dur":"38","name":"renderCircle","ph":"X","pid":"0","tid":"0x10a92c5c0","ts":"364973215163"},{"cat":"function","dur":"11","name":"renderQuad","ph":"X","pid":"0","tid":"0x10a92c5c0","ts":"364973215214"},{"cat":"function","dur":"17","name":"renderLine","ph":"X","pid":"0","tid":"0x10a92c5c0","ts":"364973215246"},{"cat":"function","dur":"13","name":"render","ph":"X","pid":"0","tid":"0x10a92c5c0","ts":"364973215274"},{"cat":"function","dur":"9","name":"render","ph":"X","pid":"0","tid":"0x10a92c5c0","ts":"364973215297"},{"cat":"function","dur":"8","name":"render","ph":"X","pid":"0","tid":"0x10a92c5c0","ts":"364973215314"},{"cat":"function","dur":"228","name":"renderFrame","ph":"X","pid":"0","tid":"0x10a92c5c0","ts":"364973215274"},{"cat":"function","dur":"11","name":"renderLine","ph":"X","pid":"0","tid":"0x10a92c5c0","ts":"364973215516"},{"cat":"function","dur":"8","name":"renderLine","ph":"X","pid":"0","tid":"0x10a92c5c0","ts":"364973215538"},{"cat":"function","dur":"17787","name":"loop","ph":"X","pid":"0","tid":"0x10a92c5c0","ts":"364973215141"},{"cat":"function","dur":"42","name":"renderCircle","ph":"X","pid":"0","tid":"0x10a92c5c0","ts":"364973233022"},{"cat":"function","dur":"12","name":"renderQuad","ph":"X","pid":"0","tid":"0x10a92c5c0","ts":"364973233079"},{"cat":"function","dur":"19","name":"renderLine","ph":"X","pid":"0","tid":"0x10a92c5c0","ts":"364973233116"},{"cat":"function","dur":"14","name":"render","ph":"X","pid":"0","tid":"0x10a92c5c0","ts":"364973233147"},{"cat":"function","dur":"9","name":"render","ph":"X","pid":"0","tid":"0x10a92c5c0","ts":"364973233171"},{"cat":"function","dur":"8","name":"render","ph":"X","pid":"0","tid":"0x10a92c5c0","ts":"364973233189"},{"cat":"function","dur":"247","name":"renderFrame","ph":"X","pid":"0","tid":"0x10a92c5c0","ts":"364973233146"},{"cat":"function","dur":"12","name":"renderLine","ph":"X","pid":"0","tid":"0x10a92c5c0","ts":"364973233409"},{"cat":"function","dur":"7","name":"renderLine","ph":"X","pid":"0","tid":"0x10a92c5c0","ts":"364973233433"},{"cat":"function","dur":"16463","name":"loop","ph":"X","pid":"0","tid":"0x10a92c5c0","ts":"364973232996"},{"cat":"function","dur":"37","name":"renderCircle","ph":"X","pid":"0","tid":"0x10a92c5c0","ts":"364973249520"},{"cat":"function","dur":"12","name":"renderQuad","ph":"X","pid":"0","tid":"0x10a92c5c0","ts":"364973249574"},{"cat":"function","dur":"18","name":"renderLine","ph":"X","pid":"0","tid":"0x10a92c5c0","ts":"364973249610"},{"cat":"function","dur":"14","name":"render","ph":"X","pid":"0","tid":"0x10a92c5c0","ts":"364973249639"},{"cat":"function","dur":"8","name":"render","ph":"X","pid":"0","tid":"0x10a92c5c0","ts":"364973249662"},{"cat":"function","dur":"8","name":"render","ph":"X","pid":"0","tid":"0x10a92c5c0","ts":"364973249679"},{"cat":"function","dur":"244","name":"renderFrame","ph":"X","pid":"0","tid":"0x10a92c5c0","ts":"364973249638"},{"cat":"function","dur":"12","name":"renderLine","ph":"X","pid":"0","tid":"0x10a92c5c0","ts":"364973249896"},{"cat":"function","dur":"7","name":"renderLine","ph":"X","pid":"0","tid":"0x10a92c5c0","ts":"364973249918"},{"cat":"function","dur":"17422","name":"loop","ph":"X","pid":"0","tid":"0x10a92c5c0","ts":"364973249498"},{"cat":"function","dur":"60","name":"renderCircle","ph":"X","pid":"0","tid":"0x10a92c5c0","ts":"364973267030"},{"cat":"function","dur":"22","name":"renderQuad","ph":"X","pid":"0","tid":"0x10a92c5c0","ts":"364973267105"},{"cat":"function","dur":"22","name":"renderLine","ph":"X","pid":"0","tid":"0x10a92c5c0","ts":"364973267157"},{"cat":"function","dur":"16","name":"render","ph":"X","pid":"0","tid":"0x10a92c5c0","ts":"364973267191"},{"cat":"function","dur":"10","name":"render","ph":"X","pid":"0","tid":"0x10a92c5c0","ts":"364973267217"},{"cat":"function","dur":"10","name":"render","ph":"X","pid":"0","tid":"0x10a92c5c0","ts":"364973267258"},{"cat":"function","dur":"302","name":"renderFrame","ph":"X","pid":"0","tid":"0x10a92c5c0","ts":"364973267190"},{"cat":"function","dur":"17","name":"renderLine","ph":"X","pid":"0","tid":"0x10a92c5c0","ts":"364973267515"},{"cat":"function","dur":"10","name":"renderLine","ph":"X","pid":"0","tid":"0x10a92c5c0","ts":"364973267546"},{"cat":"function","dur":"16491","name":"loop","ph":"X","pid":"0","tid":"0x10a92c5c0","ts":"364973266992"},{"cat":"function","dur":"37","name":"renderCircle","ph":"X","pid":"0","tid":"0x10a92c5c0","ts":"364973283550"},{"cat":"function","dur":"11","name":"renderQuad","ph":"X","pid":"0","tid":"0x10a92c5c0","ts":"364973283603"},{"cat":"function","dur":"34","name":"renderLine","ph":"X","pid":"0","tid":"0x10a92c5c0","ts":"364973283636"},{"cat":"function","dur":"16","name":"render","ph":"X","pid":"0","tid":"0x10a92c5c0","ts":"364973283686"},{"cat":"function","dur":"9","name":"render","ph":"X","pid":"0","tid":"0x10a92c5c0","ts":"364973283712"},{"cat":"function","dur":"8","name":"render","ph":"X","pid":"0","tid":"0x10a92c5c0","ts":"364973283730"},{"cat":"function","dur":"243","name":"renderFrame","ph":"X","pid":"0","tid":"0x10a92c5c0","ts":"364973283685"},{"cat":"function","dur":"12","name":"renderLine","ph":"X","pid":"0","tid":"0x10a92c5c0","ts":"364973283945"},{"cat":"function","dur":"8","name":"renderLine","ph":"X","pid":"0","tid":"0x10a92c5c0","ts":"364973283969"},{"cat":"function","dur":"17804","name":"loop","ph":"X","pid":"0","tid":"0x10a92c5c0","ts":"364973283523"},{"cat":"function","dur":"70","name":"renderCircle","ph":"X","pid":"0","tid":"0x10a92c5c0","ts":"364973301471"},{"cat":"function","dur":"16","name":"renderQuad","ph":"X","pid":"0","tid":"0x10a92c5c0","ts":"364973301563"},{"cat":"function","dur":"25","name":"renderLine","ph":"X","pid":"0","tid":"0x10a92c5c0","ts":"364973301605"},{"cat":"function","dur":"17","name":"render","ph":"X","pid":"0","tid":"0x10a92c5c0","ts":"364973301642"},{"cat":"function","dur":"11","name":"render","ph":"X","pid":"0","tid":"0x10a92c5c0","ts":"364973301669"},{"cat":"function","dur":"9","name":"render","ph":"X","pid":"0","tid":"0x10a92c5c0","ts":"364973301689"},{"cat":"function","dur":"251","name":"renderFrame","ph":"X","pid":"0","tid":"0x10a92c5c0","ts":"364973301641"},{"cat":"function","dur":"12","name":"renderLine","ph":"X","pid":"0","tid":"0x10a92c5c0","ts":"364973301907"},{"cat":"function","dur":"8","name":"renderLine","ph":"X","pid":"0","tid":"0x10a92c5c0","ts":"364973301930"},{"cat":"function","dur":"16402","name":"loop","ph":"X","pid":"0","tid":"0x10a92c5c0","ts":"364973301422"},{"cat":"function","dur":"34","name":"renderCircle","ph":"X","pid":"0","tid":"0x10a92c5c0","ts":"364973317881"},{"cat":"function","dur":"11","name":"renderQuad","ph":"X","pid":"0","tid":"0x10a92c5c0","ts":"364973317929"},{"cat":"function","dur":"16","name":"renderLine","ph":"X","pid":"0","tid":"0x10a92c5c0","ts":"364973317961"},{"cat":"function","dur":"13","name":"render","ph":"X","pid":"0","tid":"0x10a92c5c0","ts":"364973317987"},{"cat":"function","dur":"8","name":"render","ph":"X","pid":"0","tid":"0x10a92c5c0","ts":"364973318009"},{"cat":"function","dur":"7","name":"render","ph":"X","pid":"0","tid":"0x10a92c5c0","ts":"364973318026"},{"cat":"function","dur":"222","name":"renderFrame","ph":"X","pid":"0","tid":"0x10a92c5c0","ts":"364973317987"},{"cat":"function","dur":"11","name":"renderLine","ph":"X","pid":"0","tid":"0x10a92c5c0","ts":"364973318222"},{"cat":"function","dur":"7","name":"renderLine","ph":"X","pid":"0","tid":"0x10a92c5c0","ts":"364973318244"},{"cat":"function","dur":"17936","name":"loop","ph":"X","pid":"0","tid":"0x10a92c5c0","ts":"364973317860"},{"cat":"function","dur":"56","name":"renderCircle","ph":"X","pid":"0","tid":"0x10a92c5c0","ts":"364973335896"},{"cat":"function","dur":"13","name":"renderQuad","ph":"X","pid":"0","tid":"0x10a92c5c0","ts":"364973335968"},{"cat":"function","dur":"23","name":"renderLine","ph":"X","pid":"0","tid":"0x10a92c5c0","ts":"364973336005"},{"cat":"function","dur":"18","name":"render","ph":"X","pid":"0","tid":"0x10a92c5c0","ts":"364973336063"},{"cat":"function","dur":"10","name":"render","ph":"X","pid":"0","tid":"0x10a92c5c0","ts":"364973336092"},{"cat":"function","dur":"9","name":"render","ph":"X","pid":"0","tid":"0x10a92c5c0","ts":"364973336111"},{"cat":"function","dur":"255","name":"renderFrame","ph":"X","pid":"0","tid":"0x10a92c5c0","ts":"364973336062"},{"cat":"function","dur":"12","name":"renderLine","ph":"X","pid":"0","tid":"0x10a92c5c0","ts":"364973336333"},{"cat":"function","dur":"8","name":"renderLine","ph":"X","pid":"0","tid":"0x10a92c5c0","ts":"364973336357"},{"cat":"function","dur":"17207","name":"loop","ph":"X","pid":"0","tid":"0x10a92c5c0","ts":"364973335864"},{"cat":"function","dur":"34","name":"renderCircle","ph":"X","pid":"0","tid":"0x10a92c5c0","ts":"364973353128"},{"cat":"function","dur":"11","name":"renderQuad","ph":"X","pid":"0","tid":"0x10a92c5c0","ts":"364973353174"},{"cat":"function","dur":"16","name":"renderLine","ph":"X","pid":"0","tid":"0x10a92c5c0","ts":"364973353205"},{"cat":"function","dur":"13","name":"render","ph":"X","pid":"0","tid":"0x10a92c5c0","ts":"364973353231"},{"cat":"function","dur":"9","name":"render","ph":"X","pid":"0","tid":"0x10a92c5c0","ts":"364973353252"},{"cat":"function","dur":"7","name":"render","ph":"X","pid":"0","tid":"0x10a92c5c0","ts":"364973353269"},{"cat":"function","dur":"218","name":"renderFrame","ph":"X","pid":"0","tid":"0x10a92c5c0","ts":"364973353231"},{"cat":"function","dur":"11","name":"renderLine","ph":"X","pid":"0","tid":"0x10a92c5c0","ts":"364973353462"},{"cat":"function","dur":"7","name":"renderLine","ph":"X","pid":"0","tid":"0x10a92c5c0","ts":"364973353483"},{"cat":"function","dur":"16875","name":"loop","ph":"X","pid":"0","tid":"0x10a92c5c0","ts":"364973353107"},{"cat":"function","dur":"62","name":"renderCircle","ph":"X","pid":"0","tid":"0x10a92c5c0","ts":"364973370066"},{"cat":"function","dur":"17","name":"renderQuad","ph":"X","pid":"0","tid":"0x10a92c5c0","ts":"364973370148"},{"cat":"function","dur":"28","name":"renderLine","ph":"X","pid":"0","tid":"0x10a92c5c0","ts":"364973370191"},{"cat":"function","dur":"25","name":"render","ph":"X","pid":"0","tid":"0x10a92c5c0","ts":"364973370235"},{"cat":"function","dur":"10","name":"render","ph":"X","pid":"0","tid":"0x10a92c5c0","ts":"364973370273"},{"cat":"function","dur":"8","name":"render","ph":"X","pid":"0","tid":"0x10a92c5c0","ts":"364973370293"},{"cat":"function","dur":"366","name":"renderFrame","ph":"X","pid":"0","tid":"0x10a92c5c0","ts":"364973370234"},{"cat":"function","dur":"18","name":"renderLine","ph":"X","pid":"0","tid":"0x10a92c5c0","ts":"364973370626"},{"cat":"function","dur":"9","name":"renderLine","ph":"X","pid":"0","tid":"0x10a92c5c0","ts":"364973370658"},{"cat":"function","dur":"16734","name":"loop","ph":"X","pid":"0","tid":"0x10a92c5c0","ts":"364973370033"},{"cat":"function","dur":"34","name":"renderCircle","ph":"X","pid":"0","tid":"0x10a92c5c0","ts":"364973386830"},{"cat":"function","dur":"12","name":"renderQuad","ph":"X","pid":"0","tid":"0x10a92c5c0","ts":"364973386878"},{"cat":"function","dur":"14","name":"renderLine","ph":"X","pid":"0","tid":"0x10a92c5c0","ts":"364973386911"},{"cat":"function","dur":"12","name":"render","ph":"X","pid":"0","tid":"0x10a92c5c0","ts":"364973386936"},{"cat":"function","dur":"8","name":"render","ph":"X","pid":"0","tid":"0x10a92c5c0","ts":"364973386958"},{"cat":"function","dur":"8","name":"render","ph":"X","pid":"0","tid":"0x10a92c5c0","ts":"364973386975"},{"cat":"function","dur":"229","name":"renderFrame","ph":"X","pid":"0","tid":"0x10a92c5c0","ts":"364973386935"},{"cat":"function","dur":"11","name":"renderLine","ph":"X","pid":"0","tid":"0x10a92c5c0","ts":"364973387178"},{"cat":"function","dur":"8","name":"renderLine","ph":"X","pid":"0","tid":"0x10a92c5c0","ts":"364973387200"},{"cat":"function","dur":"17232","name":"loop","ph":"X","pid":"0","tid":"0x10a92c5c0","ts":"364973386807"},{"cat":"function","dur":"34","name":"renderCircle","ph":"X","pid":"0","tid":"0x10a92c5c0","ts":"364973404114"},{"cat":"function","dur":"13","name":"renderQuad","ph":"X","pid":"0","tid":"0x10a92c5c0","ts":"364973404181"},{"cat":"function","dur":"16","name":"renderLine","ph":"X","pid":"0","tid":"0x10a92c5c0","ts":"364973404218"},{"cat":"function","dur":"14","name":"render","ph":"X","pid":"0","tid":"0x10a92c5c0","ts":"364973404246"},{"cat":"function","dur":"9","name":"render","ph":"X","pid":"0","tid":"0x10a92c5c0","ts":"364973404269"},{"cat":"function","dur":"9","name":"render","ph":"X","pid":"0","tid":"0x10a92c5c0","ts":"364973404287"},{"cat":"function","dur":"239","name":"renderFrame","ph":"X","pid":"0","tid":"0x10a92c5c0","ts":"364973404245"},{"cat":"function","dur":"12","name":"renderLine","ph":"X","pid":"0","tid":"0x10a92c5c0","ts":"364973404498"},{"cat":"function","dur":"8","name":"renderLine","ph":"X","pid":"0","tid":"0x10a92c5c0","ts":"364973404522"},{"cat":"function","dur":"17513","name":"loop","ph":"X","pid":"0","tid":"0x10a92c5c0","ts":"364973404089"},{"cat":"function","dur":"35","name":"renderCircle","ph":"X","pid":"0","tid":"0x10a92c5c0","ts":"364973421664"},{"cat":"function","dur":"11","name":"renderQuad","ph":"X","pid":"0","tid":"0x10a92c5c0","ts":"364973421712"},{"cat":"function","dur":"17","name":"renderLine","ph":"X","pid":"0","tid":"0x10a92c5c0","ts":"364973421744"},{"cat":"function","dur":"15","name":"render","ph":"X","pid":"0","tid":"0x10a92c5c0","ts":"364973421775"},{"cat":"function","dur":"9","name":"render","ph":"X","pid":"0","tid":"0x10a92c5c0","ts":"364973421800"},{"cat":"function","dur":"8","name":"render","ph":"X","pid":"0","tid":"0x10a92c5c0","ts":"364973421817"},{"cat":"function","dur":"230","name":"renderFrame","ph":"X","pid":"0","tid":"0x10a92c5c0","ts":"364973421774"},{"cat":"function","dur":"12","name":"renderLine","ph":"X","pid":"0","tid":"0x10a92c5c0","ts":"364973422018"},{"cat":"function","dur":"9","name":"renderLine","ph":"X","pid":"0","tid":"0x10a92c5c0","ts":"364973422043"},{"cat":"function","dur":"17018","name":"loop","ph":"X","pid":"0","tid":"0x10a92c5c0","ts":"364973421641"},{"cat":"function","dur":"38","name":"renderCircle","ph":"X","pid":"0","tid":"0x10a92c5c0","ts":"364973438726"},{"cat":"function","dur":"11","name":"renderQuad","ph":"X","pid":"0","tid":"0x10a92c5c0","ts":"364973438779"},{"cat":"function","dur":"19","name":"renderLine","ph":"X","pid":"0","tid":"0x10a92c5c0","ts":"364973438811"},{"cat":"function","dur":"13","name":"render","ph":"X","pid":"0","tid":"0x10a92c5c0","ts":"364973438841"},{"cat":"function","dur":"9","name":"render","ph":"X","pid":"0","tid":"0x10a92c5c0","ts":"364973438864"},{"cat":"function","dur":"8","name":"render","ph":"X","pid":"0","tid":"0x10a92c5c0","ts":"364973438882"},{"cat":"function","dur":"236","name":"renderFrame","ph":"X","pid":"0","tid":"0x10a92c5c0","ts":"364973438840"},{"cat":"function","dur":"12","name":"renderLine","ph":"X","pid":"0","tid":"0x10a92c5c0","ts":"364973439091"},{"cat":"function","dur":"8","name":"renderLine","ph":"X","pid":"0","tid":"0x10a92c5c0","ts":"364973439114"},{"cat":"function","dur":"18042","name":"loop","ph":"X","pid":"0","tid":"0x10a92c5c0","ts":"364973438701"},{"cat":"function","dur":"39","name":"renderCircle","ph":"X","pid":"0","tid":"0x10a92c5c0","ts":"364973456803"},{"cat":"function","dur":"11","name":"renderQuad","ph":"X","pid":"0","tid":"0x10a92c5c0","ts":"364973456856"},{"cat":"function","dur":"17","name":"renderLine","ph":"X","pid":"0","tid":"0x10a92c5c0","ts":"364973456887"},{"cat":"function","dur":"13","name":"render","ph":"X","pid":"0","tid":"0x10a92c5c0","ts":"364973456915"},{"cat":"function","dur":"8","name":"render","ph":"X","pid":"0","tid":"0x10a92c5c0","ts":"364973456937"},{"cat":"function","dur":"8","name":"render","ph":"X","pid":"0","tid":"0x10a92c5c0","ts":"364973456953"},{"cat":"function","dur":"223","name":"renderFrame","ph":"X","pid":"0","tid":"0x10a92c5c0","ts":"364973456914"},{"cat":"function","dur":"11","name":"renderLine","ph":"X","pid":"0","tid":"0x10a92c5c0","ts":"364973457151"},{"cat":"function","dur":"7","name":"renderLine","ph":"X","pid":"0","tid":"0x10a92c5c0","ts":"364973457172"},{"cat":"function","dur":"17655","name":"loop","ph":"X","pid":"0","tid":"0x10a92c5c0","ts":"364973456781"},{"cat":"function","dur":"36","name":"renderCircle","ph":"X","pid":"0","tid":"0x10a92c5c0","ts":"364973474495"},{"cat":"function","dur":"11","name":"renderQuad","ph":"X","pid":"0","tid":"0x10a92c5c0","ts":"364973474544"},{"cat":"function","dur":"17","name":"renderLine","ph":"X","pid":"0","tid":"0x10a92c5c0","ts":"364973474577"},{"cat":"function","dur":"13","name":"render","ph":"X","pid":"0","tid":"0x10a92c5c0","ts":"364973474606"},{"cat":"function","dur":"9","name":"render","ph":"X","pid":"0","tid":"0x10a92c5c0","ts":"364973474628"},{"cat":"function","dur":"7","name":"render","ph":"X","pid":"0","tid":"0x10a92c5c0","ts":"364973474646"},{"cat":"function","dur":"232","name":"renderFrame","ph":"X","pid":"0","tid":"0x10a92c5c0","ts":"364973474605"},{"cat":"function","dur":"12","name":"renderLine","ph":"X","pid":"0","tid":"0x10a92c5c0","ts":"364973474851"},{"cat":"function","dur":"7","name":"renderLine","ph":"X","pid":"0","tid":"0x10a92c5c0","ts":"364973474874"},{"cat":"function","dur":"16946","name":"loop","ph":"X","pid":"0","tid":"0x10a92c5c0","ts":"364973474474"},{"cat":"function","dur":"33","name":"renderCircle","ph":"X","pid":"0","tid":"0x10a92c5c0","ts":"364973491477"},{"cat":"function","dur":"11","name":"renderQuad","ph":"X","pid":"0","tid":"0x10a92c5c0","ts":"364973491522"},{"cat":"function","dur":"16","name":"renderLine","ph":"X","pid":"0","tid":"0x10a92c5c0","ts":"364973491552"},{"cat":"function","dur":"12","name":"render","ph":"X","pid":"0","tid":"0x10a92c5c0","ts":"364973491579"},{"cat":"function","dur":"9","name":"render","ph":"X","pid":"0","tid":"0x10a92c5c0","ts":"364973491599"},{"cat":"function","dur":"8","name":"render","ph":"X","pid":"0","tid":"0x10a92c5c0","ts":"364973491615"},{"cat":"function","dur":"242","name":"renderFrame","ph":"X","pid":"0","tid":"0x10a92c5c0","ts":"364973491578"},{"cat":"function","dur":"11","name":"renderLine","ph":"X","pid":"0","tid":"0x10a92c5c0","ts":"364973491834"},{"cat":"function","dur":"7","name":"renderLine","ph":"X","pid":"0","tid":"0x10a92c5c0","ts":"364973491855"},{"cat":"function","dur":"17845","name":"loop","ph":"X","pid":"0","tid":"0x10a92c5c0","ts":"364973491457"},{"cat":"function","dur":"37","name":"renderCircle","ph":"X","pid":"0","tid":"0x10a92c5c0","ts":"364973509367"},{"cat":"function","dur":"10","name":"renderQuad","ph":"X","pid":"0","tid":"0x10a92c5c0","ts":"364973509417"},{"cat":"function","dur":"17","name":"renderLine","ph":"X","pid":"0","tid":"0x10a92c5c0","ts":"364973509449"},{"cat":"function","dur":"13","name":"render","ph":"X","pid":"0","tid":"0x10a92c5c0","ts":"364973509477"},{"cat":"function","dur":"9","name":"render","ph":"X","pid":"0","tid":"0x10a92c5c0","ts":"364973509499"},{"cat":"function","dur":"8","name":"render","ph":"X","pid":"0","tid":"0x10a92c5c0","ts":"364973509517"},{"cat":"function","dur":"228","name":"renderFrame","ph":"X","pid":"0","tid":"0x10a92c5c0","ts":"364973509476"},{"cat":"function","dur":"12","name":"renderLine","ph":"X","pid":"0","tid":"0x10a92c5c0","ts":"364973509717"},{"cat":"function","dur":"7","name":"renderLine","ph":"X","pid":"0","tid":"0x10a92c5c0","ts":"364973509740"},{"cat":"function","dur":"17005","name":"loop","ph":"X","pid":"0","tid":"0x10a92c5c0","ts":"364973509344"},{"cat":"function","dur":"42","name":"renderCircle","ph":"X","pid":"0","tid":"0x10a92c5c0","ts":"364973526443"},{"cat":"function","dur":"14","name":"renderQuad","ph":"X","pid":"0","tid":"0x10a92c5c0","ts":"364973526505"},{"cat":"function","dur":"23","name":"renderLine","ph":"X","pid":"0","tid":"0x10a92c5c0","ts":"364973526545"},{"cat":"function","dur":"16","name":"render","ph":"X","pid":"0","tid":"0x10a92c5c0","ts":"364973526583"},{"cat":"function","dur":"10","name":"render","ph":"X","pid":"0","tid":"0x10a92c5c0","ts":"364973526610"},{"cat":"function","dur":"9","name":"render","ph":"X","pid":"0","tid":"0x10a92c5c0","ts":"364973526631"},{"cat":"function","dur":"15","name":"ModelMatrixTransform","ph":"X","pid":"0","tid":"0x10a92c5c0","ts":"364973526765"},{"cat":"function","dur":"356","name":"renderFrame","ph":"X","pid":"0","tid":"0x10a92c5c0","ts":"364973526582"},{"cat":"function","dur":"21","name":"renderLine","ph":"X","pid":"0","tid":"0x10a92c5c0","ts":"364973526961"},{"cat":"function","dur":"11","name":"renderLine","ph":"X","pid":"0","tid":"0x10a92c5c0","ts":"364973526998"},{"cat":"function","dur":"16790","name":"loop","ph":"X","pid":"0","tid":"0x10a92c5c0","ts":"364973526416"},{"cat":"function","dur":"41","name":"renderCircle","ph":"X","pid":"0","tid":"0x10a92c5c0","ts":"364973543289"},{"cat":"function","dur":"11","name":"renderQuad","ph":"X","pid":"0","tid":"0x10a92c5c0","ts":"364973543347"},{"cat":"function","dur":"18","name":"renderLine","ph":"X","pid":"0","tid":"0x10a92c5c0","ts":"364973543380"},{"cat":"function","dur":"16","name":"render","ph":"X","pid":"0","tid":"0x10a92c5c0","ts":"364973543410"},{"cat":"function","dur":"9","name":"render","ph":"X","pid":"0","tid":"0x10a92c5c0","ts":"364973543436"},{"cat":"function","dur":"8","name":"render","ph":"X","pid":"0","tid":"0x10a92c5c0","ts":"364973543454"},{"cat":"function","dur":"241","name":"renderFrame","ph":"X","pid":"0","tid":"0x10a92c5c0","ts":"364973543409"},{"cat":"function","dur":"12","name":"renderLine","ph":"X","pid":"0","tid":"0x10a92c5c0","ts":"364973543665"},{"cat":"function","dur":"8","name":"renderLine","ph":"X","pid":"0","tid":"0x10a92c5c0","ts":"364973543688"},{"cat":"function","dur":"16244","name":"loop","ph":"X","pid":"0","tid":"0x10a92c5c0","ts":"364973543267"},{"cat":"function","dur":"39","name":"renderCircle","ph":"X","pid":"0","tid":"0x10a92c5c0","ts":"364973559595"},{"cat":"function","dur":"14","name":"renderQuad","ph":"X","pid":"0","tid":"0x10a92c5c0","ts":"364973559653"},{"cat":"function","dur":"38","name":"renderLine","ph":"X","pid":"0","tid":"0x10a92c5c0","ts":"364973559688"},{"cat":"function","dur":"16","name":"render","ph":"X","pid":"0","tid":"0x10a92c5c0","ts":"364973559740"},{"cat":"function","dur":"9","name":"render","ph":"X","pid":"0","tid":"0x10a92c5c0","ts":"364973559767"},{"cat":"function","dur":"10","name":"render","ph":"X","pid":"0","tid":"0x10a92c5c0","ts":"364973559786"},{"cat":"function","dur":"295","name":"renderFrame","ph":"X","pid":"0","tid":"0x10a92c5c0","ts":"364973559739"},{"cat":"function","dur":"31","name":"renderLine","ph":"X","pid":"0","tid":"0x10a92c5c0","ts":"364973560067"},{"cat":"function","dur":"12","name":"renderLine","ph":"X","pid":"0","tid":"0x10a92c5c0","ts":"364973560115"},{"cat":"function","dur":"16331","name":"loop","ph":"X","pid":"0","tid":"0x10a92c5c0","ts":"364973559567"},{"cat":"function","dur":"36","name":"renderCircle","ph":"X","pid":"0","tid":"0x10a92c5c0","ts":"364973575955"},{"cat":"function","dur":"11","name":"renderQuad","ph":"X","pid":"0","tid":"0x10a92c5c0","ts":"364973576004"},{"cat":"function","dur":"17","name":"renderLine","ph":"X","pid":"0","tid":"0x10a92c5c0","ts":"364973576035"},{"cat":"function","dur":"13","name":"render","ph":"X","pid":"0","tid":"0x10a92c5c0","ts":"364973576063"},{"cat":"function","dur":"9","name":"render","ph":"X","pid":"0","tid":"0x10a92c5c0","ts":"364973576084"},{"cat":"function","dur":"8","name":"render","ph":"X","pid":"0","tid":"0x10a92c5c0","ts":"364973576101"},{"cat":"function","dur":"221","name":"renderFrame","ph":"X","pid":"0","tid":"0x10a92c5c0","ts":"364973576062"},{"cat":"function","dur":"11","name":"renderLine","ph":"X","pid":"0","tid":"0x10a92c5c0","ts":"364973576297"},{"cat":"function","dur":"7","name":"renderLine","ph":"X","pid":"0","tid":"0x10a92c5c0","ts":"364973576319"},{"cat":"function","dur":"16887","name":"loop","ph":"X","pid":"0","tid":"0x10a92c5c0","ts":"364973575934"},{"cat":"function","dur":"38","name":"renderCircle","ph":"X","pid":"0","tid":"0x10a92c5c0","ts":"364973592884"},{"cat":"function","dur":"12","name":"renderQuad","ph":"X","pid":"0","tid":"0x10a92c5c0","ts":"364973592939"},{"cat":"function","dur":"18","name":"renderLine","ph":"X","pid":"0","tid":"0x10a92c5c0","ts":"364973592973"},{"cat":"function","dur":"13","name":"render","ph":"X","pid":"0","tid":"0x10a92c5c0","ts":"364973593003"},{"cat":"function","dur":"10","name":"render","ph":"X","pid":"0","tid":"0x10a92c5c0","ts":"364973593047"},{"cat":"function","dur":"9","name":"render","ph":"X","pid":"0","tid":"0x10a92c5c0","ts":"364973593067"},{"cat":"function","dur":"265","name":"renderFrame","ph":"X","pid":"0","tid":"0x10a92c5c0","ts":"364973593002"},{"cat":"function","dur":"15","name":"renderLine","ph":"X","pid":"0","tid":"0x10a92c5c0","ts":"364973593284"},{"cat":"function","dur":"8","name":"renderLine","ph":"X","pid":"0","tid":"0x10a92c5c0","ts":"364973593310"},{"cat":"function","dur":"16058","name":"loop","ph":"X","pid":"0","tid":"0x10a92c5c0","ts":"364973592860"},{"cat":"function","dur":"36","name":"renderCircle","ph":"X","pid":"0","tid":"0x10a92c5c0","ts":"364973608978"},{"cat":"function","dur":"11","name":"renderQuad","ph":"X","pid":"0","tid":"0x10a92c5c0","ts":"364973609027"},{"cat":"function","dur":"17","name":"renderLine","ph":"X","pid":"0","tid":"0x10a92c5c0","ts":"364973609058"},{"cat":"function","dur":"13","name":"render","ph":"X","pid":"0","tid":"0x10a92c5c0","ts":"364973609085"},{"cat":"function","dur":"9","name":"render","ph":"X","pid":"0","tid":"0x10a92c5c0","ts":"364973609107"},{"cat":"function","dur":"8","name":"render","ph":"X","pid":"0","tid":"0x10a92c5c0","ts":"364973609124"},{"cat":"function","dur":"228","name":"renderFrame","ph":"X","pid":"0","tid":"0x10a92c5c0","ts":"364973609085"},{"cat":"function","dur":"11","name":"renderLine","ph":"X","pid":"0","tid":"0x10a92c5c0","ts":"364973609327"},{"cat":"function","dur":"8","name":"renderLine","ph":"X","pid":"0","tid":"0x10a92c5c0","ts":"364973609348"},{"cat":"function","dur":"18082","name":"loop","ph":"X","pid":"0","tid":"0x10a92c5c0","ts":"364973608957"},{"cat":"function","dur":"35","name":"renderCircle","ph":"X","pid":"0","tid":"0x10a92c5c0","ts":"364973627105"},{"cat":"function","dur":"11","name":"renderQuad","ph":"X","pid":"0","tid":"0x10a92c5c0","ts":"364973627152"},{"cat":"function","dur":"16","name":"renderLine","ph":"X","pid":"0","tid":"0x10a92c5c0","ts":"364973627183"},{"cat":"function","dur":"12","name":"render","ph":"X","pid":"0","tid":"0x10a92c5c0","ts":"364973627224"},{"cat":"function","dur":"8","name":"render","ph":"X","pid":"0","tid":"0x10a92c5c0","ts":"364973627245"},{"cat":"function","dur":"7","name":"render","ph":"X","pid":"0","tid":"0x10a92c5c0","ts":"364973627262"},{"cat":"function","dur":"226","name":"renderFrame","ph":"X","pid":"0","tid":"0x10a92c5c0","ts":"364973627223"},{"cat":"function","dur":"12","name":"renderLine","ph":"X","pid":"0","tid":"0x10a92c5c0","ts":"364973627465"},{"cat":"function","dur":"8","name":"renderLine","ph":"X","pid":"0","tid":"0x10a92c5c0","ts":"364973627488"},{"cat":"function","dur":"17388","name":"loop","ph":"X","pid":"0","tid":"0x10a92c5c0","ts":"364973627081"},{"cat":"function","dur":"35","name":"renderCircle","ph":"X","pid":"0","tid":"0x10a92c5c0","ts":"364973644526"},{"cat":"function","dur":"10","name":"renderQuad","ph":"X","pid":"0","tid":"0x10a92c5c0","ts":"364973644573"},{"cat":"function","dur":"16","name":"renderLine","ph":"X","pid":"0","tid":"0x10a92c5c0","ts":"364973644603"},{"cat":"function","dur":"12","name":"render","ph":"X","pid":"0","tid":"0x10a92c5c0","ts":"364973644629"},{"cat":"function","dur":"8","name":"render","ph":"X","pid":"0","tid":"0x10a92c5c0","ts":"364973644650"},{"cat":"function","dur":"7","name":"render","ph":"X","pid":"0","tid":"0x10a92c5c0","ts":"364973644666"},{"cat":"function","dur":"218","name":"renderFrame","ph":"X","pid":"0","tid":"0x10a92c5c0","ts":"364973644629"},{"cat":"function","dur":"11","name":"renderLine","ph":"X","pid":"0","tid":"0x10a92c5c0","ts":"364973644860"},{"cat":"function","dur":"8","name":"renderLine","ph":"X","pid":"0","tid":"0x10a92c5c0","ts":"364973644880"},{"cat":"function","dur":"17059","name":"loop","ph":"X","pid":"0","tid":"0x10a92c5c0","ts":"364973644506"},{"cat":"function","dur":"33","name":"renderCircle","ph":"X","pid":"0","tid":"0x10a92c5c0","ts":"364973661636"},{"cat":"function","dur":"11","name":"renderQuad","ph":"X","pid":"0","tid":"0x10a92c5c0","ts":"364973661683"},{"cat":"function","dur":"17","name":"renderLine","ph":"X","pid":"0","tid":"0x10a92c5c0","ts":"364973661732"},{"cat":"function","dur":"13","name":"render","ph":"X","pid":"0","tid":"0x10a92c5c0","ts":"364973661760"},{"cat":"function","dur":"8","name":"render","ph":"X","pid":"0","tid":"0x10a92c5c0","ts":"364973661782"},{"cat":"function","dur":"7","name":"render","ph":"X","pid":"0","tid":"0x10a92c5c0","ts":"364973661799"},{"cat":"function","dur":"221","name":"renderFrame","ph":"X","pid":"0","tid":"0x10a92c5c0","ts":"364973661760"},{"cat":"function","dur":"11","name":"renderLine","ph":"X","pid":"0","tid":"0x10a92c5c0","ts":"364973661995"},{"cat":"function","dur":"8","name":"renderLine","ph":"X","pid":"0","tid":"0x10a92c5c0","ts":"364973662016"},{"cat":"function","dur":"52198","name":"loop","ph":"X","pid":"0","tid":"0x10a92c5c0","ts":"364973661601"},{"cat":"function","dur":"30","name":"renderCircle","ph":"X","pid":"0","tid":"0x10a92c5c0","ts":"364973713851"},{"cat":"function","dur":"11","name":"renderQuad","ph":"X","pid":"0","tid":"0x10a92c5c0","ts":"364973713894"},{"cat":"function","dur":"18","name":"renderLine","ph":"X","pid":"0","tid":"0x10a92c5c0","ts":"364973713928"},{"cat":"function","dur":"13","name":"render","ph":"X","pid":"0","tid":"0x10a92c5c0","ts":"364973713958"},{"cat":"function","dur":"9","name":"render","ph":"X","pid":"0","tid":"0x10a92c5c0","ts":"364973713980"},{"cat":"function","dur":"8","name":"render","ph":"X","pid":"0","tid":"0x10a92c5c0","ts":"364973713997"},{"cat":"function","dur":"221","name":"renderFrame","ph":"X","pid":"0","tid":"0x10a92c5c0","ts":"364973713958"},{"cat":"function","dur":"11","name":"renderLine","ph":"X","pid":"0","tid":"0x10a92c5c0","ts":"364973714192"},{"cat":"function","dur":"8","name":"renderLine","ph":"X","pid":"0","tid":"0x10a92c5c0","ts":"364973714213"},{"cat":"function","dur":"16472","name":"loop","ph":"X","pid":"0","tid":"0x10a92c5c0","ts":"364973713831"},{"cat":"function","dur":"34","name":"renderCircle","ph":"X","pid":"0","tid":"0x10a92c5c0","ts":"364973730357"},{"cat":"function","dur":"10","name":"renderQuad","ph":"X","pid":"0","tid":"0x10a92c5c0","ts":"364973730404"},{"cat":"function","dur":"16","name":"renderLine","ph":"X","pid":"0","tid":"0x10a92c5c0","ts":"364973730434"},{"cat":"function","dur":"12","name":"render","ph":"X","pid":"0","tid":"0x10a92c5c0","ts":"364973730460"},{"cat":"function","dur":"8","name":"render","ph":"X","pid":"0","tid":"0x10a92c5c0","ts":"364973730481"},{"cat":"function","dur":"7","name":"render","ph":"X","pid":"0","tid":"0x10a92c5c0","ts":"364973730497"},{"cat":"function","dur":"212","name":"renderFrame","ph":"X","pid":"0","tid":"0x10a92c5c0","ts":"364973730459"},{"cat":"function","dur":"10","name":"renderLine","ph":"X","pid":"0","tid":"0x10a92c5c0","ts":"364973730684"},{"cat":"function","dur":"7","name":"renderLine","ph":"X","pid":"0","tid":"0x10a92c5c0","ts":"364973730704"},{"cat":"function","dur":"16980","name":"loop","ph":"X","pid":"0","tid":"0x10a92c5c0","ts":"364973730339"},{"cat":"function","dur":"33","name":"renderCircle","ph":"X","pid":"0","tid":"0x10a92c5c0","ts":"364973747392"},{"cat":"function","dur":"11","name":"renderQuad","ph":"X","pid":"0","tid":"0x10a92c5c0","ts":"364973747437"},{"cat":"function","dur":"15","name":"renderLine","ph":"X","pid":"0","tid":"0x10a92c5c0","ts":"364973747466"},{"cat":"function","dur":"12","name":"render","ph":"X","pid":"0","tid":"0x10a92c5c0","ts":"364973747491"},{"cat":"function","dur":"9","name":"render","ph":"X","pid":"0","tid":"0x10a92c5c0","ts":"364973747511"},{"cat":"function","dur":"7","name":"render","ph":"X","pid":"0","tid":"0x10a92c5c0","ts":"364973747528"},{"cat":"function","dur":"213","name":"renderFrame","ph":"X","pid":"0","tid":"0x10a92c5c0","ts":"364973747490"},{"cat":"function","dur":"11","name":"renderLine","ph":"X","pid":"0","tid":"0x10a92c5c0","ts":"364973747716"},{"cat":"function","dur":"7","name":"renderLine","ph":"X","pid":"0","tid":"0x10a92c5c0","ts":"364973747736"},{"cat":"function","dur":"16690","name":"loop","ph":"X","pid":"0","tid":"0x10a92c5c0","ts":"364973747374"},{"cat":"function","dur":"35","name":"renderCircle","ph":"X","pid":"0","tid":"0x10a92c5c0","ts":"364973764137"},{"cat":"function","dur":"10","name":"renderQuad","ph":"X","pid":"0","tid":"0x10a92c5c0","ts":"364973764186"},{"cat":"function","dur":"16","name":"renderLine","ph":"X","pid":"0","tid":"0x10a92c5c0","ts":"364973764216"},{"cat":"function","dur":"12","name":"render","ph":"X","pid":"0","tid":"0x10a92c5c0","ts":"364973764243"},{"cat":"function","dur":"8","name":"render","ph":"X","pid":"0","tid":"0x10a92c5c0","ts":"364973764264"},{"cat":"function","dur":"8","name":"render","ph":"X","pid":"0","tid":"0x10a92c5c0","ts":"364973764280"},{"cat":"function","dur":"241","name":"renderFrame","ph":"X","pid":"0","tid":"0x10a92c5c0","ts":"364973764242"},{"cat":"function","dur":"16","name":"renderLine","ph":"X","pid":"0","tid":"0x10a92c5c0","ts":"364973764506"},{"cat":"function","dur":"8","name":"renderLine","ph":"X","pid":"0","tid":"0x10a92c5c0","ts":"364973764534"},{"cat":"function","dur":"16528","name":"loop","ph":"X","pid":"0","tid":"0x10a92c5c0","ts":"364973764117"},{"cat":"function","dur":"38","name":"renderCircle","ph":"X","pid":"0","tid":"0x10a92c5c0","ts":"364973780729"},{"cat":"function","dur":"12","name":"renderQuad","ph":"X","pid":"0","tid":"0x10a92c5c0","ts":"364973780781"},{"cat":"function","dur":"17","name":"renderLine","ph":"X","pid":"0","tid":"0x10a92c5c0","ts":"364973780815"},{"cat":"function","dur":"13","name":"render","ph":"X","pid":"0","tid":"0x10a92c5c0","ts":"364973780844"},{"cat":"function","dur":"9","name":"render","ph":"X","pid":"0","tid":"0x10a92c5c0","ts":"364973780866"},{"cat":"function","dur":"8","name":"render","ph":"X","pid":"0","tid":"0x10a92c5c0","ts":"364973780884"},{"cat":"function","dur":"311","name":"renderFrame","ph":"X","pid":"0","tid":"0x10a92c5c0","ts":"364973780843"},{"cat":"function","dur":"29","name":"renderLine","ph":"X","pid":"0","tid":"0x10a92c5c0","ts":"364973781196"},{"cat":"function","dur":"11","name":"renderLine","ph":"X","pid":"0","tid":"0x10a92c5c0","ts":"364973781243"},{"cat":"function","dur":"16977","name":"loop","ph":"X","pid":"0","tid":"0x10a92c5c0","ts":"364973780705"},{"cat":"function","dur":"36","name":"renderCircle","ph":"X","pid":"0","tid":"0x10a92c5c0","ts":"364973797759"},{"cat":"function","dur":"10","name":"renderQuad","ph":"X","pid":"0","tid":"0x10a92c5c0","ts":"364973797808"},{"cat":"function","dur":"16","name":"renderLine","ph":"X","pid":"0","tid":"0x10a92c5c0","ts":"364973797838"},{"cat":"function","dur":"12","name":"render","ph":"X","pid":"0","tid":"0x10a92c5c0","ts":"364973797864"},{"cat":"function","dur":"8","name":"render","ph":"X","pid":"0","tid":"0x10a92c5c0","ts":"364973797885"},{"cat":"function","dur":"7","name":"render","ph":"X","pid":"0","tid":"0x10a92c5c0","ts":"364973797901"},{"cat":"function","dur":"211","name":"renderFrame","ph":"X","pid":"0","tid":"0x10a92c5c0","ts":"364973797864"},{"cat":"function","dur":"10","name":"renderLine","ph":"X","pid":"0","tid":"0x10a92c5c0","ts":"364973798088"},{"cat":"function","dur":"7","name":"renderLine","ph":"X","pid":"0","tid":"0x10a92c5c0","ts":"364973798108"},{"cat":"function","dur":"16658","name":"loop","ph":"X","pid":"0","tid":"0x10a92c5c0","ts":"364973797738"},{"cat":"function","dur":"48","name":"renderCircle","ph":"X","pid":"0","tid":"0x10a92c5c0","ts":"364973814488"},{"cat":"function","dur":"17","name":"renderQuad","ph":"X","pid":"0","tid":"0x10a92c5c0","ts":"364973814579"},{"cat":"function","dur":"30","name":"renderLine","ph":"X","pid":"0","tid":"0x10a92c5c0","ts":"364973814631"},{"cat":"function","dur":"21","name":"render","ph":"X","pid":"0","tid":"0x10a92c5c0","ts":"364973814682"},{"cat":"function","dur":"11","name":"render","ph":"X","pid":"0","tid":"0x10a92c5c0","ts":"364973814718"},{"cat":"function","dur":"11","name":"render","ph":"X","pid":"0","tid":"0x10a92c5c0","ts":"364973814743"},{"cat":"function","dur":"349","name":"renderFrame","ph":"X","pid":"0","tid":"0x10a92c5c0","ts":"364973814680"},{"cat":"function","dur":"33","name":"renderLine","ph":"X","pid":"0","tid":"0x10a92c5c0","ts":"364973815082"},{"cat":"function","dur":"10","name":"renderLine","ph":"X","pid":"0","tid":"0x10a92c5c0","ts":"364973815158"},{"cat":"function","dur":"16588","name":"loop","ph":"X","pid":"0","tid":"0x10a92c5c0","ts":"364973814457"},{"cat":"function","dur":"33","name":"renderCircle","ph":"X","pid":"0","tid":"0x10a92c5c0","ts":"364973831090"},{"cat":"function","dur":"10","name":"renderQuad","ph":"X","pid":"0","tid":"0x10a92c5c0","ts":"364973831135"},{"cat":"function","dur":"16","name":"renderLine","ph":"X","pid":"0","tid":"0x10a92c5c0","ts":"364973831164"},{"cat":"function","dur":"12","name":"render","ph":"X","pid":"0","tid":"0x10a92c5c0","ts":"364973831190"},{"cat":"function","dur":"8","name":"render","ph":"X","pid":"0","tid":"0x10a92c5c0","ts":"364973831210"},{"cat":"function","dur":"7","name":"render","ph":"X","pid":"0","tid":"0x10a92c5c0","ts":"364973831226"},{"cat":"function","dur":"211","name":"renderFrame","ph":"X","pid":"0","tid":"0x10a92c5c0","ts":"364973831189"},{"cat":"function","dur":"10","name":"renderLine","ph":"X","pid":"0","tid":"0x10a92c5c0","ts":"364973831412"},{"cat":"function","dur":"7","name":"renderLine","ph":"X","pid":"0","tid":"0x10a92c5c0","ts":"364973831432"},{"cat":"function","dur":"18014","name":"loop","ph":"X","pid":"0","tid":"0x10a92c5c0","ts":"364973831071"},{"cat":"function","dur":"61","name":"renderCircle","ph":"X","pid":"0","tid":"0x10a92c5c0","ts":"364973849195"},{"cat":"function","dur":"14","name":"renderQuad","ph":"X","pid":"0","tid":"0x10a92c5c0","ts":"364973849271"},{"cat":"function","dur":"20","name":"renderLine","ph":"X","pid":"0","tid":"0x10a92c5c0","ts":"364973849310"},{"cat":"function","dur":"15","name":"render","ph":"X","pid":"0","tid":"0x10a92c5c0","ts":"364973849342"},{"cat":"function","dur":"9","name":"render","ph":"X","pid":"0","tid":"0x10a92c5c0","ts":"364973849367"},{"cat":"function","dur":"9","name":"render","ph":"X","pid":"0","tid":"0x10a92c5c0","ts":"364973849385"},{"cat":"function","dur":"251","name":"renderFrame","ph":"X","pid":"0","tid":"0x10a92c5c0","ts":"364973849341"},{"cat":"function","dur":"12","name":"renderLine","ph":"X","pid":"0","tid":"0x10a92c5c0","ts":"364973849608"},{"cat":"function","dur":"8","name":"renderLine","ph":"X","pid":"0","tid":"0x10a92c5c0","ts":"364973849631"},{"cat":"function","dur":"17313","name":"loop","ph":"X","pid":"0","tid":"0x10a92c5c0","ts":"364973849157"},{"cat":"function","dur":"34","name":"renderCircle","ph":"X","pid":"0","tid":"0x10a92c5c0","ts":"364973866545"},{"cat":"function","dur":"10","name":"renderQuad","ph":"X","pid":"0","tid":"0x10a92c5c0","ts":"364973866596"},{"cat":"function","dur":"16","name":"renderLine","ph":"X","pid":"0","tid":"0x10a92c5c0","ts":"364973866626"},{"cat":"function","dur":"12","name":"render","ph":"X","pid":"0","tid":"0x10a92c5c0","ts":"364973866652"},{"cat":"function","dur":"8","name":"render","ph":"X","pid":"0","tid":"0x10a92c5c0","ts":"364973866673"},{"cat":"function","dur":"7","name":"render","ph":"X","pid":"0","tid":"0x10a92c5c0","ts":"364973866689"},{"cat":"function","dur":"211","name":"renderFrame","ph":"X","pid":"0","tid":"0x10a92c5c0","ts":"364973866652"},{"cat":"function","dur":"11","name":"renderLine","ph":"X","pid":"0","tid":"0x10a92c5c0","ts":"364973866876"},{"cat":"function","dur":"8","name":"renderLine","ph":"X","pid":"0","tid":"0x10a92c5c0","ts":"364973866896"},{"cat":"function","dur":"16452","name":"loop","ph":"X","pid":"0","tid":"0x10a92c5c0","ts":"364973866523"},{"cat":"function","dur":"402","name":"renderCircle","ph":"X","pid":"0","tid":"0x10a92c5c0","ts":"364973883047"},{"cat":"function","dur":"20","name":"renderQuad","ph":"X","pid":"0","tid":"0x10a92c5c0","ts":"364973883473"},{"cat":"function","dur":"24","name":"renderLine","ph":"X","pid":"0","tid":"0x10a92c5c0","ts":"364973883518"},{"cat":"function","dur":"17","name":"render","ph":"X","pid":"0","tid":"0x10a92c5c0","ts":"364973883554"},{"cat":"function","dur":"9","name":"render","ph":"X","pid":"0","tid":"0x10a92c5c0","ts":"364973883580"},{"cat":"function","dur":"9","name":"render","ph":"X","pid":"0","tid":"0x10a92c5c0","ts":"364973883598"},{"cat":"function","dur":"296","name":"renderFrame","ph":"X","pid":"0","tid":"0x10a92c5c0","ts":"364973883553"},{"cat":"function","dur":"16","name":"renderLine","ph":"X","pid":"0","tid":"0x10a92c5c0","ts":"364973883869"},{"cat":"function","dur":"8","name":"renderLine","ph":"X","pid":"0","tid":"0x10a92c5c0","ts":"364973883900"},{"cat":"function","dur":"16582","name":"loop","ph":"X","pid":"0","tid":"0x10a92c5c0","ts":"364973883022"},{"cat":"function","dur":"45","name":"renderCircle","ph":"X","pid":"0","tid":"0x10a92c5c0","ts":"364973899666"},{"cat":"function","dur":"13","name":"renderQuad","ph":"X","pid":"0","tid":"0x10a92c5c0","ts":"364973899728"},{"cat":"function","dur":"18","name":"renderLine","ph":"X","pid":"0","tid":"0x10a92c5c0","ts":"364973899762"},{"cat":"function","dur":"13","name":"render","ph":"X","pid":"0","tid":"0x10a92c5c0","ts":"364973899790"},{"cat":"function","dur":"8","name":"render","ph":"X","pid":"0","tid":"0x10a92c5c0","ts":"364973899811"},{"cat":"function","dur":"8","name":"render","ph":"X","pid":"0","tid":"0x10a92c5c0","ts":"364973899827"},{"cat":"function","dur":"217","name":"renderFrame","ph":"X","pid":"0","tid":"0x10a92c5c0","ts":"364973899789"},{"cat":"function","dur":"10","name":"renderLine","ph":"X","pid":"0","tid":"0x10a92c5c0","ts":"364973900019"},{"cat":"function","dur":"7","name":"renderLine","ph":"X","pid":"0","tid":"0x10a92c5c0","ts":"364973900040"},{"cat":"function","dur":"16659","name":"loop","ph":"X","pid":"0","tid":"0x10a92c5c0","ts":"364973899645"},{"cat":"function","dur":"70","name":"renderCircle","ph":"X","pid":"0","tid":"0x10a92c5c0","ts":"364973916444"},{"cat":"function","dur":"20","name":"renderQuad","ph":"X","pid":"0","tid":"0x10a92c5c0","ts":"364973916540"},{"cat":"function","dur":"33","name":"renderLine","ph":"X","pid":"0","tid":"0x10a92c5c0","ts":"364973916597"},{"cat":"function","dur":"24","name":"render","ph":"X","pid":"0","tid":"0x10a92c5c0","ts":"364973916649"},{"cat":"function","dur":"15","name":"render","ph":"X","pid":"0","tid":"0x10a92c5c0","ts":"364973916690"},{"cat":"function","dur":"14","name":"render","ph":"X","pid":"0","tid":"0x10a92c5c0","ts":"364973916720"},{"cat":"function","dur":"404","name":"renderFrame","ph":"X","pid":"0","tid":"0x10a92c5c0","ts":"364973916648"},{"cat":"function","dur":"25","name":"renderLine","ph":"X","pid":"0","tid":"0x10a92c5c0","ts":"364973917083"},{"cat":"function","dur":"13","name":"renderLine","ph":"X","pid":"0","tid":"0x10a92c5c0","ts":"364973917128"},{"cat":"function","dur":"16585","name":"loop","ph":"X","pid":"0","tid":"0x10a92c5c0","ts":"364973916395"},{"cat":"function","dur":"37","name":"renderCircle","ph":"X","pid":"0","tid":"0x10a92c5c0","ts":"364973933056"},{"cat":"function","dur":"23","name":"renderQuad","ph":"X","pid":"0","tid":"0x10a92c5c0","ts":"364973933124"},{"cat":"function","dur":"23","name":"renderLine","ph":"X","pid":"0","tid":"0x10a92c5c0","ts":"364973933188"},{"cat":"function","dur":"17","name":"render","ph":"X","pid":"0","tid":"0x10a92c5c0","ts":"364973933230"},{"cat":"function","dur":"32","name":"render","ph":"X","pid":"0","tid":"0x10a92c5c0","ts":"364973933283"},{"cat":"function","dur":"16","name":"render","ph":"X","pid":"0","tid":"0x10a92c5c0","ts":"364973933337"},{"cat":"function","dur":"328","name":"renderFrame","ph":"X","pid":"0","tid":"0x10a92c5c0","ts":"364973933229"},{"cat":"function","dur":"14","name":"renderLine","ph":"X","pid":"0","tid":"0x10a92c5c0","ts":"364973933574"},{"cat":"function","dur":"8","name":"renderLine","ph":"X","pid":"0","tid":"0x10a92c5c0","ts":"364973933600"},{"cat":"function","dur":"16679","name":"loop","ph":"X","pid":"0","tid":"0x10a92c5c0","ts":"364973933032"},{"cat":"function","dur":"41","name":"renderCircle","ph":"X","pid":"0","tid":"0x10a92c5c0","ts":"364973949782"},{"cat":"function","dur":"13","name":"renderQuad","ph":"X","pid":"0","tid":"0x10a92c5c0","ts":"364973949839"},{"cat":"function","dur":"19","name":"renderLine","ph":"X","pid":"0","tid":"0x10a92c5c0","ts":"364973949874"},{"cat":"function","dur":"14","name":"render","ph":"X","pid":"0","tid":"0x10a92c5c0","ts":"364973949904"},{"cat":"function","dur":"9","name":"render","ph":"X","pid":"0","tid":"0x10a92c5c0","ts":"364973949930"},{"cat":"function","dur":"8","name":"render","ph":"X","pid":"0","tid":"0x10a92c5c0","ts":"364973949949"},{"cat":"function","dur":"247","name":"renderFrame","ph":"X","pid":"0","tid":"0x10a92c5c0","ts":"364973949903"},{"cat":"function","dur":"13","name":"renderLine","ph":"X","pid":"0","tid":"0x10a92c5c0","ts":"364973950166"},{"cat":"function","dur":"8","name":"renderLine","ph":"X","pid":"0","tid":"0x10a92c5c0","ts":"364973950190"},{"cat":"function","dur":"16722","name":"loop","ph":"X","pid":"0","tid":"0x10a92c5c0","ts":"364973949756"},{"cat":"function","dur":"35","name":"renderCircle","ph":"X","pid":"0","tid":"0x10a92c5c0","ts":"364973966536"},{"cat":"function","dur":"11","name":"renderQuad","ph":"X","pid":"0","tid":"0x10a92c5c0","ts":"364973966584"},{"cat":"function","dur":"16","name":"renderLine","ph":"X","pid":"0","tid":"0x10a92c5c0","ts":"364973966615"},{"cat":"function","dur":"13","name":"render","ph":"X","pid":"0","tid":"0x10a92c5c0","ts":"364973966643"},{"cat":"function","dur":"8","name":"render","ph":"X","pid":"0","tid":"0x10a92c5c0","ts":"364973966665"},{"cat":"function","dur":"8","name":"render","ph":"X","pid":"0","tid":"0x10a92c5c0","ts":"364973966682"},{"cat":"function","dur":"240","name":"renderFrame","ph":"X","pid":"0","tid":"0x10a92c5c0","ts":"364973966642"},{"cat":"function","dur":"15","name":"renderLine","ph":"X","pid":"0","tid":"0x10a92c5c0","ts":"364973966903"},{"cat":"function","dur":"17","name":"renderLine","ph":"X","pid":"0","tid":"0x10a92c5c0","ts":"364973966930"},{"cat":"function","dur":"17068","name":"loop","ph":"X","pid":"0","tid":"0x10a92c5c0","ts":"364973966515"},{"cat":"function","dur":"51","name":"renderCircle","ph":"X","pid":"0","tid":"0x10a92c5c0","ts":"364973983677"},{"cat":"function","dur":"13","name":"renderQuad","ph":"X","pid":"0","tid":"0x10a92c5c0","ts":"364973983742"},{"cat":"function","dur":"21","name":"renderLine","ph":"X","pid":"0","tid":"0x10a92c5c0","ts":"364973983780"},{"cat":"function","dur":"15","name":"render","ph":"X","pid":"0","tid":"0x10a92c5c0","ts":"364973983812"},{"cat":"function","dur":"9","name":"render","ph":"X","pid":"0","tid":"0x10a92c5c0","ts":"364973983837"},{"cat":"function","dur":"8","name":"render","ph":"X","pid":"0","tid":"0x10a92c5c0","ts":"364973983855"},{"cat":"function","dur":"298","name":"renderFrame","ph":"X","pid":"0","tid":"0x10a92c5c0","ts":"364973983812"},{"cat":"function","dur":"18","name":"renderLine","ph":"X","pid":"0","tid":"0x10a92c5c0","ts":"364973984142"},{"cat":"function","dur":"9","name":"renderLine","ph":"X","pid":"0","tid":"0x10a92c5c0","ts":"364973984175"},{"cat":"function","dur":"16817","name":"loop","ph":"X","pid":"0","tid":"0x10a92c5c0","ts":"364973983645"},{"cat":"function","dur":"38","name":"renderCircle","ph":"X","pid":"0","tid":"0x10a92c5c0","ts":"364974000533"},{"cat":"function","dur":"11","name":"renderQuad","ph":"X","pid":"0","tid":"0x10a92c5c0","ts":"364974000585"},{"cat":"function","dur":"18","name":"renderLine","ph":"X","pid":"0","tid":"0x10a92c5c0","ts":"364974000619"},{"cat":"function","dur":"13","name":"render","ph":"X","pid":"0","tid":"0x10a92c5c0","ts":"364974000648"},{"cat":"function","dur":"9","name":"render","ph":"X","pid":"0","tid":"0x10a92c5c0","ts":"364974000670"},{"cat":"function","dur":"8","name":"render","ph":"X","pid":"0","tid":"0x10a92c5c0","ts":"364974000688"},{"cat":"function","dur":"235","name":"renderFrame","ph":"X","pid":"0","tid":"0x10a92c5c0","ts":"364974000648"},{"cat":"function","dur":"12","name":"renderLine","ph":"X","pid":"0","tid":"0x10a92c5c0","ts":"364974000897"},{"cat":"function","dur":"7","name":"renderLine","ph":"X","pid":"0","tid":"0x10a92c5c0","ts":"364974000920"},{"cat":"function","dur":"102038","name":"loop","ph":"X","pid":"0","tid":"0x10a92c5c0","ts":"364974000508"}],"displayTimeUnit":"ns"}