{"traceEvents":[{"cat":"function","dur":"5702","name":"renderCircle","ph":"X","pid":"0","tid":"0x10a4065c0","ts":"365077653407"},{"cat":"function","dur":"1462","name":"renderQuad","ph":"X","pid":"0","tid":"0x10a4065c0","ts":"365077659186"},{"cat":"function","dur":"883","name":"renderLine","ph":"X","pid":"0","tid":"0x10a4065c0","ts":"365077660698"},{"cat":"function","dur":"1625","name":"render","ph":"X","pid":"0","tid":"0x10a4065c0","ts":"365077661604"},{"cat":"function","dur":"30","name":"render","ph":"X","pid":"0","tid":"0x10a4065c0","ts":"365077663250"},{"cat":"function","dur":"23","name":"render","ph":"X","pid":"0","tid":"0x10a4065c0","ts":"365077663294"},{"cat":"function","dur":"2010","name":"renderFrame","ph":"X","pid":"0","tid":"0x10a4065c0","ts":"365077661603"},{"cat":"function","dur":"51","name":"renderLine","ph":"X","pid":"0","tid":"0x10a4065c0","ts":"365077663644"},{"cat":"function","dur":"38","name":"renderLine","ph":"X","pid":"0","tid":"0x10a4065c0","ts":"365077663726"},{"cat":"function","dur":"103664","name":"loop","ph":"X","pid":"0","tid":"0x10a4065c0","ts":"365077653376"},{"cat":"function","dur":"47","name":"renderCircle","ph":"X","pid":"0","tid":"0x10a4065c0","ts":"365077757098"},{"cat":"function","dur":"17","name":"renderQuad","ph":"X","pid":"0","tid":"0x10a4065c0","ts":"365077757173"},{"cat":"function","dur":"30","name":"renderLine","ph":"X","pid":"0","tid":"0x10a4065c0","ts":"365077757216"},{"cat":"function","dur":"14","name":"render","ph":"X","pid":"0","tid":"0x10a4065c0","ts":"365077757264"},{"cat":"function","dur":"9","name":"render","ph":"X","pid":"0","tid":"0x10a4065c0","ts":"365077757291"},{"cat":"function","dur":"8","name":"render","ph":"X","pid":"0","tid":"0x10a4065c0","ts":"365077757311"},{"cat":"function","dur":"244","name":"renderFrame","ph":"X","pid":"0","tid":"0x10a4065c0","ts":"365077757263"},{"cat":"function","dur":"12","name":"renderLine","ph":"X","pid":"0","tid":"0x10a4065c0","ts":"365077757524"},{"cat":"function","dur":"51","name":"renderLine","ph":"X","pid":"0","tid":"0x10a4065c0","ts":"365077757550"},{"cat":"function","dur":"17659","name":"loop","ph":"X","pid":"0","tid":"0x10a4065c0","ts":"365077757081"},{"cat":"function","dur":"54","name":"renderCircle","ph":"X","pid":"0","tid":"0x10a4065c0","ts":"365077774838"},{"cat":"function","dur":"13","name":"renderQuad","ph":"X","pid":"0","tid":"0x10a4065c0","ts":"365077774909"},{"cat":"function","dur":"23","name":"renderLine","ph":"X","pid":"0","tid":"0x10a4065c0","ts":"365077774949"},{"cat":"function","dur":"17","name":"render","ph":"X","pid":"0","tid":"0x10a4065c0","ts":"365077774987"},{"cat":"function","dur":"10","name":"render","ph":"X","pid":"0","tid":"0x10a4065c0","ts":"365077775016"},{"cat":"function","dur":"9","name":"render","ph":"X","pid":"0","tid":"0x10a4065c0","ts":"365077775037"},{"cat":"function","dur":"257","name":"renderFrame","ph":"X","pid":"0","tid":"0x10a4065c0","ts":"365077774986"},{"cat":"function","dur":"11","name":"renderLine","ph":"X","pid":"0","tid":"0x10a4065c0","ts":"365077775261"},{"cat":"function","dur":"8","name":"renderLine","ph":"X","pid":"0","tid":"0x10a4065c0","ts":"365077775287"},{"cat":"function","dur":"16585","name":"loop","ph":"X","pid":"0","tid":"0x10a4065c0","ts":"365077774807"},{"cat":"function","dur":"39","name":"renderCircle","ph":"X","pid":"0","tid":"0x10a4065c0","ts":"365077791458"},{"cat":"function","dur":"10","name":"renderQuad","ph":"X","pid":"0","tid":"0x10a4065c0","ts":"365077791530"},{"cat":"function","dur":"45","name":"renderLine","ph":"X","pid":"0","tid":"0x10a4065c0","ts":"365077791558"},{"cat":"function","dur":"22","name":"render","ph":"X","pid":"0","tid":"0x10a4065c0","ts":"365077791616"},{"cat":"function","dur":"9","name":"render","ph":"X","pid":"0","tid":"0x10a4065c0","ts":"365077791651"},{"cat":"function","dur":"9","name":"render","ph":"X","pid":"0","tid":"0x10a4065c0","ts":"365077791671"},{"cat":"function","dur":"248","name":"renderFrame","ph":"X","pid":"0","tid":"0x10a4065c0","ts":"365077791615"},{"cat":"function","dur":"11","name":"renderLine","ph":"X","pid":"0","tid":"0x10a4065c0","ts":"365077791879"},{"cat":"function","dur":"10","name":"renderLine","ph":"X","pid":"0","tid":"0x10a4065c0","ts":"365077791937"},{"cat":"function","dur":"16920","name":"loop","ph":"X","pid":"0","tid":"0x10a4065c0","ts":"365077791436"},{"cat":"function","dur":"41","name":"renderCircle","ph":"X","pid":"0","tid":"0x10a4065c0","ts":"365077808422"},{"cat":"function","dur":"12","name":"renderQuad","ph":"X","pid":"0","tid":"0x10a4065c0","ts":"365077808476"},{"cat":"function","dur":"20","name":"renderLine","ph":"X","pid":"0","tid":"0x10a4065c0","ts":"365077808510"},{"cat":"function","dur":"13","name":"render","ph":"X","pid":"0","tid":"0x10a4065c0","ts":"365077808541"},{"cat":"function","dur":"9","name":"render","ph":"X","pid":"0","tid":"0x10a4065c0","ts":"365077808563"},{"cat":"function","dur":"9","name":"render","ph":"X","pid":"0","tid":"0x10a4065c0","ts":"365077808580"},{"cat":"function","dur":"236","name":"renderFrame","ph":"X","pid":"0","tid":"0x10a4065c0","ts":"365077808540"},{"cat":"function","dur":"12","name":"renderLine","ph":"X","pid":"0","tid":"0x10a4065c0","ts":"365077808790"},{"cat":"function","dur":"7","name":"renderLine","ph":"X","pid":"0","tid":"0x10a4065c0","ts":"365077808813"},{"cat":"function","dur":"17210","name":"loop","ph":"X","pid":"0","tid":"0x10a4065c0","ts":"365077808397"},{"cat":"function","dur":"36","name":"renderCircle","ph":"X","pid":"0","tid":"0x10a4065c0","ts":"365077825666"},{"cat":"function","dur":"10","name":"renderQuad","ph":"X","pid":"0","tid":"0x10a4065c0","ts":"365077825715"},{"cat":"function","dur":"17","name":"renderLine","ph":"X","pid":"0","tid":"0x10a4065c0","ts":"365077825746"},{"cat":"function","dur":"13","name":"render","ph":"X","pid":"0","tid":"0x10a4065c0","ts":"365077825774"},{"cat":"function","dur":"8","name":"render","ph":"X","pid":"0","tid":"0x10a4065c0","ts":"365077825796"},{"cat":"function","dur":"8","name":"render","ph":"X","pid":"0","tid":"0x10a4065c0","ts":"365077825812"},{"cat":"function","dur":"229","name":"renderFrame","ph":"X","pid":"0","tid":"0x10a4065c0","ts":"365077825773"},{"cat":"function","dur":"12","name":"renderLine","ph":"X","pid":"0","tid":"0x10a4065c0","ts":"365077826015"},{"cat":"function","dur":"8","name":"renderLine","ph":"X","pid":"0","tid":"0x10a4065c0","ts":"365077826037"},{"cat":"function","dur":"17014","name":"loop","ph":"X","pid":"0","tid":"0x10a4065c0","ts":"365077825645"},{"cat":"function","dur":"37","name":"renderCircle","ph":"X","pid":"0","tid":"0x10a4065c0","ts":"365077842715"},{"cat":"function","dur":"11","name":"renderQuad","ph":"X","pid":"0","tid":"0x10a4065c0","ts":"365077842765"},{"cat":"function","dur":"17","name":"renderLine","ph":"X","pid":"0","tid":"0x10a4065c0","ts":"365077842796"},{"cat":"function","dur":"12","name":"render","ph":"X","pid":"0","tid":"0x10a4065c0","ts":"365077842824"},{"cat":"function","dur":"9","name":"render","ph":"X","pid":"0","tid":"0x10a4065c0","ts":"365077842844"},{"cat":"function","dur":"8","name":"render","ph":"X","pid":"0","tid":"0x10a4065c0","ts":"365077842861"},{"cat":"function","dur":"220","name":"renderFrame","ph":"X","pid":"0","tid":"0x10a4065c0","ts":"365077842823"},{"cat":"function","dur":"11","name":"renderLine","ph":"X","pid":"0","tid":"0x10a4065c0","ts":"365077843057"},{"cat":"function","dur":"8","name":"renderLine","ph":"X","pid":"0","tid":"0x10a4065c0","ts":"365077843077"},{"cat":"function","dur":"17920","name":"loop","ph":"X","pid":"0","tid":"0x10a4065c0","ts":"365077842694"},{"cat":"function","dur":"45","name":"renderCircle","ph":"X","pid":"0","tid":"0x10a4065c0","ts":"365077860688"},{"cat":"function","dur":"15","name":"renderQuad","ph":"X","pid":"0","tid":"0x10a4065c0","ts":"365077860772"},{"cat":"function","dur":"19","name":"renderLine","ph":"X","pid":"0","tid":"0x10a4065c0","ts":"365077860811"},{"cat":"function","dur":"14","name":"render","ph":"X","pid":"0","tid":"0x10a4065c0","ts":"365077860842"},{"cat":"function","dur":"9","name":"render","ph":"X","pid":"0","tid":"0x10a4065c0","ts":"365077860865"},{"cat":"function","dur":"8","name":"render","ph":"X","pid":"0","tid":"0x10a4065c0","ts":"365077860882"},{"cat":"function","dur":"249","name":"renderFrame","ph":"X","pid":"0","tid":"0x10a4065c0","ts":"365077860841"},{"cat":"function","dur":"12","name":"renderLine","ph":"X","pid":"0","tid":"0x10a4065c0","ts":"365077861103"},{"cat":"function","dur":"7","name":"renderLine","ph":"X","pid":"0","tid":"0x10a4065c0","ts":"365077861125"},{"cat":"function","dur":"16719","name":"loop","ph":"X","pid":"0","tid":"0x10a4065c0","ts":"365077860661"},{"cat":"function","dur":"59","name":"renderCircle","ph":"X","pid":"0","tid":"0x10a4065c0","ts":"365077877477"},{"cat":"function","dur":"48","name":"renderQuad","ph":"X","pid":"0","tid":"0x10a4065c0","ts":"365077877559"},{"cat":"function","dur":"27","name":"renderLine","ph":"X","pid":"0","tid":"0x10a4065c0","ts":"365077877649"},{"cat":"function","dur":"16","name":"render","ph":"X","pid":"0","tid":"0x10a4065c0","ts":"365077877698"},{"cat":"function","dur":"10","name":"render","ph":"X","pid":"0","tid":"0x10a4065c0","ts":"365077877724"},{"cat":"function","dur":"8","name":"render","ph":"X","pid":"0","tid":"0x10a4065c0","ts":"365077877742"},{"cat":"function","dur":"10","name":"ModelMatrixTransform","ph":"X","pid":"0","tid":"0x10a4065c0","ts":"365077877778"},{"cat":"function","dur":"364","name":"renderFrame","ph":"X","pid":"0","tid":"0x10a4065c0","ts":"365077877697"},{"cat":"function","dur":"18","name":"renderLine","ph":"X","pid":"0","tid":"0x10a4065c0","ts":"365077878092"},{"cat":"function","dur":"27","name":"renderLine","ph":"X","pid":"0","tid":"0x10a4065c0","ts":"365077878123"},{"cat":"function","dur":"17049","name":"loop","ph":"X","pid":"0","tid":"0x10a4065c0","ts":"365077877446"},{"cat":"function","dur":"37","name":"renderCircle","ph":"X","pid":"0","tid":"0x10a4065c0","ts":"365077894555"},{"cat":"function","dur":"11","name":"renderQuad","ph":"X","pid":"0","tid":"0x10a4065c0","ts":"365077894605"},{"cat":"function","dur":"16","name":"renderLine","ph":"X","pid":"0","tid":"0x10a4065c0","ts":"365077894636"},{"cat":"function","dur":"12","name":"render","ph":"X","pid":"0","tid":"0x10a4065c0","ts":"365077894662"},{"cat":"function","dur":"8","name":"render","ph":"X","pid":"0","tid":"0x10a4065c0","ts":"365077894683"},{"cat":"function","dur":"7","name":"render","ph":"X","pid":"0","tid":"0x10a4065c0","ts":"365077894699"},{"cat":"function","dur":"219","name":"renderFrame","ph":"X","pid":"0","tid":"0x10a4065c0","ts":"365077894661"},{"cat":"function","dur":"11","name":"renderLine","ph":"X","pid":"0","tid":"0x10a4065c0","ts":"365077894892"},{"cat":"function","dur":"7","name":"renderLine","ph":"X","pid":"0","tid":"0x10a4065c0","ts":"365077894912"},{"cat":"function","dur":"16272","name":"loop","ph":"X","pid":"0","tid":"0x10a4065c0","ts":"365077894533"},{"cat":"function","dur":"30","name":"renderCircle","ph":"X","pid":"0","tid":"0x10a4065c0","ts":"365077910862"},{"cat":"function","dur":"11","name":"renderQuad","ph":"X","pid":"0","tid":"0x10a4065c0","ts":"365077910904"},{"cat":"function","dur":"15","name":"renderLine","ph":"X","pid":"0","tid":"0x10a4065c0","ts":"365077910933"},{"cat":"function","dur":"12","name":"render","ph":"X","pid":"0","tid":"0x10a4065c0","ts":"365077910957"},{"cat":"function","dur":"8","name":"render","ph":"X","pid":"0","tid":"0x10a4065c0","ts":"365077910976"},{"cat":"function","dur":"7","name":"render","ph":"X","pid":"0","tid":"0x10a4065c0","ts":"365077910992"},{"cat":"function","dur":"210","name":"renderFrame","ph":"X","pid":"0","tid":"0x10a4065c0","ts":"365077910956"},{"cat":"function","dur":"10","name":"renderLine","ph":"X","pid":"0","tid":"0x10a4065c0","ts":"365077911177"},{"cat":"function","dur":"6","name":"renderLine","ph":"X","pid":"0","tid":"0x10a4065c0","ts":"365077911197"},{"cat":"function","dur":"16648","name":"loop","ph":"X","pid":"0","tid":"0x10a4065c0","ts":"365077910842"},{"cat":"function","dur":"37","name":"renderCircle","ph":"X","pid":"0","tid":"0x10a4065c0","ts":"365077927547"},{"cat":"function","dur":"11","name":"renderQuad","ph":"X","pid":"0","tid":"0x10a4065c0","ts":"365077927597"},{"cat":"function","dur":"18","name":"renderLine","ph":"X","pid":"0","tid":"0x10a4065c0","ts":"365077927627"},{"cat":"function","dur":"13","name":"render","ph":"X","pid":"0","tid":"0x10a4065c0","ts":"365077927674"},{"cat":"function","dur":"8","name":"render","ph":"X","pid":"0","tid":"0x10a4065c0","ts":"365077927696"},{"cat":"function","dur":"7","name":"render","ph":"X","pid":"0","tid":"0x10a4065c0","ts":"365077927712"},{"cat":"function","dur":"286","name":"renderFrame","ph":"X","pid":"0","tid":"0x10a4065c0","ts":"365077927673"},{"cat":"function","dur":"11","name":"renderLine","ph":"X","pid":"0","tid":"0x10a4065c0","ts":"365077927973"},{"cat":"function","dur":"7","name":"renderLine","ph":"X","pid":"0","tid":"0x10a4065c0","ts":"365077927994"},{"cat":"function","dur":"16844","name":"loop","ph":"X","pid":"0","tid":"0x10a4065c0","ts":"365077927528"},{"cat":"function","dur":"36","name":"renderCircle","ph":"X","pid":"0","tid":"0x10a4065c0","ts":"365077944434"},{"cat":"function","dur":"10","name":"renderQuad","ph":"X","pid":"0","tid":"0x10a4065c0","ts":"365077944482"},{"cat":"function","dur":"16","name":"renderLine","ph":"X","pid":"0","tid":"0x10a4065c0","ts":"365077944511"},{"cat":"function","dur":"12","name":"render","ph":"X","pid":"0","tid":"0x10a4065c0","ts":"365077944537"},{"cat":"function","dur":"8","name":"render","ph":"X","pid":"0","tid":"0x10a4065c0","ts":"365077944557"},{"cat":"function","dur":"7","name":"render","ph":"X","pid":"0","tid":"0x10a4065c0","ts":"365077944573"},{"cat":"function","dur":"213","name":"renderFrame","ph":"X","pid":"0","tid":"0x10a4065c0","ts":"365077944536"},{"cat":"function","dur":"10","name":"renderLine","ph":"X","pid":"0","tid":"0x10a4065c0","ts":"365077944761"},{"cat":"function","dur":"6","name":"renderLine","ph":"X","pid":"0","tid":"0x10a4065c0","ts":"365077944781"},{"cat":"function","dur":"17371","name":"loop","ph":"X","pid":"0","tid":"0x10a4065c0","ts":"365077944413"},{"cat":"function","dur":"34","name":"renderCircle","ph":"X","pid":"0","tid":"0x10a4065c0","ts":"365077961845"},{"cat":"function","dur":"11","name":"renderQuad","ph":"X","pid":"0","tid":"0x10a4065c0","ts":"365077961892"},{"cat":"function","dur":"16","name":"renderLine","ph":"X","pid":"0","tid":"0x10a4065c0","ts":"365077961924"},{"cat":"function","dur":"13","name":"render","ph":"X","pid":"0","tid":"0x10a4065c0","ts":"365077961951"},{"cat":"function","dur":"9","name":"render","ph":"X","pid":"0","tid":"0x10a4065c0","ts":"365077961973"},{"cat":"function","dur":"8","name":"render","ph":"X","pid":"0","tid":"0x10a4065c0","ts":"365077961990"},{"cat":"function","dur":"281","name":"renderFrame","ph":"X","pid":"0","tid":"0x10a4065c0","ts":"365077961950"},{"cat":"function","dur":"39","name":"renderLine","ph":"X","pid":"0","tid":"0x10a4065c0","ts":"365077962250"},{"cat":"function","dur":"9","name":"renderLine","ph":"X","pid":"0","tid":"0x10a4065c0","ts":"365077962302"},{"cat":"function","dur":"17415","name":"loop","ph":"X","pid":"0","tid":"0x10a4065c0","ts":"365077961824"},{"cat":"function","dur":"32","name":"renderCircle","ph":"X","pid":"0","tid":"0x10a4065c0","ts":"365077979290"},{"cat":"function","dur":"10","name":"renderQuad","ph":"X","pid":"0","tid":"0x10a4065c0","ts":"365077979333"},{"cat":"function","dur":"16","name":"renderLine","ph":"X","pid":"0","tid":"0x10a4065c0","ts":"365077979361"},{"cat":"function","dur":"12","name":"render","ph":"X","pid":"0","tid":"0x10a4065c0","ts":"365077979386"},{"cat":"function","dur":"8","name":"render","ph":"X","pid":"0","tid":"0x10a4065c0","ts":"365077979405"},{"cat":"function","dur":"8","name":"render","ph":"X","pid":"0","tid":"0x10a4065c0","ts":"365077979420"},{"cat":"function","dur":"210","name":"renderFrame","ph":"X","pid":"0","tid":"0x10a4065c0","ts":"365077979385"},{"cat":"function","dur":"10","name":"renderLine","ph":"X","pid":"0","tid":"0x10a4065c0","ts":"365077979607"},{"cat":"function","dur":"6","name":"renderLine","ph":"X","pid":"0","tid":"0x10a4065c0","ts":"365077979627"},{"cat":"function","dur":"17095","name":"loop","ph":"X","pid":"0","tid":"0x10a4065c0","ts":"365077979273"},{"cat":"function","dur":"36","name":"renderCircle","ph":"X","pid":"0","tid":"0x10a4065c0","ts":"365077996428"},{"cat":"function","dur":"11","name":"renderQuad","ph":"X","pid":"0","tid":"0x10a4065c0","ts":"365077996495"},{"cat":"function","dur":"17","name":"renderLine","ph":"X","pid":"0","tid":"0x10a4065c0","ts":"365077996526"},{"cat":"function","dur":"14","name":"render","ph":"X","pid":"0","tid":"0x10a4065c0","ts":"365077996553"},{"cat":"function","dur":"8","name":"render","ph":"X","pid":"0","tid":"0x10a4065c0","ts":"365077996575"},{"cat":"function","dur":"8","name":"render","ph":"X","pid":"0","tid":"0x10a4065c0","ts":"365077996591"},{"cat":"function","dur":"231","name":"renderFrame","ph":"X","pid":"0","tid":"0x10a4065c0","ts":"365077996552"},{"cat":"function","dur":"11","name":"renderLine","ph":"X","pid":"0","tid":"0x10a4065c0","ts":"365077996797"},{"cat":"function","dur":"7","name":"renderLine","ph":"X","pid":"0","tid":"0x10a4065c0","ts":"365077996818"},{"cat":"function","dur":"16346","name":"loop","ph":"X","pid":"0","tid":"0x10a4065c0","ts":"365077996406"},{"cat":"function","dur":"33","name":"renderCircle","ph":"X","pid":"0","tid":"0x10a4065c0","ts":"365078012807"},{"cat":"function","dur":"10","name":"renderQuad","ph":"X","pid":"0","tid":"0x10a4065c0","ts":"365078012852"},{"cat":"function","dur":"16","name":"renderLine","ph":"X","pid":"0","tid":"0x10a4065c0","ts":"365078012881"},{"cat":"function","dur":"13","name":"render","ph":"X","pid":"0","tid":"0x10a4065c0","ts":"365078012906"},{"cat":"function","dur":"8","name":"render","ph":"X","pid":"0","tid":"0x10a4065c0","ts":"365078012927"},{"cat":"function","dur":"8","name":"render","ph":"X","pid":"0","tid":"0x10a4065c0","ts":"365078012942"},{"cat":"function","dur":"227","name":"renderFrame","ph":"X","pid":"0","tid":"0x10a4065c0","ts":"365078012906"},{"cat":"function","dur":"11","name":"renderLine","ph":"X","pid":"0","tid":"0x10a4065c0","ts":"365078013145"},{"cat":"function","dur":"6","name":"renderLine","ph":"X","pid":"0","tid":"0x10a4065c0","ts":"365078013165"},{"cat":"function","dur":"17577","name":"loop","ph":"X","pid":"0","tid":"0x10a4065c0","ts":"365078012787"},{"cat":"function","dur":"60","name":"renderCircle","ph":"X","pid":"0","tid":"0x10a4065c0","ts":"365078030438"},{"cat":"function","dur":"16","name":"renderQuad","ph":"X","pid":"0","tid":"0x10a4065c0","ts":"365078030517"},{"cat":"function","dur":"23","name":"renderLine","ph":"X","pid":"0","tid":"0x10a4065c0","ts":"365078030559"},{"cat":"function","dur":"16","name":"render","ph":"X","pid":"0","tid":"0x10a4065c0","ts":"365078030596"},{"cat":"function","dur":"12","name":"render","ph":"X","pid":"0","tid":"0x10a4065c0","ts":"365078030624"},{"cat":"function","dur":"11","name":"render","ph":"X","pid":"0","tid":"0x10a4065c0","ts":"365078030647"},{"cat":"function","dur":"287","name":"renderFrame","ph":"X","pid":"0","tid":"0x10a4065c0","ts":"365078030595"},{"cat":"function","dur":"15","name":"renderLine","ph":"X","pid":"0","tid":"0x10a4065c0","ts":"365078030901"},{"cat":"function","dur":"10","name":"renderLine","ph":"X","pid":"0","tid":"0x10a4065c0","ts":"365078030929"},{"cat":"function","dur":"17039","name":"loop","ph":"X","pid":"0","tid":"0x10a4065c0","ts":"365078030413"},{"cat":"function","dur":"76","name":"renderCircle","ph":"X","pid":"0","tid":"0x10a4065c0","ts":"365078047578"},{"cat":"function","dur":"18","name":"renderQuad","ph":"X","pid":"0","tid":"0x10a4065c0","ts":"365078047685"},{"cat":"function","dur":"17","name":"renderLine","ph":"X","pid":"0","tid":"0x10a4065c0","ts":"365078047723"},{"cat":"function","dur":"12","name":"render","ph":"X","pid":"0","tid":"0x10a4065c0","ts":"365078047749"},{"cat":"function","dur":"7","name":"render","ph":"X","pid":"0","tid":"0x10a4065c0","ts":"365078047768"},{"cat":"function","dur":"7","name":"render","ph":"X","pid":"0","tid":"0x10a4065c0","ts":"365078047781"},{"cat":"function","dur":"222","name":"renderFrame","ph":"X","pid":"0","tid":"0x10a4065c0","ts":"365078047749"},{"cat":"function","dur":"13","name":"renderLine","ph":"X","pid":"0","tid":"0x10a4065c0","ts":"365078047988"},{"cat":"function","dur":"8","name":"renderLine","ph":"X","pid":"0","tid":"0x10a4065c0","ts":"365078048013"},{"cat":"function","dur":"17062","name":"loop","ph":"X","pid":"0","tid":"0x10a4065c0","ts":"365078047533"},{"cat":"function","dur":"34","name":"renderCircle","ph":"X","pid":"0","tid":"0x10a4065c0","ts":"365078064656"},{"cat":"function","dur":"11","name":"renderQuad","ph":"X","pid":"0","tid":"0x10a4065c0","ts":"365078064704"},{"cat":"function","dur":"17","name":"renderLine","ph":"X","pid":"0","tid":"0x10a4065c0","ts":"365078064736"},{"cat":"function","dur":"14","name":"render","ph":"X","pid":"0","tid":"0x10a4065c0","ts":"365078064763"},{"cat":"function","dur":"8","name":"render","ph":"X","pid":"0","tid":"0x10a4065c0","ts":"365078064786"},{"cat":"function","dur":"8","name":"render","ph":"X","pid":"0","tid":"0x10a4065c0","ts":"365078064802"},{"cat":"function","dur":"233","name":"renderFrame","ph":"X","pid":"0","tid":"0x10a4065c0","ts":"365078064763"},{"cat":"function","dur":"11","name":"renderLine","ph":"X","pid":"0","tid":"0x10a4065c0","ts":"365078065010"},{"cat":"function","dur":"7","name":"renderLine","ph":"X","pid":"0","tid":"0x10a4065c0","ts":"365078065032"},{"cat":"function","dur":"17204","name":"loop","ph":"X","pid":"0","tid":"0x10a4065c0","ts":"365078064636"},{"cat":"function","dur":"37","name":"renderCircle","ph":"X","pid":"0","tid":"0x10a4065c0","ts":"365078081933"},{"cat":"function","dur":"11","name":"renderQuad","ph":"X","pid":"0","tid":"0x10a4065c0","ts":"365078081983"},{"cat":"function","dur":"18","name":"renderLine","ph":"X","pid":"0","tid":"0x10a4065c0","ts":"365078082014"},{"cat":"function","dur":"13","name":"render","ph":"X","pid":"0","tid":"0x10a4065c0","ts":"365078082056"},{"cat":"function","dur":"9","name":"render","ph":"X","pid":"0","tid":"0x10a4065c0","ts":"365078082078"},{"cat":"function","dur":"8","name":"render","ph":"X","pid":"0","tid":"0x10a4065c0","ts":"365078082094"},{"cat":"function","dur":"232","name":"renderFrame","ph":"X","pid":"0","tid":"0x10a4065c0","ts":"365078082055"},{"cat":"function","dur":"13","name":"renderLine","ph":"X","pid":"0","tid":"0x10a4065c0","ts":"365078082303"},{"cat":"function","dur":"8","name":"renderLine","ph":"X","pid":"0","tid":"0x10a4065c0","ts":"365078082327"},{"cat":"function","dur":"17306","name":"loop","ph":"X","pid":"0","tid":"0x10a4065c0","ts":"365078081909"},{"cat":"function","dur":"36","name":"renderCircle","ph":"X","pid":"0","tid":"0x10a4065c0","ts":"365078099273"},{"cat":"function","dur":"11","name":"renderQuad","ph":"X","pid":"0","tid":"0x10a4065c0","ts":"365078099321"},{"cat":"function","dur":"17","name":"renderLine","ph":"X","pid":"0","tid":"0x10a4065c0","ts":"365078099353"},{"cat":"function","dur":"14","name":"render","ph":"X","pid":"0","tid":"0x10a4065c0","ts":"365078099380"},{"cat":"function","dur":"9","name":"render","ph":"X","pid":"0","tid":"0x10a4065c0","ts":"365078099403"},{"cat":"function","dur":"8","name":"render","ph":"X","pid":"0","tid":"0x10a4065c0","ts":"365078099419"},{"cat":"function","dur":"229","name":"renderFrame","ph":"X","pid":"0","tid":"0x10a4065c0","ts":"365078099380"},{"cat":"function","dur":"12","name":"renderLine","ph":"X","pid":"0","tid":"0x10a4065c0","ts":"365078099622"},{"cat":"function","dur":"7","name":"renderLine","ph":"X","pid":"0","tid":"0x10a4065c0","ts":"365078099644"},{"cat":"function","dur":"17689","name":"loop","ph":"X","pid":"0","tid":"0x10a4065c0","ts":"365078099251"},{"cat":"function","dur":"35","name":"renderCircle","ph":"X","pid":"0","tid":"0x10a4065c0","ts":"365078117004"},{"cat":"function","dur":"11","name":"renderQuad","ph":"X","pid":"0","tid":"0x10a4065c0","ts":"365078117051"},{"cat":"function","dur":"17","name":"renderLine","ph":"X","pid":"0","tid":"0x10a4065c0","ts":"365078117081"},{"cat":"function","dur":"13","name":"render","ph":"X","pid":"0","tid":"0x10a4065c0","ts":"365078117107"},{"cat":"function","dur":"8","name":"render","ph":"X","pid":"0","tid":"0x10a4065c0","ts":"365078117129"},{"cat":"function","dur":"7","name":"render","ph":"X","pid":"0","tid":"0x10a4065c0","ts":"365078117145"},{"cat":"function","dur":"224","name":"renderFrame","ph":"X","pid":"0","tid":"0x10a4065c0","ts":"365078117107"},{"cat":"function","dur":"11","name":"renderLine","ph":"X","pid":"0","tid":"0x10a4065c0","ts":"365078117362"},{"cat":"function","dur":"7","name":"renderLine","ph":"X","pid":"0","tid":"0x10a4065c0","ts":"365078117384"},{"cat":"function","dur":"17915","name":"loop","ph":"X","pid":"0","tid":"0x10a4065c0","ts":"365078116970"},{"cat":"function","dur":"34","name":"renderCircle","ph":"X","pid":"0","tid":"0x10a4065c0","ts":"365078134943"},{"cat":"function","dur":"10","name":"renderQuad","ph":"X","pid":"0","tid":"0x10a4065c0","ts":"365078134990"},{"cat":"function","dur":"17","name":"renderLine","ph":"X","pid":"0","tid":"0x10a4065c0","ts":"365078135020"},{"cat":"function","dur":"13","name":"render","ph":"X","pid":"0","tid":"0x10a4065c0","ts":"365078135047"},{"cat":"function","dur":"8","name":"render","ph":"X","pid":"0","tid":"0x10a4065c0","ts":"365078135068"},{"cat":"function","dur":"8","name":"render","ph":"X","pid":"0","tid":"0x10a4065c0","ts":"365078135084"},{"cat":"function","dur":"223","name":"renderFrame","ph":"X","pid":"0","tid":"0x10a4065c0","ts":"365078135046"},{"cat":"function","dur":"10","name":"renderLine","ph":"X","pid":"0","tid":"0x10a4065c0","ts":"365078135282"},{"cat":"function","dur":"7","name":"renderLine","ph":"X","pid":"0","tid":"0x10a4065c0","ts":"365078135302"},{"cat":"function","dur":"17183","name":"loop","ph":"X","pid":"0","tid":"0x10a4065c0","ts":"365078134923"},{"cat":"function","dur":"43","name":"renderCircle","ph":"X","pid":"0","tid":"0x10a4065c0","ts":"365078152174"},{"cat":"function","dur":"14","name":"renderQuad","ph":"X","pid":"0","tid":"0x10a4065c0","ts":"365078152236"},{"cat":"function","dur":"22","name":"renderLine","ph":"X","pid":"0","tid":"0x10a4065c0","ts":"365078152275"},{"cat":"function","dur":"22","name":"render","ph":"X","pid":"0","tid":"0x10a4065c0","ts":"365078152316"},{"cat":"function","dur":"14","name":"render","ph":"X","pid":"0","tid":"0x10a4065c0","ts":"365078152353"},{"cat":"function","dur":"11","name":"render","ph":"X","pid":"0","tid":"0x10a4065c0","ts":"365078152380"},{"cat":"function","dur":"375","name":"renderFrame","ph":"X","pid":"0","tid":"0x10a4065c0","ts":"365078152315"},{"cat":"function","dur":"38","name":"renderLine","ph":"X","pid":"0","tid":"0x10a4065c0","ts":"365078152742"},{"cat":"function","dur":"14","name":"renderLine","ph":"X","pid":"0","tid":"0x10a4065c0","ts":"365078152809"},{"cat":"function","dur":"17607","name":"loop","ph":"X","pid":"0","tid":"0x10a4065c0","ts":"365078152151"},{"cat":"function","dur":"36","name":"renderCircle","ph":"X","pid":"0","tid":"0x10a4065c0","ts":"365078169835"},{"cat":"function","dur":"12","name":"renderQuad","ph":"X","pid":"0","tid":"0x10a4065c0","ts":"365078169892"},{"cat":"function","dur":"18","name":"renderLine","ph":"X","pid":"0","tid":"0x10a4065c0","ts":"365078169925"},{"cat":"function","dur":"14","name":"render","ph":"X","pid":"0","tid":"0x10a4065c0","ts":"365078169953"},{"cat":"function","dur":"9","name":"render","ph":"X","pid":"0","tid":"0x10a4065c0","ts":"365078169976"},{"cat":"function","dur":"8","name":"render","ph":"X","pid":"0","tid":"0x10a4065c0","ts":"365078169992"},{"cat":"function","dur":"226","name":"renderFrame","ph":"X","pid":"0","tid":"0x10a4065c0","ts":"365078169953"},{"cat":"function","dur":"11","name":"renderLine","ph":"X","pid":"0","tid":"0x10a4065c0","ts":"365078170192"},{"cat":"function","dur":"7","name":"renderLine","ph":"X","pid":"0","tid":"0x10a4065c0","ts":"365078170213"},{"cat":"function","dur":"16685","name":"loop","ph":"X","pid":"0","tid":"0x10a4065c0","ts":"365078169815"},{"cat":"function","dur":"58","name":"renderCircle","ph":"X","pid":"0","tid":"0x10a4065c0","ts":"365078186598"},{"cat":"function","dur":"18","name":"renderQuad","ph":"X","pid":"0","tid":"0x10a4065c0","ts":"365078186677"},{"cat":"function","dur":"30","name":"renderLine","ph":"X","pid":"0","tid":"0x10a4065c0","ts":"365078186730"},{"cat":"function","dur":"25","name":"render","ph":"X","pid":"0","tid":"0x10a4065c0","ts":"365078186779"},{"cat":"function","dur":"16","name":"render","ph":"X","pid":"0","tid":"0x10a4065c0","ts":"365078186818"},{"cat":"function","dur":"14","name":"render","ph":"X","pid":"0","tid":"0x10a4065c0","ts":"365078186847"},{"cat":"function","dur":"446","name":"renderFrame","ph":"X","pid":"0","tid":"0x10a4065c0","ts":"365078186777"},{"cat":"function","dur":"29","name":"renderLine","ph":"X","pid":"0","tid":"0x10a4065c0","ts":"365078187256"},{"cat":"function","dur":"13","name":"renderLine","ph":"X","pid":"0","tid":"0x10a4065c0","ts":"365078187306"},{"cat":"function","dur":"17057","name":"loop","ph":"X","pid":"0","tid":"0x10a4065c0","ts":"365078186562"},{"cat":"function","dur":"37","name":"renderCircle","ph":"X","pid":"0","tid":"0x10a4065c0","ts":"365078203730"},{"cat":"function","dur":"12","name":"renderQuad","ph":"X","pid":"0","tid":"0x10a4065c0","ts":"365078203789"},{"cat":"function","dur":"18","name":"renderLine","ph":"X","pid":"0","tid":"0x10a4065c0","ts":"365078203822"},{"cat":"function","dur":"14","name":"render","ph":"X","pid":"0","tid":"0x10a4065c0","ts":"365078203851"},{"cat":"function","dur":"9","name":"render","ph":"X","pid":"0","tid":"0x10a4065c0","ts":"365078203873"},{"cat":"function","dur":"8","name":"render","ph":"X","pid":"0","tid":"0x10a4065c0","ts":"365078203890"},{"cat":"function","dur":"233","name":"renderFrame","ph":"X","pid":"0","tid":"0x10a4065c0","ts":"365078203850"},{"cat":"function","dur":"11","name":"renderLine","ph":"X","pid":"0","tid":"0x10a4065c0","ts":"365078204096"},{"cat":"function","dur":"8","name":"renderLine","ph":"X","pid":"0","tid":"0x10a4065c0","ts":"365078204117"},{"cat":"function","dur":"17969","name":"loop","ph":"X","pid":"0","tid":"0x10a4065c0","ts":"365078203708"},{"cat":"function","dur":"59","name":"renderCircle","ph":"X","pid":"0","tid":"0x10a4065c0","ts":"365078221771"},{"cat":"function","dur":"14","name":"renderQuad","ph":"X","pid":"0","tid":"0x10a4065c0","ts":"365078221845"},{"cat":"function","dur":"27","name":"renderLine","ph":"X","pid":"0","tid":"0x10a4065c0","ts":"365078221885"},{"cat":"function","dur":"20","name":"render","ph":"X","pid":"0","tid":"0x10a4065c0","ts":"365078221924"},{"cat":"function","dur":"11","name":"render","ph":"X","pid":"0","tid":"0x10a4065c0","ts":"365078221952"},{"cat":"function","dur":"10","name":"render","ph":"X","pid":"0","tid":"0x10a4065c0","ts":"365078221971"},{"cat":"function","dur":"294","name":"renderFrame","ph":"X","pid":"0","tid":"0x10a4065c0","ts":"365078221922"},{"cat":"function","dur":"18","name":"renderLine","ph":"X","pid":"0","tid":"0x10a4065c0","ts":"365078222240"},{"cat":"function","dur":"10","name":"renderLine","ph":"X","pid":"0","tid":"0x10a4065c0","ts":"365078222271"},{"cat":"function","dur":"16556","name":"loop","ph":"X","pid":"0","tid":"0x10a4065c0","ts":"365078221733"},{"cat":"function","dur":"35","name":"renderCircle","ph":"X","pid":"0","tid":"0x10a4065c0","ts":"365078238348"},{"cat":"function","dur":"11","name":"renderQuad","ph":"X","pid":"0","tid":"0x10a4065c0","ts":"365078238396"},{"cat":"function","dur":"16","name":"renderLine","ph":"X","pid":"0","tid":"0x10a4065c0","ts":"365078238427"},{"cat":"function","dur":"14","name":"render","ph":"X","pid":"0","tid":"0x10a4065c0","ts":"365078238453"},{"cat":"function","dur":"9","name":"render","ph":"X","pid":"0","tid":"0x10a4065c0","ts":"365078238476"},{"cat":"function","dur":"7","name":"render","ph":"X","pid":"0","tid":"0x10a4065c0","ts":"365078238493"},{"cat":"function","dur":"225","name":"renderFrame","ph":"X","pid":"0","tid":"0x10a4065c0","ts":"365078238453"},{"cat":"function","dur":"11","name":"renderLine","ph":"X","pid":"0","tid":"0x10a4065c0","ts":"365078238691"},{"cat":"function","dur":"7","name":"renderLine","ph":"X","pid":"0","tid":"0x10a4065c0","ts":"365078238712"},{"cat":"function","dur":"17040","name":"loop","ph":"X","pid":"0","tid":"0x10a4065c0","ts":"365078238327"},{"cat":"function","dur":"63","name":"renderCircle","ph":"X","pid":"0","tid":"0x10a4065c0","ts":"365078255493"},{"cat":"function","dur":"13","name":"renderQuad","ph":"X","pid":"0","tid":"0x10a4065c0","ts":"365078255574"},{"cat":"function","dur":"25","name":"renderLine","ph":"X","pid":"0","tid":"0x10a4065c0","ts":"365078255612"},{"cat":"function","dur":"19","name":"render","ph":"X","pid":"0","tid":"0x10a4065c0","ts":"365078255674"},{"cat":"function","dur":"11","name":"render","ph":"X","pid":"0","tid":"0x10a4065c0","ts":"365078255703"},{"cat":"function","dur":"9","name":"render","ph":"X","pid":"0","tid":"0x10a4065c0","ts":"365078255722"},{"cat":"function","dur":"256","name":"renderFrame","ph":"X","pid":"0","tid":"0x10a4065c0","ts":"365078255673"},{"cat":"function","dur":"13","name":"renderLine","ph":"X","pid":"0","tid":"0x10a4065c0","ts":"365078255943"},{"cat":"function","dur":"8","name":"renderLine","ph":"X","pid":"0","tid":"0x10a4065c0","ts":"365078255968"},{"cat":"function","dur":"16508","name":"loop","ph":"X","pid":"0","tid":"0x10a4065c0","ts":"365078255453"},{"cat":"function","dur":"40","name":"renderCircle","ph":"X","pid":"0","tid":"0x10a4065c0","ts":"365078272128"},{"cat":"function","dur":"12","name":"renderQuad","ph":"X","pid":"0","tid":"0x10a4065c0","ts":"365078272192"},{"cat":"function","dur":"18","name":"renderLine","ph":"X","pid":"0","tid":"0x10a4065c0","ts":"365078272226"},{"cat":"function","dur":"14","name":"render","ph":"X","pid":"0","tid":"0x10a4065c0","ts":"365078272255"},{"cat":"function","dur":"8","name":"render","ph":"X","pid":"0","tid":"0x10a4065c0","ts":"365078272278"},{"cat":"function","dur":"8","name":"render","ph":"X","pid":"0","tid":"0x10a4065c0","ts":"365078272295"},{"cat":"function","dur":"334","name":"renderFrame","ph":"X","pid":"0","tid":"0x10a4065c0","ts":"365078272255"},{"cat":"function","dur":"47","name":"timeStep","ph":"X","pid":"0","tid":"0x10a4065c0","ts":"365078272611"},{"cat":"function","dur":"18","name":"renderLine","ph":"X","pid":"0","tid":"0x10a4065c0","ts":"365078272671"},{"cat":"function","dur":"8","name":"renderLine","ph":"X","pid":"0","tid":"0x10a4065c0","ts":"365078272701"},{"cat":"function","dur":"17245","name":"loop","ph":"X","pid":"0","tid":"0x10a4065c0","ts":"365078272034"},{"cat":"function","dur":"55","name":"renderCircle","ph":"X","pid":"0","tid":"0x10a4065c0","ts":"365078289378"},{"cat":"function","dur":"13","name":"renderQuad","ph":"X","pid":"0","tid":"0x10a4065c0","ts":"365078289447"},{"cat":"function","dur":"23","name":"renderLine","ph":"X","pid":"0","tid":"0x10a4065c0","ts":"365078289483"},{"cat":"function","dur":"17","name":"render","ph":"X","pid":"0","tid":"0x10a4065c0","ts":"365078289517"},{"cat":"function","dur":"10","name":"render","ph":"X","pid":"0","tid":"0x10a4065c0","ts":"365078289542"},{"cat":"function","dur":"9","name":"render","ph":"X","pid":"0","tid":"0x10a4065c0","ts":"365078289560"},{"cat":"function","dur":"243","name":"renderFrame","ph":"X","pid":"0","tid":"0x10a4065c0","ts":"365078289516"},{"cat":"function","dur":"12","name":"renderLine","ph":"X","pid":"0","tid":"0x10a4065c0","ts":"365078289774"},{"cat":"function","dur":"8","name":"renderLine","ph":"X","pid":"0","tid":"0x10a4065c0","ts":"365078289797"},{"cat":"function","dur":"16429","name":"loop","ph":"X","pid":"0","tid":"0x10a4065c0","ts":"365078289342"},{"cat":"function","dur":"35","name":"renderCircle","ph":"X","pid":"0","tid":"0x10a4065c0","ts":"365078305830"},{"cat":"function","dur":"11","name":"renderQuad","ph":"X","pid":"0","tid":"0x10a4065c0","ts":"365078305878"},{"cat":"function","dur":"16","name":"renderLine","ph":"X","pid":"0","tid":"0x10a4065c0","ts":"365078305909"},{"cat":"function","dur":"13","name":"render","ph":"X","pid":"0","tid":"0x10a4065c0","ts":"365078305935"},{"cat":"function","dur":"9","name":"render","ph":"X","pid":"0","tid":"0x10a4065c0","ts":"365078305956"},{"cat":"function","dur":"8","name":"render","ph":"X","pid":"0","tid":"0x10a4065c0","ts":"365078305972"},{"cat":"function","dur":"224","name":"renderFrame","ph":"X","pid":"0","tid":"0x10a4065c0","ts":"365078305934"},{"cat":"function","dur":"11","name":"renderLine","ph":"X","pid":"0","tid":"0x10a4065c0","ts":"365078306171"},{"cat":"function","dur":"8","name":"renderLine","ph":"X","pid":"0","tid":"0x10a4065c0","ts":"365078306191"},{"cat":"function","dur":"17960","name":"loop","ph":"X","pid":"0","tid":"0x10a4065c0","ts":"365078305808"},{"cat":"function","dur":"65","name":"renderCircle","ph":"X","pid":"0","tid":"0x10a4065c0","ts":"365078323878"},{"cat":"function","dur":"15","name":"renderQuad","ph":"X","pid":"0","tid":"0x10a4065c0","ts":"365078323983"},{"cat":"function","dur":"26","name":"renderLine","ph":"X","pid":"0","tid":"0x10a4065c0","ts":"365078324023"},{"cat":"function","dur":"20","name":"render","ph":"X","pid":"0","tid":"0x10a4065c0","ts":"365078324060"},{"cat":"function","dur":"10","name":"render","ph":"X","pid":"0","tid":"0x10a4065c0","ts":"365078324089"},{"cat":"function","dur":"9","name":"render","ph":"X","pid":"0","tid":"0x10a4065c0","ts":"365078324107"},{"cat":"function","dur":"256","name":"renderFrame","ph":"X","pid":"0","tid":"0x10a4065c0","ts":"365078324059"},{"cat":"function","dur":"13","name":"renderLine","ph":"X","pid":"0","tid":"0x10a4065c0","ts":"365078324329"},{"cat":"function","dur":"8","name":"renderLine","ph":"X","pid":"0","tid":"0x10a4065c0","ts":"365078324353"},{"cat":"function","dur":"17813","name":"loop","ph":"X","pid":"0","tid":"0x10a4065c0","ts":"365078323839"},{"cat":"function","dur":"34","name":"renderCircle","ph":"X","pid":"0","tid":"0x10a4065c0","ts":"365078341708"},{"cat":"function","dur":"11","name":"renderQuad","ph":"X","pid":"0","tid":"0x10a4065c0","ts":"365078341753"},{"cat":"function","dur":"16","name":"renderLine","ph":"X","pid":"0","tid":"0x10a4065c0","ts":"365078341783"},{"cat":"function","dur":"13","name":"render","ph":"X","pid":"0","tid":"0x10a4065c0","ts":"365078341809"},{"cat":"function","dur":"9","name":"render","ph":"X","pid":"0","tid":"0x10a4065c0","ts":"365078341830"},{"cat":"function","dur":"8","name":"render","ph":"X","pid":"0","tid":"0x10a4065c0","ts":"365078341846"},{"cat":"function","dur":"222","name":"renderFrame","ph":"X","pid":"0","tid":"0x10a4065c0","ts":"365078341808"},{"cat":"function","dur":"10","name":"renderLine","ph":"X","pid":"0","tid":"0x10a4065c0","ts":"365078342043"},{"cat":"function","dur":"7","name":"renderLine","ph":"X","pid":"0","tid":"0x10a4065c0","ts":"365078342063"},{"cat":"function","dur":"17258","name":"loop","ph":"X","pid":"0","tid":"0x10a4065c0","ts":"365078341687"},{"cat":"function","dur":"43","name":"renderCircle","ph":"X","pid":"0","tid":"0x10a4065c0","ts":"365078359012"},{"cat":"function","dur":"11","name":"renderQuad","ph":"X","pid":"0","tid":"0x10a4065c0","ts":"365078359068"},{"cat":"function","dur":"18","name":"renderLine","ph":"X","pid":"0","tid":"0x10a4065c0","ts":"365078359100"},{"cat":"function","dur":"14","name":"render","ph":"X","pid":"0","tid":"0x10a4065c0","ts":"365078359129"},{"cat":"function","dur":"9","name":"render","ph":"X","pid":"0","tid":"0x10a4065c0","ts":"365078359152"},{"cat":"function","dur":"9","name":"render","ph":"X","pid":"0","tid":"0x10a4065c0","ts":"365078359169"},{"cat":"function","dur":"234","name":"renderFrame","ph":"X","pid":"0","tid":"0x10a4065c0","ts":"365078359128"},{"cat":"function","dur":"11","name":"renderLine","ph":"X","pid":"0","tid":"0x10a4065c0","ts":"365078359375"},{"cat":"function","dur":"8","name":"renderLine","ph":"X","pid":"0","tid":"0x10a4065c0","ts":"365078359397"},{"cat":"function","dur":"17983","name":"loop","ph":"X","pid":"0","tid":"0x10a4065c0","ts":"365078358987"},{"cat":"function","dur":"34","name":"renderCircle","ph":"X","pid":"0","tid":"0x10a4065c0","ts":"365078377026"},{"cat":"function","dur":"10","name":"renderQuad","ph":"X","pid":"0","tid":"0x10a4065c0","ts":"365078377073"},{"cat":"function","dur":"17","name":"renderLine","ph":"X","pid":"0","tid":"0x10a4065c0","ts":"365078377103"},{"cat":"function","dur":"13","name":"render","ph":"X","pid":"0","tid":"0x10a4065c0","ts":"365078377130"},{"cat":"function","dur":"8","name":"render","ph":"X","pid":"0","tid":"0x10a4065c0","ts":"365078377151"},{"cat":"function","dur":"8","name":"render","ph":"X","pid":"0","tid":"0x10a4065c0","ts":"365078377167"},{"cat":"function","dur":"221","name":"renderFrame","ph":"X","pid":"0","tid":"0x10a4065c0","ts":"365078377129"},{"cat":"function","dur":"10","name":"renderLine","ph":"X","pid":"0","tid":"0x10a4065c0","ts":"365078377362"},{"cat":"function","dur":"7","name":"renderLine","ph":"X","pid":"0","tid":"0x10a4065c0","ts":"365078377382"},{"cat":"function","dur":"17019","name":"loop","ph":"X","pid":"0","tid":"0x10a4065c0","ts":"365078377006"},{"cat":"function","dur":"43","name":"renderCircle","ph":"X","pid":"0","tid":"0x10a4065c0","ts":"365078394095"},{"cat":"function","dur":"13","name":"renderQuad","ph":"X","pid":"0","tid":"0x10a4065c0","ts":"365078394151"},{"cat":"function","dur":"20","name":"renderLine","ph":"X","pid":"0","tid":"0x10a4065c0","ts":"365078394185"},{"cat":"function","dur":"14","name":"render","ph":"X","pid":"0","tid":"0x10a4065c0","ts":"365078394216"},{"cat":"function","dur":"10","name":"render","ph":"X","pid":"0","tid":"0x10a4065c0","ts":"365078394239"},{"cat":"function","dur":"8","name":"render","ph":"X","pid":"0","tid":"0x10a4065c0","ts":"365078394257"},{"cat":"function","dur":"237","name":"renderFrame","ph":"X","pid":"0","tid":"0x10a4065c0","ts":"365078394215"},{"cat":"function","dur":"12","name":"renderLine","ph":"X","pid":"0","tid":"0x10a4065c0","ts":"365078394466"},{"cat":"function","dur":"7","name":"renderLine","ph":"X","pid":"0","tid":"0x10a4065c0","ts":"365078394489"},{"cat":"function","dur":"16126","name":"loop","ph":"X","pid":"0","tid":"0x10a4065c0","ts":"365078394068"},{"cat":"function","dur":"39","name":"renderCircle","ph":"X","pid":"0","tid":"0x10a4065c0","ts":"365078410280"},{"cat":"function","dur":"12","name":"renderQuad","ph":"X","pid":"0","tid":"0x10a4065c0","ts":"365078410334"},{"cat":"function","dur":"18","name":"renderLine","ph":"X","pid":"0","tid":"0x10a4065c0","ts":"365078410366"},{"cat":"function","dur":"28","name":"render","ph":"X","pid":"0","tid":"0x10a4065c0","ts":"365078410394"},{"cat":"function","dur":"8","name":"render","ph":"X","pid":"0","tid":"0x10a4065c0","ts":"365078410431"},{"cat":"function","dur":"8","name":"render","ph":"X","pid":"0","tid":"0x10a4065c0","ts":"365078410447"},{"cat":"function","dur":"240","name":"renderFrame","ph":"X","pid":"0","tid":"0x10a4065c0","ts":"365078410394"},{"cat":"function","dur":"11","name":"renderLine","ph":"X","pid":"0","tid":"0x10a4065c0","ts":"365078410646"},{"cat":"function","dur":"7","name":"renderLine","ph":"X","pid":"0","tid":"0x10a4065c0","ts":"365078410667"},{"cat":"function","dur":"17108","name":"loop","ph":"X","pid":"0","tid":"0x10a4065c0","ts":"365078410254"},{"cat":"function","dur":"33","name":"renderCircle","ph":"X","pid":"0","tid":"0x10a4065c0","ts":"365078427428"},{"cat":"function","dur":"11","name":"renderQuad","ph":"X","pid":"0","tid":"0x10a4065c0","ts":"365078427474"},{"cat":"function","dur":"16","name":"renderLine","ph":"X","pid":"0","tid":"0x10a4065c0","ts":"365078427505"},{"cat":"function","dur":"13","name":"render","ph":"X","pid":"0","tid":"0x10a4065c0","ts":"365078427532"},{"cat":"function","dur":"8","name":"render","ph":"X","pid":"0","tid":"0x10a4065c0","ts":"365078427554"},{"cat":"function","dur":"8","name":"render","ph":"X","pid":"0","tid":"0x10a4065c0","ts":"365078427570"},{"cat":"function","dur":"226","name":"renderFrame","ph":"X","pid":"0","tid":"0x10a4065c0","ts":"365078427531"},{"cat":"function","dur":"11","name":"renderLine","ph":"X","pid":"0","tid":"0x10a4065c0","ts":"365078427769"},{"cat":"function","dur":"7","name":"renderLine","ph":"X","pid":"0","tid":"0x10a4065c0","ts":"365078427790"},{"cat":"function","dur":"17443","name":"loop","ph":"X","pid":"0","tid":"0x10a4065c0","ts":"365078427404"},{"cat":"function","dur":"36","name":"renderCircle","ph":"X","pid":"0","tid":"0x10a4065c0","ts":"365078444906"},{"cat":"function","dur":"11","name":"renderQuad","ph":"X","pid":"0","tid":"0x10a4065c0","ts":"365078444953"},{"cat":"function","dur":"17","name":"renderLine","ph":"X","pid":"0","tid":"0x10a4065c0","ts":"365078444983"},{"cat":"function","dur":"17","name":"render","ph":"X","pid":"0","tid":"0x10a4065c0","ts":"365078445010"},{"cat":"function","dur":"13","name":"render","ph":"X","pid":"0","tid":"0x10a4065c0","ts":"365078445040"},{"cat":"function","dur":"9","name":"render","ph":"X","pid":"0","tid":"0x10a4065c0","ts":"365078445063"},{"cat":"function","dur":"234","name":"renderFrame","ph":"X","pid":"0","tid":"0x10a4065c0","ts":"365078445010"},{"cat":"function","dur":"12","name":"renderLine","ph":"X","pid":"0","tid":"0x10a4065c0","ts":"365078445274"},{"cat":"function","dur":"8","name":"renderLine","ph":"X","pid":"0","tid":"0x10a4065c0","ts":"365078445301"},{"cat":"function","dur":"17949","name":"loop","ph":"X","pid":"0","tid":"0x10a4065c0","ts":"365078444883"},{"cat":"function","dur":"35","name":"renderCircle","ph":"X","pid":"0","tid":"0x10a4065c0","ts":"365078462892"},{"cat":"function","dur":"10","name":"renderQuad","ph":"X","pid":"0","tid":"0x10a4065c0","ts":"365078462939"},{"cat":"function","dur":"17","name":"renderLine","ph":"X","pid":"0","tid":"0x10a4065c0","ts":"365078462968"},{"cat":"function","dur":"13","name":"render","ph":"X","pid":"0","tid":"0x10a4065c0","ts":"365078462994"},{"cat":"function","dur":"8","name":"render","ph":"X","pid":"0","tid":"0x10a4065c0","ts":"365078463015"},{"cat":"function","dur":"8","name":"render","ph":"X","pid":"0","tid":"0x10a4065c0","ts":"365078463030"},{"cat":"function","dur":"218","name":"renderFrame","ph":"X","pid":"0","tid":"0x10a4065c0","ts":"365078462993"},{"cat":"function","dur":"10","name":"renderLine","ph":"X","pid":"0","tid":"0x10a4065c0","ts":"365078463223"},{"cat":"function","dur":"6","name":"renderLine","ph":"X","pid":"0","tid":"0x10a4065c0","ts":"365078463243"},{"cat":"function","dur":"17940","name":"loop","ph":"X","pid":"0","tid":"0x10a4065c0","ts":"365078462871"},{"cat":"function","dur":"36","name":"renderCircle","ph":"X","pid":"0","tid":"0x10a4065c0","ts":"365078480869"},{"cat":"function","dur":"10","name":"renderQuad","ph":"X","pid":"0","tid":"0x10a4065c0","ts":"365078480917"},{"cat":"function","dur":"16","name":"renderLine","ph":"X","pid":"0","tid":"0x10a4065c0","ts":"365078480946"},{"cat":"function","dur":"13","name":"render","ph":"X","pid":"0","tid":"0x10a4065c0","ts":"365078480972"},{"cat":"function","dur":"8","name":"render","ph":"X","pid":"0","tid":"0x10a4065c0","ts":"365078480993"},{"cat":"function","dur":"7","name":"render","ph":"X","pid":"0","tid":"0x10a4065c0","ts":"365078481009"},{"cat":"function","dur":"212","name":"renderFrame","ph":"X","pid":"0","tid":"0x10a4065c0","ts":"365078480971"},{"cat":"function","dur":"11","name":"renderLine","ph":"X","pid":"0","tid":"0x10a4065c0","ts":"365078481195"},{"cat":"function","dur":"6","name":"renderLine","ph":"X","pid":"0","tid":"0x10a4065c0","ts":"365078481215"},{"cat":"function","dur":"17689","name":"loop","ph":"X","pid":"0","tid":"0x10a4065c0","ts":"365078480848"},{"cat":"function","dur":"34","name":"renderCircle","ph":"X","pid":"0","tid":"0x10a4065c0","ts":"365078498595"},{"cat":"function","dur":"11","name":"renderQuad","ph":"X","pid":"0","tid":"0x10a4065c0","ts":"365078498640"},{"cat":"function","dur":"16","name":"renderLine","ph":"X","pid":"0","tid":"0x10a4065c0","ts":"365078498669"},{"cat":"function","dur":"12","name":"render","ph":"X","pid":"0","tid":"0x10a4065c0","ts":"365078498695"},{"cat":"function","dur":"8","name":"render","ph":"X","pid":"0","tid":"0x10a4065c0","ts":"365078498715"},{"cat":"function","dur":"7","name":"render","ph":"X","pid":"0","tid":"0x10a4065c0","ts":"365078498731"},{"cat":"function","dur":"212","name":"renderFrame","ph":"X","pid":"0","tid":"0x10a4065c0","ts":"365078498694"},{"cat":"function","dur":"11","name":"renderLine","ph":"X","pid":"0","tid":"0x10a4065c0","ts":"365078498917"},{"cat":"function","dur":"6","name":"renderLine","ph":"X","pid":"0","tid":"0x10a4065c0","ts":"365078498937"},{"cat":"function","dur":"17962","name":"loop","ph":"X","pid":"0","tid":"0x10a4065c0","ts":"365078498574"},{"cat":"function","dur":"34","name":"renderCircle","ph":"X","pid":"0","tid":"0x10a4065c0","ts":"365078516592"},{"cat":"function","dur":"11","name":"renderQuad","ph":"X","pid":"0","tid":"0x10a4065c0","ts":"365078516638"},{"cat":"function","dur":"17","name":"renderLine","ph":"X","pid":"0","tid":"0x10a4065c0","ts":"365078516671"},{"cat":"function","dur":"13","name":"render","ph":"X","pid":"0","tid":"0x10a4065c0","ts":"365078516698"},{"cat":"function","dur":"8","name":"render","ph":"X","pid":"0","tid":"0x10a4065c0","ts":"365078516719"},{"cat":"function","dur":"9","name":"render","ph":"X","pid":"0","tid":"0x10a4065c0","ts":"365078516753"},{"cat":"function","dur":"262","name":"renderFrame","ph":"X","pid":"0","tid":"0x10a4065c0","ts":"365078516697"},{"cat":"function","dur":"11","name":"renderLine","ph":"X","pid":"0","tid":"0x10a4065c0","ts":"365078516971"},{"cat":"function","dur":"6","name":"renderLine","ph":"X","pid":"0","tid":"0x10a4065c0","ts":"365078516992"},{"cat":"function","dur":"17356","name":"loop","ph":"X","pid":"0","tid":"0x10a4065c0","ts":"365078516572"},{"cat":"function","dur":"37","name":"renderCircle","ph":"X","pid":"0","tid":"0x10a4065c0","ts":"365078533991"},{"cat":"function","dur":"11","name":"renderQuad","ph":"X","pid":"0","tid":"0x10a4065c0","ts":"365078534040"},{"cat":"function","dur":"17","name":"renderLine","ph":"X","pid":"0","tid":"0x10a4065c0","ts":"365078534070"},{"cat":"function","dur":"14","name":"render","ph":"X","pid":"0","tid":"0x10a4065c0","ts":"365078534096"},{"cat":"function","dur":"8","name":"render","ph":"X","pid":"0","tid":"0x10a4065c0","ts":"365078534117"},{"cat":"function","dur":"7","name":"render","ph":"X","pid":"0","tid":"0x10a4065c0","ts":"365078534133"},{"cat":"function","dur":"215","name":"renderFrame","ph":"X","pid":"0","tid":"0x10a4065c0","ts":"365078534095"},{"cat":"function","dur":"10","name":"renderLine","ph":"X","pid":"0","tid":"0x10a4065c0","ts":"365078534322"},{"cat":"function","dur":"7","name":"renderLine","ph":"X","pid":"0","tid":"0x10a4065c0","ts":"365078534341"},{"cat":"function","dur":"17255","name":"loop","ph":"X","pid":"0","tid":"0x10a4065c0","ts":"365078533968"},{"cat":"function","dur":"34","name":"renderCircle","ph":"X","pid":"0","tid":"0x10a4065c0","ts":"365078551281"},{"cat":"function","dur":"11","name":"renderQuad","ph":"X","pid":"0","tid":"0x10a4065c0","ts":"365078551327"},{"cat":"function","dur":"16","name":"renderLine","ph":"X","pid":"0","tid":"0x10a4065c0","ts":"365078551356"},{"cat":"function","dur":"13","name":"render","ph":"X","pid":"0","tid":"0x10a4065c0","ts":"365078551381"},{"cat":"function","dur":"8","name":"render","ph":"X","pid":"0","tid":"0x10a4065c0","ts":"365078551402"},{"cat":"function","dur":"7","name":"render","ph":"X","pid":"0","tid":"0x10a4065c0","ts":"365078551417"},{"cat":"function","dur":"210","name":"renderFrame","ph":"X","pid":"0","tid":"0x10a4065c0","ts":"365078551381"},{"cat":"function","dur":"10","name":"renderLine","ph":"X","pid":"0","tid":"0x10a4065c0","ts":"365078551603"},{"cat":"function","dur":"7","name":"renderLine","ph":"X","pid":"0","tid":"0x10a4065c0","ts":"365078551625"},{"cat":"function","dur":"17190","name":"loop","ph":"X","pid":"0","tid":"0x10a4065c0","ts":"365078551258"},{"cat":"function","dur":"34","name":"renderCircle","ph":"X","pid":"0","tid":"0x10a4065c0","ts":"365078568505"},{"cat":"function","dur":"11","name":"renderQuad","ph":"X","pid":"0","tid":"0x10a4065c0","ts":"365078568551"},{"cat":"function","dur":"16","name":"renderLine","ph":"X","pid":"0","tid":"0x10a4065c0","ts":"365078568581"},{"cat":"function","dur":"12","name":"render","ph":"X","pid":"0","tid":"0x10a4065c0","ts":"365078568607"},{"cat":"function","dur":"8","name":"render","ph":"X","pid":"0","tid":"0x10a4065c0","ts":"365078568627"},{"cat":"function","dur":"8","name":"render","ph":"X","pid":"0","tid":"0x10a4065c0","ts":"365078568642"},{"cat":"function","dur":"213","name":"renderFrame","ph":"X","pid":"0","tid":"0x10a4065c0","ts":"365078568606"},{"cat":"function","dur":"11","name":"renderLine","ph":"X","pid":"0","tid":"0x10a4065c0","ts":"365078568840"},{"cat":"function","dur":"7","name":"renderLine","ph":"X","pid":"0","tid":"0x10a4065c0","ts":"365078568861"},{"cat":"function","dur":"87472","name":"loop","ph":"X","pid":"0","tid":"0x10a4065c0","ts":"365078568484"}],"displayTimeUnit":"ns"}