{"traceEvents":[{"cat":"function","dur":"5964","name":"renderCircle","ph":"X","pid":"0","tid":"0x1189925c0","ts":"365556455450"},{"cat":"function","dur":"1627","name":"renderQuad","ph":"X","pid":"0","tid":"0x1189925c0","ts":"365556461486"},{"cat":"function","dur":"976","name":"renderLine","ph":"X","pid":"0","tid":"0x1189925c0","ts":"365556463169"},{"cat":"function","dur":"1720","name":"render","ph":"X","pid":"0","tid":"0x1189925c0","ts":"365556464170"},{"cat":"function","dur":"30","name":"render","ph":"X","pid":"0","tid":"0x1189925c0","ts":"365556465913"},{"cat":"function","dur":"25","name":"render","ph":"X","pid":"0","tid":"0x1189925c0","ts":"365556465959"},{"cat":"function","dur":"2063","name":"renderFrame","ph":"X","pid":"0","tid":"0x1189925c0","ts":"365556464169"},{"cat":"function","dur":"41","name":"renderLine","ph":"X","pid":"0","tid":"0x1189925c0","ts":"365556466256"},{"cat":"function","dur":"36","name":"renderLine","ph":"X","pid":"0","tid":"0x1189925c0","ts":"365556466324"},{"cat":"function","dur":"104873","name":"loop","ph":"X","pid":"0","tid":"0x1189925c0","ts":"365556455418"},{"cat":"function","dur":"37","name":"renderCircle","ph":"X","pid":"0","tid":"0x1189925c0","ts":"365556560360"},{"cat":"function","dur":"12","name":"renderQuad","ph":"X","pid":"0","tid":"0x1189925c0","ts":"365556560414"},{"cat":"function","dur":"17","name":"renderLine","ph":"X","pid":"0","tid":"0x1189925c0","ts":"365556560449"},{"cat":"function","dur":"13","name":"render","ph":"X","pid":"0","tid":"0x1189925c0","ts":"365556560480"},{"cat":"function","dur":"9","name":"render","ph":"X","pid":"0","tid":"0x1189925c0","ts":"365556560504"},{"cat":"function","dur":"8","name":"render","ph":"X","pid":"0","tid":"0x1189925c0","ts":"365556560524"},{"cat":"function","dur":"232","name":"renderFrame","ph":"X","pid":"0","tid":"0x1189925c0","ts":"365556560479"},{"cat":"function","dur":"11","name":"renderLine","ph":"X","pid":"0","tid":"0x1189925c0","ts":"365556560728"},{"cat":"function","dur":"55","name":"renderLine","ph":"X","pid":"0","tid":"0x1189925c0","ts":"365556560761"},{"cat":"function","dur":"17152","name":"loop","ph":"X","pid":"0","tid":"0x1189925c0","ts":"365556560342"},{"cat":"function","dur":"37","name":"renderCircle","ph":"X","pid":"0","tid":"0x1189925c0","ts":"365556577583"},{"cat":"function","dur":"11","name":"renderQuad","ph":"X","pid":"0","tid":"0x1189925c0","ts":"365556577638"},{"cat":"function","dur":"17","name":"renderLine","ph":"X","pid":"0","tid":"0x1189925c0","ts":"365556577674"},{"cat":"function","dur":"14","name":"render","ph":"X","pid":"0","tid":"0x1189925c0","ts":"365556577705"},{"cat":"function","dur":"9","name":"render","ph":"X","pid":"0","tid":"0x1189925c0","ts":"365556577731"},{"cat":"function","dur":"8","name":"render","ph":"X","pid":"0","tid":"0x1189925c0","ts":"365556577751"},{"cat":"function","dur":"239","name":"renderFrame","ph":"X","pid":"0","tid":"0x1189925c0","ts":"365556577704"},{"cat":"function","dur":"11","name":"renderLine","ph":"X","pid":"0","tid":"0x1189925c0","ts":"365556577960"},{"cat":"function","dur":"8","name":"renderLine","ph":"X","pid":"0","tid":"0x1189925c0","ts":"365556577985"},{"cat":"function","dur":"16999","name":"loop","ph":"X","pid":"0","tid":"0x1189925c0","ts":"365556577551"},{"cat":"function","dur":"30","name":"renderCircle","ph":"X","pid":"0","tid":"0x1189925c0","ts":"365556594608"},{"cat":"function","dur":"12","name":"renderQuad","ph":"X","pid":"0","tid":"0x1189925c0","ts":"365556594654"},{"cat":"function","dur":"16","name":"renderLine","ph":"X","pid":"0","tid":"0x1189925c0","ts":"365556594691"},{"cat":"function","dur":"13","name":"render","ph":"X","pid":"0","tid":"0x1189925c0","ts":"365556594721"},{"cat":"function","dur":"9","name":"render","ph":"X","pid":"0","tid":"0x1189925c0","ts":"365556594746"},{"cat":"function","dur":"8","name":"render","ph":"X","pid":"0","tid":"0x1189925c0","ts":"365556594766"},{"cat":"function","dur":"240","name":"renderFrame","ph":"X","pid":"0","tid":"0x1189925c0","ts":"365556594720"},{"cat":"function","dur":"9","name":"renderLine","ph":"X","pid":"0","tid":"0x1189925c0","ts":"365556594974"},{"cat":"function","dur":"7","name":"renderLine","ph":"X","pid":"0","tid":"0x1189925c0","ts":"365556595005"},{"cat":"function","dur":"16374","name":"loop","ph":"X","pid":"0","tid":"0x1189925c0","ts":"365556594590"},{"cat":"function","dur":"44","name":"renderCircle","ph":"X","pid":"0","tid":"0x1189925c0","ts":"365556611040"},{"cat":"function","dur":"13","name":"renderQuad","ph":"X","pid":"0","tid":"0x1189925c0","ts":"365556611098"},{"cat":"function","dur":"17","name":"renderLine","ph":"X","pid":"0","tid":"0x1189925c0","ts":"365556611131"},{"cat":"function","dur":"14","name":"render","ph":"X","pid":"0","tid":"0x1189925c0","ts":"365556611159"},{"cat":"function","dur":"9","name":"render","ph":"X","pid":"0","tid":"0x1189925c0","ts":"365556611181"},{"cat":"function","dur":"8","name":"render","ph":"X","pid":"0","tid":"0x1189925c0","ts":"365556611198"},{"cat":"function","dur":"222","name":"renderFrame","ph":"X","pid":"0","tid":"0x1189925c0","ts":"365556611158"},{"cat":"function","dur":"11","name":"renderLine","ph":"X","pid":"0","tid":"0x1189925c0","ts":"365556611394"},{"cat":"function","dur":"7","name":"renderLine","ph":"X","pid":"0","tid":"0x1189925c0","ts":"365556611416"},{"cat":"function","dur":"16103","name":"loop","ph":"X","pid":"0","tid":"0x1189925c0","ts":"365556611014"},{"cat":"function","dur":"37","name":"renderCircle","ph":"X","pid":"0","tid":"0x1189925c0","ts":"365556627174"},{"cat":"function","dur":"11","name":"renderQuad","ph":"X","pid":"0","tid":"0x1189925c0","ts":"365556627224"},{"cat":"function","dur":"16","name":"renderLine","ph":"X","pid":"0","tid":"0x1189925c0","ts":"365556627256"},{"cat":"function","dur":"13","name":"render","ph":"X","pid":"0","tid":"0x1189925c0","ts":"365556627283"},{"cat":"function","dur":"9","name":"render","ph":"X","pid":"0","tid":"0x1189925c0","ts":"365556627304"},{"cat":"function","dur":"8","name":"render","ph":"X","pid":"0","tid":"0x1189925c0","ts":"365556627321"},{"cat":"function","dur":"221","name":"renderFrame","ph":"X","pid":"0","tid":"0x1189925c0","ts":"365556627282"},{"cat":"function","dur":"11","name":"renderLine","ph":"X","pid":"0","tid":"0x1189925c0","ts":"365556627516"},{"cat":"function","dur":"7","name":"renderLine","ph":"X","pid":"0","tid":"0x1189925c0","ts":"365556627538"},{"cat":"function","dur":"16386","name":"loop","ph":"X","pid":"0","tid":"0x1189925c0","ts":"365556627154"},{"cat":"function","dur":"33","name":"renderCircle","ph":"X","pid":"0","tid":"0x1189925c0","ts":"365556643591"},{"cat":"function","dur":"10","name":"renderQuad","ph":"X","pid":"0","tid":"0x1189925c0","ts":"365556643636"},{"cat":"function","dur":"16","name":"renderLine","ph":"X","pid":"0","tid":"0x1189925c0","ts":"365556643665"},{"cat":"function","dur":"12","name":"render","ph":"X","pid":"0","tid":"0x1189925c0","ts":"365556643691"},{"cat":"function","dur":"8","name":"render","ph":"X","pid":"0","tid":"0x1189925c0","ts":"365556643712"},{"cat":"function","dur":"7","name":"render","ph":"X","pid":"0","tid":"0x1189925c0","ts":"365556643728"},{"cat":"function","dur":"212","name":"renderFrame","ph":"X","pid":"0","tid":"0x1189925c0","ts":"365556643690"},{"cat":"function","dur":"10","name":"renderLine","ph":"X","pid":"0","tid":"0x1189925c0","ts":"365556643915"},{"cat":"function","dur":"7","name":"renderLine","ph":"X","pid":"0","tid":"0x1189925c0","ts":"365556643935"},{"cat":"function","dur":"20004","name":"loop","ph":"X","pid":"0","tid":"0x1189925c0","ts":"365556643573"},{"cat":"function","dur":"35","name":"renderCircle","ph":"X","pid":"0","tid":"0x1189925c0","ts":"365556663632"},{"cat":"function","dur":"12","name":"renderQuad","ph":"X","pid":"0","tid":"0x1189925c0","ts":"365556663681"},{"cat":"function","dur":"17","name":"renderLine","ph":"X","pid":"0","tid":"0x1189925c0","ts":"365556663714"},{"cat":"function","dur":"13","name":"render","ph":"X","pid":"0","tid":"0x1189925c0","ts":"365556663743"},{"cat":"function","dur":"9","name":"render","ph":"X","pid":"0","tid":"0x1189925c0","ts":"365556663765"},{"cat":"function","dur":"8","name":"render","ph":"X","pid":"0","tid":"0x1189925c0","ts":"365556663783"},{"cat":"function","dur":"256","name":"renderFrame","ph":"X","pid":"0","tid":"0x1189925c0","ts":"365556663742"},{"cat":"function","dur":"12","name":"renderLine","ph":"X","pid":"0","tid":"0x1189925c0","ts":"365556664013"},{"cat":"function","dur":"8","name":"renderLine","ph":"X","pid":"0","tid":"0x1189925c0","ts":"365556664036"},{"cat":"function","dur":"16598","name":"loop","ph":"X","pid":"0","tid":"0x1189925c0","ts":"365556663614"},{"cat":"function","dur":"56","name":"renderCircle","ph":"X","pid":"0","tid":"0x1189925c0","ts":"365556680292"},{"cat":"function","dur":"9","name":"renderQuad","ph":"X","pid":"0","tid":"0x1189925c0","ts":"365556680365"},{"cat":"function","dur":"15","name":"renderLine","ph":"X","pid":"0","tid":"0x1189925c0","ts":"365556680391"},{"cat":"function","dur":"11","name":"render","ph":"X","pid":"0","tid":"0x1189925c0","ts":"365556680415"},{"cat":"function","dur":"7","name":"render","ph":"X","pid":"0","tid":"0x1189925c0","ts":"365556680433"},{"cat":"function","dur":"6","name":"render","ph":"X","pid":"0","tid":"0x1189925c0","ts":"365556680446"},{"cat":"function","dur":"218","name":"renderFrame","ph":"X","pid":"0","tid":"0x1189925c0","ts":"365556680414"},{"cat":"function","dur":"11","name":"renderLine","ph":"X","pid":"0","tid":"0x1189925c0","ts":"365556680645"},{"cat":"function","dur":"7","name":"renderLine","ph":"X","pid":"0","tid":"0x1189925c0","ts":"365556680667"},{"cat":"function","dur":"16889","name":"loop","ph":"X","pid":"0","tid":"0x1189925c0","ts":"365556680252"},{"cat":"function","dur":"42","name":"renderCircle","ph":"X","pid":"0","tid":"0x1189925c0","ts":"365556697233"},{"cat":"function","dur":"12","name":"renderQuad","ph":"X","pid":"0","tid":"0x1189925c0","ts":"365556697296"},{"cat":"function","dur":"19","name":"renderLine","ph":"X","pid":"0","tid":"0x1189925c0","ts":"365556697332"},{"cat":"function","dur":"15","name":"render","ph":"X","pid":"0","tid":"0x1189925c0","ts":"365556697363"},{"cat":"function","dur":"9","name":"render","ph":"X","pid":"0","tid":"0x1189925c0","ts":"365556697388"},{"cat":"function","dur":"9","name":"render","ph":"X","pid":"0","tid":"0x1189925c0","ts":"365556697406"},{"cat":"function","dur":"243","name":"renderFrame","ph":"X","pid":"0","tid":"0x1189925c0","ts":"365556697362"},{"cat":"function","dur":"17","name":"renderLine","ph":"X","pid":"0","tid":"0x1189925c0","ts":"365556697621"},{"cat":"function","dur":"11","name":"renderLine","ph":"X","pid":"0","tid":"0x1189925c0","ts":"365556697654"},{"cat":"function","dur":"16164","name":"loop","ph":"X","pid":"0","tid":"0x1189925c0","ts":"365556697200"},{"cat":"function","dur":"35","name":"renderCircle","ph":"X","pid":"0","tid":"0x1189925c0","ts":"365556713461"},{"cat":"function","dur":"12","name":"renderQuad","ph":"X","pid":"0","tid":"0x1189925c0","ts":"365556713518"},{"cat":"function","dur":"17","name":"renderLine","ph":"X","pid":"0","tid":"0x1189925c0","ts":"365556713552"},{"cat":"function","dur":"13","name":"render","ph":"X","pid":"0","tid":"0x1189925c0","ts":"365556713580"},{"cat":"function","dur":"8","name":"render","ph":"X","pid":"0","tid":"0x1189925c0","ts":"365556713602"},{"cat":"function","dur":"8","name":"render","ph":"X","pid":"0","tid":"0x1189925c0","ts":"365556713618"},{"cat":"function","dur":"226","name":"renderFrame","ph":"X","pid":"0","tid":"0x1189925c0","ts":"365556713579"},{"cat":"function","dur":"11","name":"renderLine","ph":"X","pid":"0","tid":"0x1189925c0","ts":"365556713822"},{"cat":"function","dur":"7","name":"renderLine","ph":"X","pid":"0","tid":"0x1189925c0","ts":"365556713844"},{"cat":"function","dur":"16352","name":"loop","ph":"X","pid":"0","tid":"0x1189925c0","ts":"365556713425"},{"cat":"function","dur":"42","name":"renderCircle","ph":"X","pid":"0","tid":"0x1189925c0","ts":"365556729845"},{"cat":"function","dur":"11","name":"renderQuad","ph":"X","pid":"0","tid":"0x1189925c0","ts":"365556729901"},{"cat":"function","dur":"17","name":"renderLine","ph":"X","pid":"0","tid":"0x1189925c0","ts":"365556729933"},{"cat":"function","dur":"14","name":"render","ph":"X","pid":"0","tid":"0x1189925c0","ts":"365556729961"},{"cat":"function","dur":"10","name":"render","ph":"X","pid":"0","tid":"0x1189925c0","ts":"365556730004"},{"cat":"function","dur":"8","name":"render","ph":"X","pid":"0","tid":"0x1189925c0","ts":"365556730023"},{"cat":"function","dur":"255","name":"renderFrame","ph":"X","pid":"0","tid":"0x1189925c0","ts":"365556729960"},{"cat":"function","dur":"12","name":"renderLine","ph":"X","pid":"0","tid":"0x1189925c0","ts":"365556730230"},{"cat":"function","dur":"7","name":"renderLine","ph":"X","pid":"0","tid":"0x1189925c0","ts":"365556730253"},{"cat":"function","dur":"16822","name":"loop","ph":"X","pid":"0","tid":"0x1189925c0","ts":"365556729820"},{"cat":"function","dur":"32","name":"renderCircle","ph":"X","pid":"0","tid":"0x1189925c0","ts":"365556746696"},{"cat":"function","dur":"11","name":"renderQuad","ph":"X","pid":"0","tid":"0x1189925c0","ts":"365556746741"},{"cat":"function","dur":"16","name":"renderLine","ph":"X","pid":"0","tid":"0x1189925c0","ts":"365556746771"},{"cat":"function","dur":"13","name":"render","ph":"X","pid":"0","tid":"0x1189925c0","ts":"365556746797"},{"cat":"function","dur":"8","name":"render","ph":"X","pid":"0","tid":"0x1189925c0","ts":"365556746818"},{"cat":"function","dur":"7","name":"render","ph":"X","pid":"0","tid":"0x1189925c0","ts":"365556746833"},{"cat":"function","dur":"211","name":"renderFrame","ph":"X","pid":"0","tid":"0x1189925c0","ts":"365556746797"},{"cat":"function","dur":"11","name":"renderLine","ph":"X","pid":"0","tid":"0x1189925c0","ts":"365556747020"},{"cat":"function","dur":"6","name":"renderLine","ph":"X","pid":"0","tid":"0x1189925c0","ts":"365556747041"},{"cat":"function","dur":"16431","name":"loop","ph":"X","pid":"0","tid":"0x1189925c0","ts":"365556746677"},{"cat":"function","dur":"36","name":"renderCircle","ph":"X","pid":"0","tid":"0x1189925c0","ts":"365556763167"},{"cat":"function","dur":"12","name":"renderQuad","ph":"X","pid":"0","tid":"0x1189925c0","ts":"365556763216"},{"cat":"function","dur":"18","name":"renderLine","ph":"X","pid":"0","tid":"0x1189925c0","ts":"365556763249"},{"cat":"function","dur":"14","name":"render","ph":"X","pid":"0","tid":"0x1189925c0","ts":"365556763278"},{"cat":"function","dur":"9","name":"render","ph":"X","pid":"0","tid":"0x1189925c0","ts":"365556763301"},{"cat":"function","dur":"8","name":"render","ph":"X","pid":"0","tid":"0x1189925c0","ts":"365556763319"},{"cat":"function","dur":"278","name":"renderFrame","ph":"X","pid":"0","tid":"0x1189925c0","ts":"365556763278"},{"cat":"function","dur":"16","name":"renderLine","ph":"X","pid":"0","tid":"0x1189925c0","ts":"365556763579"},{"cat":"function","dur":"9","name":"renderLine","ph":"X","pid":"0","tid":"0x1189925c0","ts":"365556763608"},{"cat":"function","dur":"17619","name":"loop","ph":"X","pid":"0","tid":"0x1189925c0","ts":"365556763146"},{"cat":"function","dur":"32","name":"renderCircle","ph":"X","pid":"0","tid":"0x1189925c0","ts":"365556780818"},{"cat":"function","dur":"10","name":"renderQuad","ph":"X","pid":"0","tid":"0x1189925c0","ts":"365556780862"},{"cat":"function","dur":"16","name":"renderLine","ph":"X","pid":"0","tid":"0x1189925c0","ts":"365556780892"},{"cat":"function","dur":"12","name":"render","ph":"X","pid":"0","tid":"0x1189925c0","ts":"365556780918"},{"cat":"function","dur":"8","name":"render","ph":"X","pid":"0","tid":"0x1189925c0","ts":"365556780939"},{"cat":"function","dur":"8","name":"render","ph":"X","pid":"0","tid":"0x1189925c0","ts":"365556780954"},{"cat":"function","dur":"219","name":"renderFrame","ph":"X","pid":"0","tid":"0x1189925c0","ts":"365556780917"},{"cat":"function","dur":"10","name":"renderLine","ph":"X","pid":"0","tid":"0x1189925c0","ts":"365556781149"},{"cat":"function","dur":"7","name":"renderLine","ph":"X","pid":"0","tid":"0x1189925c0","ts":"365556781169"},{"cat":"function","dur":"17103","name":"loop","ph":"X","pid":"0","tid":"0x1189925c0","ts":"365556780800"},{"cat":"function","dur":"34","name":"renderCircle","ph":"X","pid":"0","tid":"0x1189925c0","ts":"365556797964"},{"cat":"function","dur":"11","name":"renderQuad","ph":"X","pid":"0","tid":"0x1189925c0","ts":"365556798012"},{"cat":"function","dur":"17","name":"renderLine","ph":"X","pid":"0","tid":"0x1189925c0","ts":"365556798065"},{"cat":"function","dur":"14","name":"render","ph":"X","pid":"0","tid":"0x1189925c0","ts":"365556798093"},{"cat":"function","dur":"30","name":"render","ph":"X","pid":"0","tid":"0x1189925c0","ts":"365556798116"},{"cat":"function","dur":"8","name":"render","ph":"X","pid":"0","tid":"0x1189925c0","ts":"365556798153"},{"cat":"function","dur":"240","name":"renderFrame","ph":"X","pid":"0","tid":"0x1189925c0","ts":"365556798093"},{"cat":"function","dur":"10","name":"renderLine","ph":"X","pid":"0","tid":"0x1189925c0","ts":"365556798346"},{"cat":"function","dur":"7","name":"renderLine","ph":"X","pid":"0","tid":"0x1189925c0","ts":"365556798367"},{"cat":"function","dur":"17383","name":"loop","ph":"X","pid":"0","tid":"0x1189925c0","ts":"365556797944"},{"cat":"function","dur":"37","name":"renderCircle","ph":"X","pid":"0","tid":"0x1189925c0","ts":"365556815393"},{"cat":"function","dur":"10","name":"renderQuad","ph":"X","pid":"0","tid":"0x1189925c0","ts":"365556815443"},{"cat":"function","dur":"17","name":"renderLine","ph":"X","pid":"0","tid":"0x1189925c0","ts":"365556815473"},{"cat":"function","dur":"12","name":"render","ph":"X","pid":"0","tid":"0x1189925c0","ts":"365556815500"},{"cat":"function","dur":"9","name":"render","ph":"X","pid":"0","tid":"0x1189925c0","ts":"365556815520"},{"cat":"function","dur":"8","name":"render","ph":"X","pid":"0","tid":"0x1189925c0","ts":"365556815536"},{"cat":"function","dur":"217","name":"renderFrame","ph":"X","pid":"0","tid":"0x1189925c0","ts":"365556815499"},{"cat":"function","dur":"11","name":"renderLine","ph":"X","pid":"0","tid":"0x1189925c0","ts":"365556815732"},{"cat":"function","dur":"8","name":"renderLine","ph":"X","pid":"0","tid":"0x1189925c0","ts":"365556815754"},{"cat":"function","dur":"17749","name":"loop","ph":"X","pid":"0","tid":"0x1189925c0","ts":"365556815369"},{"cat":"function","dur":"47","name":"renderCircle","ph":"X","pid":"0","tid":"0x1189925c0","ts":"365556833176"},{"cat":"function","dur":"11","name":"renderQuad","ph":"X","pid":"0","tid":"0x1189925c0","ts":"365556833237"},{"cat":"function","dur":"17","name":"renderLine","ph":"X","pid":"0","tid":"0x1189925c0","ts":"365556833270"},{"cat":"function","dur":"13","name":"render","ph":"X","pid":"0","tid":"0x1189925c0","ts":"365556833298"},{"cat":"function","dur":"9","name":"render","ph":"X","pid":"0","tid":"0x1189925c0","ts":"365556833320"},{"cat":"function","dur":"9","name":"render","ph":"X","pid":"0","tid":"0x1189925c0","ts":"365556833337"},{"cat":"function","dur":"235","name":"renderFrame","ph":"X","pid":"0","tid":"0x1189925c0","ts":"365556833297"},{"cat":"function","dur":"12","name":"renderLine","ph":"X","pid":"0","tid":"0x1189925c0","ts":"365556833546"},{"cat":"function","dur":"7","name":"renderLine","ph":"X","pid":"0","tid":"0x1189925c0","ts":"365556833569"},{"cat":"function","dur":"17221","name":"loop","ph":"X","pid":"0","tid":"0x1189925c0","ts":"365556833156"},{"cat":"function","dur":"36","name":"renderCircle","ph":"X","pid":"0","tid":"0x1189925c0","ts":"365556850443"},{"cat":"function","dur":"11","name":"renderQuad","ph":"X","pid":"0","tid":"0x1189925c0","ts":"365556850491"},{"cat":"function","dur":"17","name":"renderLine","ph":"X","pid":"0","tid":"0x1189925c0","ts":"365556850522"},{"cat":"function","dur":"13","name":"render","ph":"X","pid":"0","tid":"0x1189925c0","ts":"365556850549"},{"cat":"function","dur":"8","name":"render","ph":"X","pid":"0","tid":"0x1189925c0","ts":"365556850571"},{"cat":"function","dur":"8","name":"render","ph":"X","pid":"0","tid":"0x1189925c0","ts":"365556850586"},{"cat":"function","dur":"220","name":"renderFrame","ph":"X","pid":"0","tid":"0x1189925c0","ts":"365556850548"},{"cat":"function","dur":"11","name":"renderLine","ph":"X","pid":"0","tid":"0x1189925c0","ts":"365556850783"},{"cat":"function","dur":"13","name":"renderLine","ph":"X","pid":"0","tid":"0x1189925c0","ts":"365556850805"},{"cat":"function","dur":"17178","name":"loop","ph":"X","pid":"0","tid":"0x1189925c0","ts":"365556850419"},{"cat":"function","dur":"35","name":"renderCircle","ph":"X","pid":"0","tid":"0x1189925c0","ts":"365556867652"},{"cat":"function","dur":"11","name":"renderQuad","ph":"X","pid":"0","tid":"0x1189925c0","ts":"365556867720"},{"cat":"function","dur":"17","name":"renderLine","ph":"X","pid":"0","tid":"0x1189925c0","ts":"365556867754"},{"cat":"function","dur":"14","name":"render","ph":"X","pid":"0","tid":"0x1189925c0","ts":"365556867782"},{"cat":"function","dur":"9","name":"render","ph":"X","pid":"0","tid":"0x1189925c0","ts":"365556867805"},{"cat":"function","dur":"8","name":"render","ph":"X","pid":"0","tid":"0x1189925c0","ts":"365556867822"},{"cat":"function","dur":"277","name":"renderFrame","ph":"X","pid":"0","tid":"0x1189925c0","ts":"365556867782"},{"cat":"function","dur":"12","name":"renderLine","ph":"X","pid":"0","tid":"0x1189925c0","ts":"365556868075"},{"cat":"function","dur":"8","name":"renderLine","ph":"X","pid":"0","tid":"0x1189925c0","ts":"365556868099"},{"cat":"function","dur":"16772","name":"loop","ph":"X","pid":"0","tid":"0x1189925c0","ts":"365556867633"},{"cat":"function","dur":"37","name":"renderCircle","ph":"X","pid":"0","tid":"0x1189925c0","ts":"365556884468"},{"cat":"function","dur":"11","name":"renderQuad","ph":"X","pid":"0","tid":"0x1189925c0","ts":"365556884519"},{"cat":"function","dur":"17","name":"renderLine","ph":"X","pid":"0","tid":"0x1189925c0","ts":"365556884550"},{"cat":"function","dur":"13","name":"render","ph":"X","pid":"0","tid":"0x1189925c0","ts":"365556884578"},{"cat":"function","dur":"9","name":"render","ph":"X","pid":"0","tid":"0x1189925c0","ts":"365556884599"},{"cat":"function","dur":"8","name":"render","ph":"X","pid":"0","tid":"0x1189925c0","ts":"365556884616"},{"cat":"function","dur":"232","name":"renderFrame","ph":"X","pid":"0","tid":"0x1189925c0","ts":"365556884577"},{"cat":"function","dur":"15","name":"renderLine","ph":"X","pid":"0","tid":"0x1189925c0","ts":"365556884825"},{"cat":"function","dur":"8","name":"renderLine","ph":"X","pid":"0","tid":"0x1189925c0","ts":"365556884853"},{"cat":"function","dur":"16678","name":"loop","ph":"X","pid":"0","tid":"0x1189925c0","ts":"365556884444"},{"cat":"function","dur":"40","name":"renderCircle","ph":"X","pid":"0","tid":"0x1189925c0","ts":"365556901189"},{"cat":"function","dur":"12","name":"renderQuad","ph":"X","pid":"0","tid":"0x1189925c0","ts":"365556901243"},{"cat":"function","dur":"17","name":"renderLine","ph":"X","pid":"0","tid":"0x1189925c0","ts":"365556901284"},{"cat":"function","dur":"14","name":"render","ph":"X","pid":"0","tid":"0x1189925c0","ts":"365556901314"},{"cat":"function","dur":"9","name":"render","ph":"X","pid":"0","tid":"0x1189925c0","ts":"365556901337"},{"cat":"function","dur":"8","name":"render","ph":"X","pid":"0","tid":"0x1189925c0","ts":"365556901355"},{"cat":"function","dur":"237","name":"renderFrame","ph":"X","pid":"0","tid":"0x1189925c0","ts":"365556901313"},{"cat":"function","dur":"11","name":"renderLine","ph":"X","pid":"0","tid":"0x1189925c0","ts":"365556901564"},{"cat":"function","dur":"7","name":"renderLine","ph":"X","pid":"0","tid":"0x1189925c0","ts":"365556901587"},{"cat":"function","dur":"17812","name":"loop","ph":"X","pid":"0","tid":"0x1189925c0","ts":"365556901167"},{"cat":"function","dur":"37","name":"renderCircle","ph":"X","pid":"0","tid":"0x1189925c0","ts":"365556919062"},{"cat":"function","dur":"10","name":"renderQuad","ph":"X","pid":"0","tid":"0x1189925c0","ts":"365556919113"},{"cat":"function","dur":"17","name":"renderLine","ph":"X","pid":"0","tid":"0x1189925c0","ts":"365556919145"},{"cat":"function","dur":"13","name":"render","ph":"X","pid":"0","tid":"0x1189925c0","ts":"365556919172"},{"cat":"function","dur":"8","name":"render","ph":"X","pid":"0","tid":"0x1189925c0","ts":"365556919194"},{"cat":"function","dur":"9","name":"render","ph":"X","pid":"0","tid":"0x1189925c0","ts":"365556919210"},{"cat":"function","dur":"249","name":"renderFrame","ph":"X","pid":"0","tid":"0x1189925c0","ts":"365556919171"},{"cat":"function","dur":"17","name":"renderLine","ph":"X","pid":"0","tid":"0x1189925c0","ts":"365556919442"},{"cat":"function","dur":"8","name":"renderLine","ph":"X","pid":"0","tid":"0x1189925c0","ts":"365556919471"},{"cat":"function","dur":"17158","name":"loop","ph":"X","pid":"0","tid":"0x1189925c0","ts":"365556919036"},{"cat":"function","dur":"38","name":"renderCircle","ph":"X","pid":"0","tid":"0x1189925c0","ts":"365556936255"},{"cat":"function","dur":"15","name":"renderQuad","ph":"X","pid":"0","tid":"0x1189925c0","ts":"365556936308"},{"cat":"function","dur":"18","name":"renderLine","ph":"X","pid":"0","tid":"0x1189925c0","ts":"365556936377"},{"cat":"function","dur":"15","name":"render","ph":"X","pid":"0","tid":"0x1189925c0","ts":"365556936407"},{"cat":"function","dur":"9","name":"render","ph":"X","pid":"0","tid":"0x1189925c0","ts":"365556936431"},{"cat":"function","dur":"8","name":"render","ph":"X","pid":"0","tid":"0x1189925c0","ts":"365556936449"},{"cat":"function","dur":"238","name":"renderFrame","ph":"X","pid":"0","tid":"0x1189925c0","ts":"365556936406"},{"cat":"function","dur":"11","name":"renderLine","ph":"X","pid":"0","tid":"0x1189925c0","ts":"365556936659"},{"cat":"function","dur":"8","name":"renderLine","ph":"X","pid":"0","tid":"0x1189925c0","ts":"365556936681"},{"cat":"function","dur":"16715","name":"loop","ph":"X","pid":"0","tid":"0x1189925c0","ts":"365556936233"},{"cat":"function","dur":"39","name":"renderCircle","ph":"X","pid":"0","tid":"0x1189925c0","ts":"365556953032"},{"cat":"function","dur":"13","name":"renderQuad","ph":"X","pid":"0","tid":"0x1189925c0","ts":"365556953087"},{"cat":"function","dur":"19","name":"renderLine","ph":"X","pid":"0","tid":"0x1189925c0","ts":"365556953122"},{"cat":"function","dur":"14","name":"render","ph":"X","pid":"0","tid":"0x1189925c0","ts":"365556953152"},{"cat":"function","dur":"9","name":"render","ph":"X","pid":"0","tid":"0x1189925c0","ts":"365556953189"},{"cat":"function","dur":"7","name":"render","ph":"X","pid":"0","tid":"0x1189925c0","ts":"365556953207"},{"cat":"function","dur":"260","name":"renderFrame","ph":"X","pid":"0","tid":"0x1189925c0","ts":"365556953152"},{"cat":"function","dur":"15","name":"renderLine","ph":"X","pid":"0","tid":"0x1189925c0","ts":"365556953431"},{"cat":"function","dur":"8","name":"renderLine","ph":"X","pid":"0","tid":"0x1189925c0","ts":"365556953458"},{"cat":"function","dur":"16462","name":"loop","ph":"X","pid":"0","tid":"0x1189925c0","ts":"365556953007"},{"cat":"function","dur":"38","name":"renderCircle","ph":"X","pid":"0","tid":"0x1189925c0","ts":"365556969527"},{"cat":"function","dur":"11","name":"renderQuad","ph":"X","pid":"0","tid":"0x1189925c0","ts":"365556969578"},{"cat":"function","dur":"17","name":"renderLine","ph":"X","pid":"0","tid":"0x1189925c0","ts":"365556969609"},{"cat":"function","dur":"13","name":"render","ph":"X","pid":"0","tid":"0x1189925c0","ts":"365556969637"},{"cat":"function","dur":"9","name":"render","ph":"X","pid":"0","tid":"0x1189925c0","ts":"365556969659"},{"cat":"function","dur":"8","name":"render","ph":"X","pid":"0","tid":"0x1189925c0","ts":"365556969676"},{"cat":"function","dur":"227","name":"renderFrame","ph":"X","pid":"0","tid":"0x1189925c0","ts":"365556969636"},{"cat":"function","dur":"11","name":"renderLine","ph":"X","pid":"0","tid":"0x1189925c0","ts":"365556969877"},{"cat":"function","dur":"7","name":"renderLine","ph":"X","pid":"0","tid":"0x1189925c0","ts":"365556969899"},{"cat":"function","dur":"18128","name":"loop","ph":"X","pid":"0","tid":"0x1189925c0","ts":"365556969506"},{"cat":"function","dur":"40","name":"renderCircle","ph":"X","pid":"0","tid":"0x1189925c0","ts":"365556987754"},{"cat":"function","dur":"18","name":"renderQuad","ph":"X","pid":"0","tid":"0x1189925c0","ts":"365556987815"},{"cat":"function","dur":"29","name":"renderLine","ph":"X","pid":"0","tid":"0x1189925c0","ts":"365556987877"},{"cat":"function","dur":"17","name":"render","ph":"X","pid":"0","tid":"0x1189925c0","ts":"365556987924"},{"cat":"function","dur":"10","name":"render","ph":"X","pid":"0","tid":"0x1189925c0","ts":"365556987951"},{"cat":"function","dur":"8","name":"render","ph":"X","pid":"0","tid":"0x1189925c0","ts":"365556987970"},{"cat":"function","dur":"371","name":"renderFrame","ph":"X","pid":"0","tid":"0x1189925c0","ts":"365556987923"},{"cat":"function","dur":"49","name":"renderLine","ph":"X","pid":"0","tid":"0x1189925c0","ts":"365556988393"},{"cat":"function","dur":"17","name":"renderLine","ph":"X","pid":"0","tid":"0x1189925c0","ts":"365556988479"},{"cat":"function","dur":"17704","name":"loop","ph":"X","pid":"0","tid":"0x1189925c0","ts":"365556987729"},{"cat":"function","dur":"41","name":"renderCircle","ph":"X","pid":"0","tid":"0x1189925c0","ts":"365557005502"},{"cat":"function","dur":"12","name":"renderQuad","ph":"X","pid":"0","tid":"0x1189925c0","ts":"365557005555"},{"cat":"function","dur":"17","name":"renderLine","ph":"X","pid":"0","tid":"0x1189925c0","ts":"365557005587"},{"cat":"function","dur":"14","name":"render","ph":"X","pid":"0","tid":"0x1189925c0","ts":"365557005615"},{"cat":"function","dur":"9","name":"render","ph":"X","pid":"0","tid":"0x1189925c0","ts":"365557005637"},{"cat":"function","dur":"9","name":"render","ph":"X","pid":"0","tid":"0x1189925c0","ts":"365557005654"},{"cat":"function","dur":"228","name":"renderFrame","ph":"X","pid":"0","tid":"0x1189925c0","ts":"365557005614"},{"cat":"function","dur":"11","name":"renderLine","ph":"X","pid":"0","tid":"0x1189925c0","ts":"365557005856"},{"cat":"function","dur":"7","name":"renderLine","ph":"X","pid":"0","tid":"0x1189925c0","ts":"365557005878"},{"cat":"function","dur":"17119","name":"loop","ph":"X","pid":"0","tid":"0x1189925c0","ts":"365557005478"},{"cat":"function","dur":"86","name":"renderCircle","ph":"X","pid":"0","tid":"0x1189925c0","ts":"365557022767"},{"cat":"function","dur":"44","name":"renderQuad","ph":"X","pid":"0","tid":"0x1189925c0","ts":"365557022888"},{"cat":"function","dur":"83","name":"renderLine","ph":"X","pid":"0","tid":"0x1189925c0","ts":"365557022989"},{"cat":"function","dur":"33","name":"render","ph":"X","pid":"0","tid":"0x1189925c0","ts":"365557023098"},{"cat":"function","dur":"15","name":"render","ph":"X","pid":"0","tid":"0x1189925c0","ts":"365557023144"},{"cat":"function","dur":"14","name":"render","ph":"X","pid":"0","tid":"0x1189925c0","ts":"365557023171"},{"cat":"function","dur":"308","name":"renderFrame","ph":"X","pid":"0","tid":"0x1189925c0","ts":"365557023097"},{"cat":"function","dur":"19","name":"renderLine","ph":"X","pid":"0","tid":"0x1189925c0","ts":"365557023423"},{"cat":"function","dur":"10","name":"renderLine","ph":"X","pid":"0","tid":"0x1189925c0","ts":"365557023455"},{"cat":"function","dur":"17404","name":"loop","ph":"X","pid":"0","tid":"0x1189925c0","ts":"365557022712"},{"cat":"function","dur":"38","name":"renderCircle","ph":"X","pid":"0","tid":"0x1189925c0","ts":"365557040175"},{"cat":"function","dur":"11","name":"renderQuad","ph":"X","pid":"0","tid":"0x1189925c0","ts":"365557040229"},{"cat":"function","dur":"17","name":"renderLine","ph":"X","pid":"0","tid":"0x1189925c0","ts":"365557040261"},{"cat":"function","dur":"14","name":"render","ph":"X","pid":"0","tid":"0x1189925c0","ts":"365557040289"},{"cat":"function","dur":"8","name":"render","ph":"X","pid":"0","tid":"0x1189925c0","ts":"365557040312"},{"cat":"function","dur":"8","name":"render","ph":"X","pid":"0","tid":"0x1189925c0","ts":"365557040329"},{"cat":"function","dur":"229","name":"renderFrame","ph":"X","pid":"0","tid":"0x1189925c0","ts":"365557040289"},{"cat":"function","dur":"11","name":"renderLine","ph":"X","pid":"0","tid":"0x1189925c0","ts":"365557040532"},{"cat":"function","dur":"7","name":"renderLine","ph":"X","pid":"0","tid":"0x1189925c0","ts":"365557040554"},{"cat":"function","dur":"16614","name":"loop","ph":"X","pid":"0","tid":"0x1189925c0","ts":"365557040154"},{"cat":"function","dur":"41","name":"renderCircle","ph":"X","pid":"0","tid":"0x1189925c0","ts":"365557056847"},{"cat":"function","dur":"12","name":"renderQuad","ph":"X","pid":"0","tid":"0x1189925c0","ts":"365557056902"},{"cat":"function","dur":"20","name":"renderLine","ph":"X","pid":"0","tid":"0x1189925c0","ts":"365557056936"},{"cat":"function","dur":"16","name":"render","ph":"X","pid":"0","tid":"0x1189925c0","ts":"365557056967"},{"cat":"function","dur":"10","name":"render","ph":"X","pid":"0","tid":"0x1189925c0","ts":"365557056992"},{"cat":"function","dur":"12","name":"render","ph":"X","pid":"0","tid":"0x1189925c0","ts":"365557057042"},{"cat":"function","dur":"284","name":"renderFrame","ph":"X","pid":"0","tid":"0x1189925c0","ts":"365557056966"},{"cat":"function","dur":"13","name":"renderLine","ph":"X","pid":"0","tid":"0x1189925c0","ts":"365557057267"},{"cat":"function","dur":"8","name":"renderLine","ph":"X","pid":"0","tid":"0x1189925c0","ts":"365557057292"},{"cat":"function","dur":"16081","name":"loop","ph":"X","pid":"0","tid":"0x1189925c0","ts":"365557056821"},{"cat":"function","dur":"47","name":"renderCircle","ph":"X","pid":"0","tid":"0x1189925c0","ts":"365557074051"},{"cat":"function","dur":"19","name":"renderQuad","ph":"X","pid":"0","tid":"0x1189925c0","ts":"365557074538"},{"cat":"function","dur":"17","name":"renderLine","ph":"X","pid":"0","tid":"0x1189925c0","ts":"365557074586"},{"cat":"function","dur":"14","name":"render","ph":"X","pid":"0","tid":"0x1189925c0","ts":"365557074616"},{"cat":"function","dur":"9","name":"render","ph":"X","pid":"0","tid":"0x1189925c0","ts":"365557074640"},{"cat":"function","dur":"8","name":"render","ph":"X","pid":"0","tid":"0x1189925c0","ts":"365557074658"},{"cat":"function","dur":"234","name":"renderFrame","ph":"X","pid":"0","tid":"0x1189925c0","ts":"365557074615"},{"cat":"function","dur":"11","name":"renderLine","ph":"X","pid":"0","tid":"0x1189925c0","ts":"365557074863"},{"cat":"function","dur":"8","name":"renderLine","ph":"X","pid":"0","tid":"0x1189925c0","ts":"365557074885"},{"cat":"function","dur":"16494","name":"loop","ph":"X","pid":"0","tid":"0x1189925c0","ts":"365557074021"},{"cat":"function","dur":"66","name":"renderCircle","ph":"X","pid":"0","tid":"0x1189925c0","ts":"365557091840"},{"cat":"function","dur":"15","name":"renderQuad","ph":"X","pid":"0","tid":"0x1189925c0","ts":"365557091935"},{"cat":"function","dur":"28","name":"renderLine","ph":"X","pid":"0","tid":"0x1189925c0","ts":"365557091979"},{"cat":"function","dur":"24","name":"render","ph":"X","pid":"0","tid":"0x1189925c0","ts":"365557092019"},{"cat":"function","dur":"10","name":"render","ph":"X","pid":"0","tid":"0x1189925c0","ts":"365557092053"},{"cat":"function","dur":"10","name":"render","ph":"X","pid":"0","tid":"0x1189925c0","ts":"365557092072"},{"cat":"function","dur":"262","name":"renderFrame","ph":"X","pid":"0","tid":"0x1189925c0","ts":"365557092018"},{"cat":"function","dur":"14","name":"renderLine","ph":"X","pid":"0","tid":"0x1189925c0","ts":"365557092298"},{"cat":"function","dur":"7","name":"renderLine","ph":"X","pid":"0","tid":"0x1189925c0","ts":"365557092336"},{"cat":"function","dur":"17588","name":"loop","ph":"X","pid":"0","tid":"0x1189925c0","ts":"365557091799"},{"cat":"function","dur":"68","name":"renderCircle","ph":"X","pid":"0","tid":"0x1189925c0","ts":"365557109488"},{"cat":"function","dur":"19","name":"renderQuad","ph":"X","pid":"0","tid":"0x1189925c0","ts":"365557109582"},{"cat":"function","dur":"19","name":"renderLine","ph":"X","pid":"0","tid":"0x1189925c0","ts":"365557109626"},{"cat":"function","dur":"15","name":"render","ph":"X","pid":"0","tid":"0x1189925c0","ts":"365557109657"},{"cat":"function","dur":"9","name":"render","ph":"X","pid":"0","tid":"0x1189925c0","ts":"365557109683"},{"cat":"function","dur":"8","name":"render","ph":"X","pid":"0","tid":"0x1189925c0","ts":"365557109701"},{"cat":"function","dur":"238","name":"renderFrame","ph":"X","pid":"0","tid":"0x1189925c0","ts":"365557109657"},{"cat":"function","dur":"12","name":"renderLine","ph":"X","pid":"0","tid":"0x1189925c0","ts":"365557109910"},{"cat":"function","dur":"8","name":"renderLine","ph":"X","pid":"0","tid":"0x1189925c0","ts":"365557109933"},{"cat":"function","dur":"16187","name":"loop","ph":"X","pid":"0","tid":"0x1189925c0","ts":"365557109456"},{"cat":"function","dur":"140","name":"renderCircle","ph":"X","pid":"0","tid":"0x1189925c0","ts":"365557125750"},{"cat":"function","dur":"64","name":"renderQuad","ph":"X","pid":"0","tid":"0x1189925c0","ts":"365557125918"},{"cat":"function","dur":"31","name":"renderLine","ph":"X","pid":"0","tid":"0x1189925c0","ts":"365557126028"},{"cat":"function","dur":"54","name":"render","ph":"X","pid":"0","tid":"0x1189925c0","ts":"365557128648"},{"cat":"function","dur":"15","name":"render","ph":"X","pid":"0","tid":"0x1189925c0","ts":"365557128728"},{"cat":"function","dur":"10","name":"render","ph":"X","pid":"0","tid":"0x1189925c0","ts":"365557128755"},{"cat":"function","dur":"333","name":"renderFrame","ph":"X","pid":"0","tid":"0x1189925c0","ts":"365557128647"},{"cat":"function","dur":"18","name":"renderLine","ph":"X","pid":"0","tid":"0x1189925c0","ts":"365557128997"},{"cat":"function","dur":"8","name":"renderLine","ph":"X","pid":"0","tid":"0x1189925c0","ts":"365557129029"},{"cat":"function","dur":"17048","name":"loop","ph":"X","pid":"0","tid":"0x1189925c0","ts":"365557125704"},{"cat":"function","dur":"36","name":"renderCircle","ph":"X","pid":"0","tid":"0x1189925c0","ts":"365557142810"},{"cat":"function","dur":"11","name":"renderQuad","ph":"X","pid":"0","tid":"0x1189925c0","ts":"365557142859"},{"cat":"function","dur":"17","name":"renderLine","ph":"X","pid":"0","tid":"0x1189925c0","ts":"365557142890"},{"cat":"function","dur":"14","name":"render","ph":"X","pid":"0","tid":"0x1189925c0","ts":"365557142917"},{"cat":"function","dur":"9","name":"render","ph":"X","pid":"0","tid":"0x1189925c0","ts":"365557142940"},{"cat":"function","dur":"8","name":"render","ph":"X","pid":"0","tid":"0x1189925c0","ts":"365557142957"},{"cat":"function","dur":"228","name":"renderFrame","ph":"X","pid":"0","tid":"0x1189925c0","ts":"365557142917"},{"cat":"function","dur":"11","name":"renderLine","ph":"X","pid":"0","tid":"0x1189925c0","ts":"365557143159"},{"cat":"function","dur":"7","name":"renderLine","ph":"X","pid":"0","tid":"0x1189925c0","ts":"365557143181"},{"cat":"function","dur":"17050","name":"loop","ph":"X","pid":"0","tid":"0x1189925c0","ts":"365557142788"},{"cat":"function","dur":"67","name":"renderCircle","ph":"X","pid":"0","tid":"0x1189925c0","ts":"365557159948"},{"cat":"function","dur":"14","name":"renderQuad","ph":"X","pid":"0","tid":"0x1189925c0","ts":"365557160031"},{"cat":"function","dur":"28","name":"renderLine","ph":"X","pid":"0","tid":"0x1189925c0","ts":"365557160068"},{"cat":"function","dur":"20","name":"render","ph":"X","pid":"0","tid":"0x1189925c0","ts":"365557160108"},{"cat":"function","dur":"12","name":"render","ph":"X","pid":"0","tid":"0x1189925c0","ts":"365557160137"},{"cat":"function","dur":"9","name":"render","ph":"X","pid":"0","tid":"0x1189925c0","ts":"365557160157"},{"cat":"function","dur":"263","name":"renderFrame","ph":"X","pid":"0","tid":"0x1189925c0","ts":"365557160106"},{"cat":"function","dur":"14","name":"renderLine","ph":"X","pid":"0","tid":"0x1189925c0","ts":"365557160385"},{"cat":"function","dur":"8","name":"renderLine","ph":"X","pid":"0","tid":"0x1189925c0","ts":"365557160411"},{"cat":"function","dur":"16296","name":"loop","ph":"X","pid":"0","tid":"0x1189925c0","ts":"365557159906"},{"cat":"function","dur":"38","name":"renderCircle","ph":"X","pid":"0","tid":"0x1189925c0","ts":"365557176264"},{"cat":"function","dur":"11","name":"renderQuad","ph":"X","pid":"0","tid":"0x1189925c0","ts":"365557176315"},{"cat":"function","dur":"18","name":"renderLine","ph":"X","pid":"0","tid":"0x1189925c0","ts":"365557176347"},{"cat":"function","dur":"14","name":"render","ph":"X","pid":"0","tid":"0x1189925c0","ts":"365557176375"},{"cat":"function","dur":"10","name":"render","ph":"X","pid":"0","tid":"0x1189925c0","ts":"365557176398"},{"cat":"function","dur":"8","name":"render","ph":"X","pid":"0","tid":"0x1189925c0","ts":"365557176416"},{"cat":"function","dur":"232","name":"renderFrame","ph":"X","pid":"0","tid":"0x1189925c0","ts":"365557176375"},{"cat":"function","dur":"12","name":"renderLine","ph":"X","pid":"0","tid":"0x1189925c0","ts":"365557176623"},{"cat":"function","dur":"7","name":"renderLine","ph":"X","pid":"0","tid":"0x1189925c0","ts":"365557176647"},{"cat":"function","dur":"17432","name":"loop","ph":"X","pid":"0","tid":"0x1189925c0","ts":"365557176241"},{"cat":"function","dur":"57","name":"renderCircle","ph":"X","pid":"0","tid":"0x1189925c0","ts":"365557193793"},{"cat":"function","dur":"13","name":"renderQuad","ph":"X","pid":"0","tid":"0x1189925c0","ts":"365557193890"},{"cat":"function","dur":"24","name":"renderLine","ph":"X","pid":"0","tid":"0x1189925c0","ts":"365557193930"},{"cat":"function","dur":"17","name":"render","ph":"X","pid":"0","tid":"0x1189925c0","ts":"365557193966"},{"cat":"function","dur":"10","name":"render","ph":"X","pid":"0","tid":"0x1189925c0","ts":"365557193993"},{"cat":"function","dur":"9","name":"render","ph":"X","pid":"0","tid":"0x1189925c0","ts":"365557194012"},{"cat":"function","dur":"250","name":"renderFrame","ph":"X","pid":"0","tid":"0x1189925c0","ts":"365557193965"},{"cat":"function","dur":"13","name":"renderLine","ph":"X","pid":"0","tid":"0x1189925c0","ts":"365557194229"},{"cat":"function","dur":"8","name":"renderLine","ph":"X","pid":"0","tid":"0x1189925c0","ts":"365557194253"},{"cat":"function","dur":"16150","name":"loop","ph":"X","pid":"0","tid":"0x1189925c0","ts":"365557193760"},{"cat":"function","dur":"34","name":"renderCircle","ph":"X","pid":"0","tid":"0x1189925c0","ts":"365557209962"},{"cat":"function","dur":"24","name":"renderQuad","ph":"X","pid":"0","tid":"0x1189925c0","ts":"365557210009"},{"cat":"function","dur":"16","name":"renderLine","ph":"X","pid":"0","tid":"0x1189925c0","ts":"365557210053"},{"cat":"function","dur":"12","name":"render","ph":"X","pid":"0","tid":"0x1189925c0","ts":"365557210080"},{"cat":"function","dur":"8","name":"render","ph":"X","pid":"0","tid":"0x1189925c0","ts":"365557210101"},{"cat":"function","dur":"8","name":"render","ph":"X","pid":"0","tid":"0x1189925c0","ts":"365557210117"},{"cat":"function","dur":"221","name":"renderFrame","ph":"X","pid":"0","tid":"0x1189925c0","ts":"365557210079"},{"cat":"function","dur":"11","name":"renderLine","ph":"X","pid":"0","tid":"0x1189925c0","ts":"365557210313"},{"cat":"function","dur":"7","name":"renderLine","ph":"X","pid":"0","tid":"0x1189925c0","ts":"365557210334"},{"cat":"function","dur":"18044","name":"loop","ph":"X","pid":"0","tid":"0x1189925c0","ts":"365557209941"},{"cat":"function","dur":"41","name":"renderCircle","ph":"X","pid":"0","tid":"0x1189925c0","ts":"365557228052"},{"cat":"function","dur":"12","name":"renderQuad","ph":"X","pid":"0","tid":"0x1189925c0","ts":"365557228107"},{"cat":"function","dur":"18","name":"renderLine","ph":"X","pid":"0","tid":"0x1189925c0","ts":"365557228140"},{"cat":"function","dur":"13","name":"render","ph":"X","pid":"0","tid":"0x1189925c0","ts":"365557228169"},{"cat":"function","dur":"9","name":"render","ph":"X","pid":"0","tid":"0x1189925c0","ts":"365557228191"},{"cat":"function","dur":"9","name":"render","ph":"X","pid":"0","tid":"0x1189925c0","ts":"365557228208"},{"cat":"function","dur":"252","name":"renderFrame","ph":"X","pid":"0","tid":"0x1189925c0","ts":"365557228168"},{"cat":"function","dur":"12","name":"renderLine","ph":"X","pid":"0","tid":"0x1189925c0","ts":"365557228436"},{"cat":"function","dur":"8","name":"renderLine","ph":"X","pid":"0","tid":"0x1189925c0","ts":"365557228459"},{"cat":"function","dur":"17125","name":"loop","ph":"X","pid":"0","tid":"0x1189925c0","ts":"365557228027"},{"cat":"function","dur":"34","name":"renderCircle","ph":"X","pid":"0","tid":"0x1189925c0","ts":"365557245211"},{"cat":"function","dur":"11","name":"renderQuad","ph":"X","pid":"0","tid":"0x1189925c0","ts":"365557245258"},{"cat":"function","dur":"16","name":"renderLine","ph":"X","pid":"0","tid":"0x1189925c0","ts":"365557245290"},{"cat":"function","dur":"14","name":"render","ph":"X","pid":"0","tid":"0x1189925c0","ts":"365557245316"},{"cat":"function","dur":"9","name":"render","ph":"X","pid":"0","tid":"0x1189925c0","ts":"365557245338"},{"cat":"function","dur":"8","name":"render","ph":"X","pid":"0","tid":"0x1189925c0","ts":"365557245355"},{"cat":"function","dur":"225","name":"renderFrame","ph":"X","pid":"0","tid":"0x1189925c0","ts":"365557245316"},{"cat":"function","dur":"10","name":"renderLine","ph":"X","pid":"0","tid":"0x1189925c0","ts":"365557245555"},{"cat":"function","dur":"7","name":"renderLine","ph":"X","pid":"0","tid":"0x1189925c0","ts":"365557245576"},{"cat":"function","dur":"16798","name":"loop","ph":"X","pid":"0","tid":"0x1189925c0","ts":"365557245188"},{"cat":"function","dur":"40","name":"renderCircle","ph":"X","pid":"0","tid":"0x1189925c0","ts":"365557262055"},{"cat":"function","dur":"12","name":"renderQuad","ph":"X","pid":"0","tid":"0x1189925c0","ts":"365557262109"},{"cat":"function","dur":"19","name":"renderLine","ph":"X","pid":"0","tid":"0x1189925c0","ts":"365557262143"},{"cat":"function","dur":"14","name":"render","ph":"X","pid":"0","tid":"0x1189925c0","ts":"365557262173"},{"cat":"function","dur":"10","name":"render","ph":"X","pid":"0","tid":"0x1189925c0","ts":"365557262196"},{"cat":"function","dur":"8","name":"render","ph":"X","pid":"0","tid":"0x1189925c0","ts":"365557262214"},{"cat":"function","dur":"237","name":"renderFrame","ph":"X","pid":"0","tid":"0x1189925c0","ts":"365557262172"},{"cat":"function","dur":"12","name":"renderLine","ph":"X","pid":"0","tid":"0x1189925c0","ts":"365557262423"},{"cat":"function","dur":"8","name":"renderLine","ph":"X","pid":"0","tid":"0x1189925c0","ts":"365557262446"},{"cat":"function","dur":"77200","name":"loop","ph":"X","pid":"0","tid":"0x1189925c0","ts":"365557262030"}],"displayTimeUnit":"ns"}