{"traceEvents":[{"cat":"function","dur":"8419","name":"renderCircle","ph":"X","pid":"0","tid":"0x10f99c5c0","ts":"366086242461"},{"cat":"function","dur":"2203","name":"renderQuad","ph":"X","pid":"0","tid":"0x10f99c5c0","ts":"366086250982"},{"cat":"function","dur":"1658","name":"renderLine","ph":"X","pid":"0","tid":"0x10f99c5c0","ts":"366086253312"},{"cat":"function","dur":"2104","name":"render","ph":"X","pid":"0","tid":"0x10f99c5c0","ts":"366086255017"},{"cat":"function","dur":"49","name":"render","ph":"X","pid":"0","tid":"0x10f99c5c0","ts":"366086257163"},{"cat":"function","dur":"33","name":"render","ph":"X","pid":"0","tid":"0x10f99c5c0","ts":"366086257229"},{"cat":"function","dur":"5006","name":"renderFrame","ph":"X","pid":"0","tid":"0x10f99c5c0","ts":"366086255016"},{"cat":"function","dur":"90","name":"renderLine","ph":"X","pid":"0","tid":"0x10f99c5c0","ts":"366086260080"},{"cat":"function","dur":"47","name":"renderLine","ph":"X","pid":"0","tid":"0x10f99c5c0","ts":"366086260211"},{"cat":"function","dur":"202889","name":"loop","ph":"X","pid":"0","tid":"0x10f99c5c0","ts":"366086242420"},{"cat":"function","dur":"33","name":"renderCircle","ph":"X","pid":"0","tid":"0x10f99c5c0","ts":"366086445377"},{"cat":"function","dur":"12","name":"renderQuad","ph":"X","pid":"0","tid":"0x10f99c5c0","ts":"366086445427"},{"cat":"function","dur":"24","name":"renderLine","ph":"X","pid":"0","tid":"0x10f99c5c0","ts":"366086445464"},{"cat":"function","dur":"15","name":"render","ph":"X","pid":"0","tid":"0x10f99c5c0","ts":"366086445505"},{"cat":"function","dur":"9","name":"render","ph":"X","pid":"0","tid":"0x10f99c5c0","ts":"366086445533"},{"cat":"function","dur":"10","name":"render","ph":"X","pid":"0","tid":"0x10f99c5c0","ts":"366086445559"},{"cat":"function","dur":"251","name":"renderFrame","ph":"X","pid":"0","tid":"0x10f99c5c0","ts":"366086445504"},{"cat":"function","dur":"12","name":"renderLine","ph":"X","pid":"0","tid":"0x10f99c5c0","ts":"366086445779"},{"cat":"function","dur":"60","name":"renderLine","ph":"X","pid":"0","tid":"0x10f99c5c0","ts":"366086445817"},{"cat":"function","dur":"16775","name":"loop","ph":"X","pid":"0","tid":"0x10f99c5c0","ts":"366086445361"},{"cat":"function","dur":"32","name":"renderCircle","ph":"X","pid":"0","tid":"0x10f99c5c0","ts":"366086462197"},{"cat":"function","dur":"11","name":"renderQuad","ph":"X","pid":"0","tid":"0x10f99c5c0","ts":"366086462244"},{"cat":"function","dur":"17","name":"renderLine","ph":"X","pid":"0","tid":"0x10f99c5c0","ts":"366086462277"},{"cat":"function","dur":"12","name":"render","ph":"X","pid":"0","tid":"0x10f99c5c0","ts":"366086462309"},{"cat":"function","dur":"8","name":"render","ph":"X","pid":"0","tid":"0x10f99c5c0","ts":"366086462334"},{"cat":"function","dur":"14","name":"render","ph":"X","pid":"0","tid":"0x10f99c5c0","ts":"366086462355"},{"cat":"function","dur":"225","name":"renderFrame","ph":"X","pid":"0","tid":"0x10f99c5c0","ts":"366086462308"},{"cat":"function","dur":"10","name":"renderLine","ph":"X","pid":"0","tid":"0x10f99c5c0","ts":"366086462551"},{"cat":"function","dur":"7","name":"renderLine","ph":"X","pid":"0","tid":"0x10f99c5c0","ts":"366086462574"},{"cat":"function","dur":"17564","name":"loop","ph":"X","pid":"0","tid":"0x10f99c5c0","ts":"366086462173"},{"cat":"function","dur":"69","name":"renderCircle","ph":"X","pid":"0","tid":"0x10f99c5c0","ts":"366086479842"},{"cat":"function","dur":"11","name":"renderQuad","ph":"X","pid":"0","tid":"0x10f99c5c0","ts":"366086479936"},{"cat":"function","dur":"18","name":"renderLine","ph":"X","pid":"0","tid":"0x10f99c5c0","ts":"366086479971"},{"cat":"function","dur":"13","name":"render","ph":"X","pid":"0","tid":"0x10f99c5c0","ts":"366086480005"},{"cat":"function","dur":"13","name":"render","ph":"X","pid":"0","tid":"0x10f99c5c0","ts":"366086480030"},{"cat":"function","dur":"8","name":"render","ph":"X","pid":"0","tid":"0x10f99c5c0","ts":"366086480054"},{"cat":"function","dur":"254","name":"renderFrame","ph":"X","pid":"0","tid":"0x10f99c5c0","ts":"366086480004"},{"cat":"function","dur":"14","name":"renderLine","ph":"X","pid":"0","tid":"0x10f99c5c0","ts":"366086480279"},{"cat":"function","dur":"9","name":"renderLine","ph":"X","pid":"0","tid":"0x10f99c5c0","ts":"366086480328"},{"cat":"function","dur":"16172","name":"loop","ph":"X","pid":"0","tid":"0x10f99c5c0","ts":"366086479790"},{"cat":"function","dur":"31","name":"renderCircle","ph":"X","pid":"0","tid":"0x10f99c5c0","ts":"366086496015"},{"cat":"function","dur":"11","name":"renderQuad","ph":"X","pid":"0","tid":"0x10f99c5c0","ts":"366086496058"},{"cat":"function","dur":"17","name":"renderLine","ph":"X","pid":"0","tid":"0x10f99c5c0","ts":"366086496089"},{"cat":"function","dur":"20","name":"render","ph":"X","pid":"0","tid":"0x10f99c5c0","ts":"366086496118"},{"cat":"function","dur":"8","name":"render","ph":"X","pid":"0","tid":"0x10f99c5c0","ts":"366086496147"},{"cat":"function","dur":"7","name":"render","ph":"X","pid":"0","tid":"0x10f99c5c0","ts":"366086496163"},{"cat":"function","dur":"214","name":"renderFrame","ph":"X","pid":"0","tid":"0x10f99c5c0","ts":"366086496117"},{"cat":"function","dur":"10","name":"renderLine","ph":"X","pid":"0","tid":"0x10f99c5c0","ts":"366086496346"},{"cat":"function","dur":"7","name":"renderLine","ph":"X","pid":"0","tid":"0x10f99c5c0","ts":"366086496366"},{"cat":"function","dur":"17260","name":"loop","ph":"X","pid":"0","tid":"0x10f99c5c0","ts":"366086495994"},{"cat":"function","dur":"32","name":"renderCircle","ph":"X","pid":"0","tid":"0x10f99c5c0","ts":"366086513313"},{"cat":"function","dur":"11","name":"renderQuad","ph":"X","pid":"0","tid":"0x10f99c5c0","ts":"366086513356"},{"cat":"function","dur":"25","name":"renderLine","ph":"X","pid":"0","tid":"0x10f99c5c0","ts":"366086513386"},{"cat":"function","dur":"14","name":"render","ph":"X","pid":"0","tid":"0x10f99c5c0","ts":"366086513423"},{"cat":"function","dur":"9","name":"render","ph":"X","pid":"0","tid":"0x10f99c5c0","ts":"366086513448"},{"cat":"function","dur":"7","name":"render","ph":"X","pid":"0","tid":"0x10f99c5c0","ts":"366086513466"},{"cat":"function","dur":"212","name":"renderFrame","ph":"X","pid":"0","tid":"0x10f99c5c0","ts":"366086513422"},{"cat":"function","dur":"10","name":"renderLine","ph":"X","pid":"0","tid":"0x10f99c5c0","ts":"366086513649"},{"cat":"function","dur":"8","name":"renderLine","ph":"X","pid":"0","tid":"0x10f99c5c0","ts":"366086513672"},{"cat":"function","dur":"16577","name":"loop","ph":"X","pid":"0","tid":"0x10f99c5c0","ts":"366086513290"},{"cat":"function","dur":"32","name":"renderCircle","ph":"X","pid":"0","tid":"0x10f99c5c0","ts":"366086529926"},{"cat":"function","dur":"18","name":"renderQuad","ph":"X","pid":"0","tid":"0x10f99c5c0","ts":"366086529971"},{"cat":"function","dur":"19","name":"renderLine","ph":"X","pid":"0","tid":"0x10f99c5c0","ts":"366086530012"},{"cat":"function","dur":"19","name":"render","ph":"X","pid":"0","tid":"0x10f99c5c0","ts":"366086530042"},{"cat":"function","dur":"14","name":"render","ph":"X","pid":"0","tid":"0x10f99c5c0","ts":"366086530078"},{"cat":"function","dur":"12","name":"render","ph":"X","pid":"0","tid":"0x10f99c5c0","ts":"366086530106"},{"cat":"function","dur":"278","name":"renderFrame","ph":"X","pid":"0","tid":"0x10f99c5c0","ts":"366086530041"},{"cat":"function","dur":"12","name":"renderLine","ph":"X","pid":"0","tid":"0x10f99c5c0","ts":"366086530340"},{"cat":"function","dur":"8","name":"renderLine","ph":"X","pid":"0","tid":"0x10f99c5c0","ts":"366086530363"},{"cat":"function","dur":"16237","name":"loop","ph":"X","pid":"0","tid":"0x10f99c5c0","ts":"366086529903"},{"cat":"function","dur":"35","name":"renderCircle","ph":"X","pid":"0","tid":"0x10f99c5c0","ts":"366086546192"},{"cat":"function","dur":"11","name":"renderQuad","ph":"X","pid":"0","tid":"0x10f99c5c0","ts":"366086546239"},{"cat":"function","dur":"17","name":"renderLine","ph":"X","pid":"0","tid":"0x10f99c5c0","ts":"366086546269"},{"cat":"function","dur":"15","name":"render","ph":"X","pid":"0","tid":"0x10f99c5c0","ts":"366086546298"},{"cat":"function","dur":"9","name":"render","ph":"X","pid":"0","tid":"0x10f99c5c0","ts":"366086546322"},{"cat":"function","dur":"8","name":"render","ph":"X","pid":"0","tid":"0x10f99c5c0","ts":"366086546338"},{"cat":"function","dur":"233","name":"renderFrame","ph":"X","pid":"0","tid":"0x10f99c5c0","ts":"366086546298"},{"cat":"function","dur":"11","name":"renderLine","ph":"X","pid":"0","tid":"0x10f99c5c0","ts":"366086546547"},{"cat":"function","dur":"7","name":"renderLine","ph":"X","pid":"0","tid":"0x10f99c5c0","ts":"366086546568"},{"cat":"function","dur":"17209","name":"loop","ph":"X","pid":"0","tid":"0x10f99c5c0","ts":"366086546171"},{"cat":"function","dur":"35","name":"renderCircle","ph":"X","pid":"0","tid":"0x10f99c5c0","ts":"366086563429"},{"cat":"function","dur":"10","name":"renderQuad","ph":"X","pid":"0","tid":"0x10f99c5c0","ts":"366086563475"},{"cat":"function","dur":"16","name":"renderLine","ph":"X","pid":"0","tid":"0x10f99c5c0","ts":"366086563505"},{"cat":"function","dur":"14","name":"render","ph":"X","pid":"0","tid":"0x10f99c5c0","ts":"366086563533"},{"cat":"function","dur":"9","name":"render","ph":"X","pid":"0","tid":"0x10f99c5c0","ts":"366086563555"},{"cat":"function","dur":"8","name":"render","ph":"X","pid":"0","tid":"0x10f99c5c0","ts":"366086563572"},{"cat":"function","dur":"213","name":"renderFrame","ph":"X","pid":"0","tid":"0x10f99c5c0","ts":"366086563533"},{"cat":"function","dur":"14","name":"renderLine","ph":"X","pid":"0","tid":"0x10f99c5c0","ts":"366086563761"},{"cat":"function","dur":"7","name":"renderLine","ph":"X","pid":"0","tid":"0x10f99c5c0","ts":"366086563785"},{"cat":"function","dur":"17021","name":"loop","ph":"X","pid":"0","tid":"0x10f99c5c0","ts":"366086563409"},{"cat":"function","dur":"29","name":"renderCircle","ph":"X","pid":"0","tid":"0x10f99c5c0","ts":"366086580482"},{"cat":"function","dur":"10","name":"renderQuad","ph":"X","pid":"0","tid":"0x10f99c5c0","ts":"366086580524"},{"cat":"function","dur":"16","name":"renderLine","ph":"X","pid":"0","tid":"0x10f99c5c0","ts":"366086580553"},{"cat":"function","dur":"14","name":"render","ph":"X","pid":"0","tid":"0x10f99c5c0","ts":"366086580581"},{"cat":"function","dur":"8","name":"render","ph":"X","pid":"0","tid":"0x10f99c5c0","ts":"366086580603"},{"cat":"function","dur":"9","name":"render","ph":"X","pid":"0","tid":"0x10f99c5c0","ts":"366086580621"},{"cat":"function","dur":"216","name":"renderFrame","ph":"X","pid":"0","tid":"0x10f99c5c0","ts":"366086580581"},{"cat":"function","dur":"10","name":"renderLine","ph":"X","pid":"0","tid":"0x10f99c5c0","ts":"366086580811"},{"cat":"function","dur":"7","name":"renderLine","ph":"X","pid":"0","tid":"0x10f99c5c0","ts":"366086580830"},{"cat":"function","dur":"17051","name":"loop","ph":"X","pid":"0","tid":"0x10f99c5c0","ts":"366086580461"},{"cat":"function","dur":"32","name":"renderCircle","ph":"X","pid":"0","tid":"0x10f99c5c0","ts":"366086597573"},{"cat":"function","dur":"12","name":"renderQuad","ph":"X","pid":"0","tid":"0x10f99c5c0","ts":"366086597656"},{"cat":"function","dur":"21","name":"renderLine","ph":"X","pid":"0","tid":"0x10f99c5c0","ts":"366086597716"},{"cat":"function","dur":"13","name":"render","ph":"X","pid":"0","tid":"0x10f99c5c0","ts":"366086597757"},{"cat":"function","dur":"10","name":"render","ph":"X","pid":"0","tid":"0x10f99c5c0","ts":"366086597807"},{"cat":"function","dur":"24","name":"render","ph":"X","pid":"0","tid":"0x10f99c5c0","ts":"366086597875"},{"cat":"function","dur":"323","name":"renderFrame","ph":"X","pid":"0","tid":"0x10f99c5c0","ts":"366086597756"},{"cat":"function","dur":"14","name":"renderLine","ph":"X","pid":"0","tid":"0x10f99c5c0","ts":"366086598148"},{"cat":"function","dur":"8","name":"renderLine","ph":"X","pid":"0","tid":"0x10f99c5c0","ts":"366086598195"},{"cat":"function","dur":"16435","name":"loop","ph":"X","pid":"0","tid":"0x10f99c5c0","ts":"366086597552"},{"cat":"function","dur":"56","name":"renderCircle","ph":"X","pid":"0","tid":"0x10f99c5c0","ts":"366086614053"},{"cat":"function","dur":"18","name":"renderQuad","ph":"X","pid":"0","tid":"0x10f99c5c0","ts":"366086614166"},{"cat":"function","dur":"17","name":"renderLine","ph":"X","pid":"0","tid":"0x10f99c5c0","ts":"366086614224"},{"cat":"function","dur":"14","name":"render","ph":"X","pid":"0","tid":"0x10f99c5c0","ts":"366086614261"},{"cat":"function","dur":"16","name":"render","ph":"X","pid":"0","tid":"0x10f99c5c0","ts":"366086614384"},{"cat":"function","dur":"8","name":"render","ph":"X","pid":"0","tid":"0x10f99c5c0","ts":"366086614418"},{"cat":"function","dur":"367","name":"renderFrame","ph":"X","pid":"0","tid":"0x10f99c5c0","ts":"366086614260"},{"cat":"function","dur":"11","name":"renderLine","ph":"X","pid":"0","tid":"0x10f99c5c0","ts":"366086614670"},{"cat":"function","dur":"9","name":"renderLine","ph":"X","pid":"0","tid":"0x10f99c5c0","ts":"366086614721"},{"cat":"function","dur":"16499","name":"loop","ph":"X","pid":"0","tid":"0x10f99c5c0","ts":"366086614030"},{"cat":"function","dur":"31","name":"renderCircle","ph":"X","pid":"0","tid":"0x10f99c5c0","ts":"366086630590"},{"cat":"function","dur":"10","name":"renderQuad","ph":"X","pid":"0","tid":"0x10f99c5c0","ts":"366086630655"},{"cat":"function","dur":"18","name":"renderLine","ph":"X","pid":"0","tid":"0x10f99c5c0","ts":"366086630853"},{"cat":"function","dur":"19","name":"render","ph":"X","pid":"0","tid":"0x10f99c5c0","ts":"366086630887"},{"cat":"function","dur":"9","name":"render","ph":"X","pid":"0","tid":"0x10f99c5c0","ts":"366086630934"},{"cat":"function","dur":"9","name":"render","ph":"X","pid":"0","tid":"0x10f99c5c0","ts":"366086630977"},{"cat":"function","dur":"285","name":"renderFrame","ph":"X","pid":"0","tid":"0x10f99c5c0","ts":"366086630886"},{"cat":"function","dur":"10","name":"renderLine","ph":"X","pid":"0","tid":"0x10f99c5c0","ts":"366086631209"},{"cat":"function","dur":"7","name":"renderLine","ph":"X","pid":"0","tid":"0x10f99c5c0","ts":"366086631249"},{"cat":"function","dur":"16385","name":"loop","ph":"X","pid":"0","tid":"0x10f99c5c0","ts":"366086630567"},{"cat":"function","dur":"29","name":"renderCircle","ph":"X","pid":"0","tid":"0x10f99c5c0","ts":"366086647038"},{"cat":"function","dur":"12","name":"renderQuad","ph":"X","pid":"0","tid":"0x10f99c5c0","ts":"366086647100"},{"cat":"function","dur":"20","name":"renderLine","ph":"X","pid":"0","tid":"0x10f99c5c0","ts":"366086647155"},{"cat":"function","dur":"12","name":"render","ph":"X","pid":"0","tid":"0x10f99c5c0","ts":"366086647187"},{"cat":"function","dur":"9","name":"render","ph":"X","pid":"0","tid":"0x10f99c5c0","ts":"366086647233"},{"cat":"function","dur":"8","name":"render","ph":"X","pid":"0","tid":"0x10f99c5c0","ts":"366086647281"},{"cat":"function","dur":"293","name":"renderFrame","ph":"X","pid":"0","tid":"0x10f99c5c0","ts":"366086647186"},{"cat":"function","dur":"10","name":"renderLine","ph":"X","pid":"0","tid":"0x10f99c5c0","ts":"366086647515"},{"cat":"function","dur":"8","name":"renderLine","ph":"X","pid":"0","tid":"0x10f99c5c0","ts":"366086647560"},{"cat":"function","dur":"16098","name":"loop","ph":"X","pid":"0","tid":"0x10f99c5c0","ts":"366086647017"},{"cat":"function","dur":"32","name":"renderCircle","ph":"X","pid":"0","tid":"0x10f99c5c0","ts":"366086663191"},{"cat":"function","dur":"18","name":"renderQuad","ph":"X","pid":"0","tid":"0x10f99c5c0","ts":"366086663365"},{"cat":"function","dur":"19","name":"renderLine","ph":"X","pid":"0","tid":"0x10f99c5c0","ts":"366086663439"},{"cat":"function","dur":"21","name":"render","ph":"X","pid":"0","tid":"0x10f99c5c0","ts":"366086663511"},{"cat":"function","dur":"11","name":"render","ph":"X","pid":"0","tid":"0x10f99c5c0","ts":"366086663569"},{"cat":"function","dur":"9","name":"render","ph":"X","pid":"0","tid":"0x10f99c5c0","ts":"366086663629"},{"cat":"function","dur":"340","name":"renderFrame","ph":"X","pid":"0","tid":"0x10f99c5c0","ts":"366086663510"},{"cat":"function","dur":"28","name":"renderLine","ph":"X","pid":"0","tid":"0x10f99c5c0","ts":"366086663900"},{"cat":"function","dur":"10","name":"renderLine","ph":"X","pid":"0","tid":"0x10f99c5c0","ts":"366086663947"},{"cat":"function","dur":"17622","name":"loop","ph":"X","pid":"0","tid":"0x10f99c5c0","ts":"366086663169"},{"cat":"function","dur":"35","name":"renderCircle","ph":"X","pid":"0","tid":"0x10f99c5c0","ts":"366086680842"},{"cat":"function","dur":"10","name":"renderQuad","ph":"X","pid":"0","tid":"0x10f99c5c0","ts":"366086680888"},{"cat":"function","dur":"19","name":"renderLine","ph":"X","pid":"0","tid":"0x10f99c5c0","ts":"366086680939"},{"cat":"function","dur":"14","name":"render","ph":"X","pid":"0","tid":"0x10f99c5c0","ts":"366086680968"},{"cat":"function","dur":"10","name":"render","ph":"X","pid":"0","tid":"0x10f99c5c0","ts":"366086680991"},{"cat":"function","dur":"7","name":"render","ph":"X","pid":"0","tid":"0x10f99c5c0","ts":"366086681008"},{"cat":"function","dur":"204","name":"renderFrame","ph":"X","pid":"0","tid":"0x10f99c5c0","ts":"366086680968"},{"cat":"function","dur":"10","name":"renderLine","ph":"X","pid":"0","tid":"0x10f99c5c0","ts":"366086681186"},{"cat":"function","dur":"8","name":"renderLine","ph":"X","pid":"0","tid":"0x10f99c5c0","ts":"366086681207"},{"cat":"function","dur":"16096","name":"loop","ph":"X","pid":"0","tid":"0x10f99c5c0","ts":"366086680821"},{"cat":"function","dur":"37","name":"renderCircle","ph":"X","pid":"0","tid":"0x10f99c5c0","ts":"366086696977"},{"cat":"function","dur":"12","name":"renderQuad","ph":"X","pid":"0","tid":"0x10f99c5c0","ts":"366086697028"},{"cat":"function","dur":"16","name":"renderLine","ph":"X","pid":"0","tid":"0x10f99c5c0","ts":"366086697060"},{"cat":"function","dur":"13","name":"render","ph":"X","pid":"0","tid":"0x10f99c5c0","ts":"366086697088"},{"cat":"function","dur":"9","name":"render","ph":"X","pid":"0","tid":"0x10f99c5c0","ts":"366086697110"},{"cat":"function","dur":"7","name":"render","ph":"X","pid":"0","tid":"0x10f99c5c0","ts":"366086697127"},{"cat":"function","dur":"209","name":"renderFrame","ph":"X","pid":"0","tid":"0x10f99c5c0","ts":"366086697087"},{"cat":"function","dur":"14","name":"renderLine","ph":"X","pid":"0","tid":"0x10f99c5c0","ts":"366086697311"},{"cat":"function","dur":"7","name":"renderLine","ph":"X","pid":"0","tid":"0x10f99c5c0","ts":"366086697336"},{"cat":"function","dur":"17117","name":"loop","ph":"X","pid":"0","tid":"0x10f99c5c0","ts":"366086696956"},{"cat":"function","dur":"33","name":"renderCircle","ph":"X","pid":"0","tid":"0x10f99c5c0","ts":"366086714133"},{"cat":"function","dur":"11","name":"renderQuad","ph":"X","pid":"0","tid":"0x10f99c5c0","ts":"366086714179"},{"cat":"function","dur":"18","name":"renderLine","ph":"X","pid":"0","tid":"0x10f99c5c0","ts":"366086714209"},{"cat":"function","dur":"14","name":"render","ph":"X","pid":"0","tid":"0x10f99c5c0","ts":"366086714237"},{"cat":"function","dur":"9","name":"render","ph":"X","pid":"0","tid":"0x10f99c5c0","ts":"366086714260"},{"cat":"function","dur":"8","name":"render","ph":"X","pid":"0","tid":"0x10f99c5c0","ts":"366086714278"},{"cat":"function","dur":"302","name":"renderFrame","ph":"X","pid":"0","tid":"0x10f99c5c0","ts":"366086714236"},{"cat":"function","dur":"16","name":"renderLine","ph":"X","pid":"0","tid":"0x10f99c5c0","ts":"366086714576"},{"cat":"function","dur":"8","name":"renderLine","ph":"X","pid":"0","tid":"0x10f99c5c0","ts":"366086714604"},{"cat":"function","dur":"16188","name":"loop","ph":"X","pid":"0","tid":"0x10f99c5c0","ts":"366086714110"},{"cat":"function","dur":"31","name":"renderCircle","ph":"X","pid":"0","tid":"0x10f99c5c0","ts":"366086730350"},{"cat":"function","dur":"11","name":"renderQuad","ph":"X","pid":"0","tid":"0x10f99c5c0","ts":"366086730393"},{"cat":"function","dur":"18","name":"renderLine","ph":"X","pid":"0","tid":"0x10f99c5c0","ts":"366086730426"},{"cat":"function","dur":"13","name":"render","ph":"X","pid":"0","tid":"0x10f99c5c0","ts":"366086730454"},{"cat":"function","dur":"9","name":"render","ph":"X","pid":"0","tid":"0x10f99c5c0","ts":"366086730475"},{"cat":"function","dur":"14","name":"render","ph":"X","pid":"0","tid":"0x10f99c5c0","ts":"366086730494"},{"cat":"function","dur":"218","name":"renderFrame","ph":"X","pid":"0","tid":"0x10f99c5c0","ts":"366086730453"},{"cat":"function","dur":"11","name":"renderLine","ph":"X","pid":"0","tid":"0x10f99c5c0","ts":"366086730687"},{"cat":"function","dur":"7","name":"renderLine","ph":"X","pid":"0","tid":"0x10f99c5c0","ts":"366086730708"},{"cat":"function","dur":"17004","name":"loop","ph":"X","pid":"0","tid":"0x10f99c5c0","ts":"366086730329"},{"cat":"function","dur":"31","name":"renderCircle","ph":"X","pid":"0","tid":"0x10f99c5c0","ts":"366086747408"},{"cat":"function","dur":"11","name":"renderQuad","ph":"X","pid":"0","tid":"0x10f99c5c0","ts":"366086747452"},{"cat":"function","dur":"19","name":"renderLine","ph":"X","pid":"0","tid":"0x10f99c5c0","ts":"366086747483"},{"cat":"function","dur":"15","name":"render","ph":"X","pid":"0","tid":"0x10f99c5c0","ts":"366086747514"},{"cat":"function","dur":"15","name":"render","ph":"X","pid":"0","tid":"0x10f99c5c0","ts":"366086747537"},{"cat":"function","dur":"9","name":"render","ph":"X","pid":"0","tid":"0x10f99c5c0","ts":"366086747564"},{"cat":"function","dur":"223","name":"renderFrame","ph":"X","pid":"0","tid":"0x10f99c5c0","ts":"366086747513"},{"cat":"function","dur":"11","name":"renderLine","ph":"X","pid":"0","tid":"0x10f99c5c0","ts":"366086747750"},{"cat":"function","dur":"7","name":"renderLine","ph":"X","pid":"0","tid":"0x10f99c5c0","ts":"366086747774"},{"cat":"function","dur":"16085","name":"loop","ph":"X","pid":"0","tid":"0x10f99c5c0","ts":"366086747385"},{"cat":"function","dur":"31","name":"renderCircle","ph":"X","pid":"0","tid":"0x10f99c5c0","ts":"366086763523"},{"cat":"function","dur":"11","name":"renderQuad","ph":"X","pid":"0","tid":"0x10f99c5c0","ts":"366086763566"},{"cat":"function","dur":"17","name":"renderLine","ph":"X","pid":"0","tid":"0x10f99c5c0","ts":"366086763597"},{"cat":"function","dur":"18","name":"render","ph":"X","pid":"0","tid":"0x10f99c5c0","ts":"366086763626"},{"cat":"function","dur":"8","name":"render","ph":"X","pid":"0","tid":"0x10f99c5c0","ts":"366086763653"},{"cat":"function","dur":"8","name":"render","ph":"X","pid":"0","tid":"0x10f99c5c0","ts":"366086763669"},{"cat":"function","dur":"208","name":"renderFrame","ph":"X","pid":"0","tid":"0x10f99c5c0","ts":"366086763625"},{"cat":"function","dur":"10","name":"renderLine","ph":"X","pid":"0","tid":"0x10f99c5c0","ts":"366086763847"},{"cat":"function","dur":"6","name":"renderLine","ph":"X","pid":"0","tid":"0x10f99c5c0","ts":"366086763867"},{"cat":"function","dur":"17426","name":"loop","ph":"X","pid":"0","tid":"0x10f99c5c0","ts":"366086763501"},{"cat":"function","dur":"33","name":"renderCircle","ph":"X","pid":"0","tid":"0x10f99c5c0","ts":"366086780985"},{"cat":"function","dur":"11","name":"renderQuad","ph":"X","pid":"0","tid":"0x10f99c5c0","ts":"366086781031"},{"cat":"function","dur":"22","name":"renderLine","ph":"X","pid":"0","tid":"0x10f99c5c0","ts":"366086781061"},{"cat":"function","dur":"13","name":"render","ph":"X","pid":"0","tid":"0x10f99c5c0","ts":"366086781093"},{"cat":"function","dur":"8","name":"render","ph":"X","pid":"0","tid":"0x10f99c5c0","ts":"366086781115"},{"cat":"function","dur":"7","name":"render","ph":"X","pid":"0","tid":"0x10f99c5c0","ts":"366086781131"},{"cat":"function","dur":"217","name":"renderFrame","ph":"X","pid":"0","tid":"0x10f99c5c0","ts":"366086781092"},{"cat":"function","dur":"10","name":"renderLine","ph":"X","pid":"0","tid":"0x10f99c5c0","ts":"366086781325"},{"cat":"function","dur":"8","name":"renderLine","ph":"X","pid":"0","tid":"0x10f99c5c0","ts":"366086781348"},{"cat":"function","dur":"16280","name":"loop","ph":"X","pid":"0","tid":"0x10f99c5c0","ts":"366086780960"},{"cat":"function","dur":"35","name":"renderCircle","ph":"X","pid":"0","tid":"0x10f99c5c0","ts":"366086797310"},{"cat":"function","dur":"17","name":"renderQuad","ph":"X","pid":"0","tid":"0x10f99c5c0","ts":"366086797367"},{"cat":"function","dur":"36","name":"renderLine","ph":"X","pid":"0","tid":"0x10f99c5c0","ts":"366086797408"},{"cat":"function","dur":"30","name":"render","ph":"X","pid":"0","tid":"0x10f99c5c0","ts":"366086797465"},{"cat":"function","dur":"12","name":"render","ph":"X","pid":"0","tid":"0x10f99c5c0","ts":"366086797517"},{"cat":"function","dur":"7","name":"render","ph":"X","pid":"0","tid":"0x10f99c5c0","ts":"366086797538"},{"cat":"function","dur":"278","name":"renderFrame","ph":"X","pid":"0","tid":"0x10f99c5c0","ts":"366086797464"},{"cat":"function","dur":"14","name":"renderLine","ph":"X","pid":"0","tid":"0x10f99c5c0","ts":"366086797764"},{"cat":"function","dur":"9","name":"renderLine","ph":"X","pid":"0","tid":"0x10f99c5c0","ts":"366086797813"},{"cat":"function","dur":"16092","name":"loop","ph":"X","pid":"0","tid":"0x10f99c5c0","ts":"366086797285"},{"cat":"function","dur":"47","name":"renderCircle","ph":"X","pid":"0","tid":"0x10f99c5c0","ts":"366086813440"},{"cat":"function","dur":"14","name":"renderQuad","ph":"X","pid":"0","tid":"0x10f99c5c0","ts":"366086813501"},{"cat":"function","dur":"21","name":"renderLine","ph":"X","pid":"0","tid":"0x10f99c5c0","ts":"366086813536"},{"cat":"function","dur":"14","name":"render","ph":"X","pid":"0","tid":"0x10f99c5c0","ts":"366086813567"},{"cat":"function","dur":"9","name":"render","ph":"X","pid":"0","tid":"0x10f99c5c0","ts":"366086813589"},{"cat":"function","dur":"8","name":"render","ph":"X","pid":"0","tid":"0x10f99c5c0","ts":"366086813605"},{"cat":"function","dur":"204","name":"renderFrame","ph":"X","pid":"0","tid":"0x10f99c5c0","ts":"366086813567"},{"cat":"function","dur":"10","name":"renderLine","ph":"X","pid":"0","tid":"0x10f99c5c0","ts":"366086813786"},{"cat":"function","dur":"7","name":"renderLine","ph":"X","pid":"0","tid":"0x10f99c5c0","ts":"366086813806"},{"cat":"function","dur":"16550","name":"loop","ph":"X","pid":"0","tid":"0x10f99c5c0","ts":"366086813415"},{"cat":"function","dur":"57","name":"renderCircle","ph":"X","pid":"0","tid":"0x10f99c5c0","ts":"366086830033"},{"cat":"function","dur":"28","name":"renderQuad","ph":"X","pid":"0","tid":"0x10f99c5c0","ts":"366086830119"},{"cat":"function","dur":"21","name":"renderLine","ph":"X","pid":"0","tid":"0x10f99c5c0","ts":"366086830177"},{"cat":"function","dur":"18","name":"render","ph":"X","pid":"0","tid":"0x10f99c5c0","ts":"366086830211"},{"cat":"function","dur":"10","name":"render","ph":"X","pid":"0","tid":"0x10f99c5c0","ts":"366086830239"},{"cat":"function","dur":"8","name":"render","ph":"X","pid":"0","tid":"0x10f99c5c0","ts":"366086830257"},{"cat":"function","dur":"331","name":"renderFrame","ph":"X","pid":"0","tid":"0x10f99c5c0","ts":"366086830210"},{"cat":"function","dur":"18","name":"renderLine","ph":"X","pid":"0","tid":"0x10f99c5c0","ts":"366086830563"},{"cat":"function","dur":"8","name":"renderLine","ph":"X","pid":"0","tid":"0x10f99c5c0","ts":"366086830594"},{"cat":"function","dur":"16239","name":"loop","ph":"X","pid":"0","tid":"0x10f99c5c0","ts":"366086830010"},{"cat":"function","dur":"32","name":"renderCircle","ph":"X","pid":"0","tid":"0x10f99c5c0","ts":"366086846302"},{"cat":"function","dur":"10","name":"renderQuad","ph":"X","pid":"0","tid":"0x10f99c5c0","ts":"366086846346"},{"cat":"function","dur":"21","name":"renderLine","ph":"X","pid":"0","tid":"0x10f99c5c0","ts":"366086846376"},{"cat":"function","dur":"14","name":"render","ph":"X","pid":"0","tid":"0x10f99c5c0","ts":"366086846409"},{"cat":"function","dur":"10","name":"render","ph":"X","pid":"0","tid":"0x10f99c5c0","ts":"366086846431"},{"cat":"function","dur":"9","name":"render","ph":"X","pid":"0","tid":"0x10f99c5c0","ts":"366086846451"},{"cat":"function","dur":"218","name":"renderFrame","ph":"X","pid":"0","tid":"0x10f99c5c0","ts":"366086846409"},{"cat":"function","dur":"10","name":"renderLine","ph":"X","pid":"0","tid":"0x10f99c5c0","ts":"366086846641"},{"cat":"function","dur":"8","name":"renderLine","ph":"X","pid":"0","tid":"0x10f99c5c0","ts":"366086846662"},{"cat":"function","dur":"17450","name":"loop","ph":"X","pid":"0","tid":"0x10f99c5c0","ts":"366086846281"},{"cat":"function","dur":"65","name":"renderCircle","ph":"X","pid":"0","tid":"0x10f99c5c0","ts":"366086863783"},{"cat":"function","dur":"31","name":"renderQuad","ph":"X","pid":"0","tid":"0x10f99c5c0","ts":"366086863866"},{"cat":"function","dur":"21","name":"renderLine","ph":"X","pid":"0","tid":"0x10f99c5c0","ts":"366086863928"},{"cat":"function","dur":"14","name":"render","ph":"X","pid":"0","tid":"0x10f99c5c0","ts":"366086863962"},{"cat":"function","dur":"9","name":"render","ph":"X","pid":"0","tid":"0x10f99c5c0","ts":"366086863986"},{"cat":"function","dur":"12","name":"render","ph":"X","pid":"0","tid":"0x10f99c5c0","ts":"366086864003"},{"cat":"function","dur":"217","name":"renderFrame","ph":"X","pid":"0","tid":"0x10f99c5c0","ts":"366086863961"},{"cat":"function","dur":"11","name":"renderLine","ph":"X","pid":"0","tid":"0x10f99c5c0","ts":"366086864213"},{"cat":"function","dur":"7","name":"renderLine","ph":"X","pid":"0","tid":"0x10f99c5c0","ts":"366086864238"},{"cat":"function","dur":"16031","name":"loop","ph":"X","pid":"0","tid":"0x10f99c5c0","ts":"366086863760"},{"cat":"function","dur":"31","name":"renderCircle","ph":"X","pid":"0","tid":"0x10f99c5c0","ts":"366086880919"},{"cat":"function","dur":"33","name":"renderQuad","ph":"X","pid":"0","tid":"0x10f99c5c0","ts":"366086936335"},{"cat":"function","dur":"21","name":"renderLine","ph":"X","pid":"0","tid":"0x10f99c5c0","ts":"366086936401"},{"cat":"function","dur":"15","name":"render","ph":"X","pid":"0","tid":"0x10f99c5c0","ts":"366086936433"},{"cat":"function","dur":"15","name":"render","ph":"X","pid":"0","tid":"0x10f99c5c0","ts":"366086936457"},{"cat":"function","dur":"9","name":"render","ph":"X","pid":"0","tid":"0x10f99c5c0","ts":"366086936484"},{"cat":"function","dur":"218","name":"renderFrame","ph":"X","pid":"0","tid":"0x10f99c5c0","ts":"366086936433"},{"cat":"function","dur":"10","name":"renderLine","ph":"X","pid":"0","tid":"0x10f99c5c0","ts":"366086936666"},{"cat":"function","dur":"7","name":"renderLine","ph":"X","pid":"0","tid":"0x10f99c5c0","ts":"366086936686"},{"cat":"function","dur":"56404","name":"loop","ph":"X","pid":"0","tid":"0x10f99c5c0","ts":"366086880898"},{"cat":"function","dur":"19","name":"renderCircle","ph":"X","pid":"0","tid":"0x10f99c5c0","ts":"366086937333"},{"cat":"function","dur":"10","name":"renderQuad","ph":"X","pid":"0","tid":"0x10f99c5c0","ts":"366086937363"},{"cat":"function","dur":"57","name":"renderLine","ph":"X","pid":"0","tid":"0x10f99c5c0","ts":"366086937390"},{"cat":"function","dur":"15","name":"render","ph":"X","pid":"0","tid":"0x10f99c5c0","ts":"366086937459"},{"cat":"function","dur":"8","name":"render","ph":"X","pid":"0","tid":"0x10f99c5c0","ts":"366086937483"},{"cat":"function","dur":"7","name":"render","ph":"X","pid":"0","tid":"0x10f99c5c0","ts":"366086937499"},{"cat":"function","dur":"2946","name":"renderFrame","ph":"X","pid":"0","tid":"0x10f99c5c0","ts":"366086937459"},{"cat":"function","dur":"12","name":"renderLine","ph":"X","pid":"0","tid":"0x10f99c5c0","ts":"366086940425"},{"cat":"function","dur":"7","name":"renderLine","ph":"X","pid":"0","tid":"0x10f99c5c0","ts":"366086940448"},{"cat":"function","dur":"16854","name":"loop","ph":"X","pid":"0","tid":"0x10f99c5c0","ts":"366086937321"},{"cat":"function","dur":"39","name":"renderCircle","ph":"X","pid":"0","tid":"0x10f99c5c0","ts":"366086954224"},{"cat":"function","dur":"11","name":"renderQuad","ph":"X","pid":"0","tid":"0x10f99c5c0","ts":"366086954278"},{"cat":"function","dur":"17","name":"renderLine","ph":"X","pid":"0","tid":"0x10f99c5c0","ts":"366086954309"},{"cat":"function","dur":"16","name":"render","ph":"X","pid":"0","tid":"0x10f99c5c0","ts":"366086954337"},{"cat":"function","dur":"8","name":"render","ph":"X","pid":"0","tid":"0x10f99c5c0","ts":"366086954363"},{"cat":"function","dur":"7","name":"render","ph":"X","pid":"0","tid":"0x10f99c5c0","ts":"366086954380"},{"cat":"function","dur":"215","name":"renderFrame","ph":"X","pid":"0","tid":"0x10f99c5c0","ts":"366086954336"},{"cat":"function","dur":"9","name":"renderLine","ph":"X","pid":"0","tid":"0x10f99c5c0","ts":"366086954564"},{"cat":"function","dur":"10","name":"renderLine","ph":"X","pid":"0","tid":"0x10f99c5c0","ts":"366086954583"},{"cat":"function","dur":"16733","name":"loop","ph":"X","pid":"0","tid":"0x10f99c5c0","ts":"366086954203"},{"cat":"function","dur":"34","name":"renderCircle","ph":"X","pid":"0","tid":"0x10f99c5c0","ts":"366086970989"},{"cat":"function","dur":"11","name":"renderQuad","ph":"X","pid":"0","tid":"0x10f99c5c0","ts":"366086971036"},{"cat":"function","dur":"17","name":"renderLine","ph":"X","pid":"0","tid":"0x10f99c5c0","ts":"366086971065"},{"cat":"function","dur":"13","name":"render","ph":"X","pid":"0","tid":"0x10f99c5c0","ts":"366086971093"},{"cat":"function","dur":"9","name":"render","ph":"X","pid":"0","tid":"0x10f99c5c0","ts":"366086971117"},{"cat":"function","dur":"9","name":"render","ph":"X","pid":"0","tid":"0x10f99c5c0","ts":"366086971152"},{"cat":"function","dur":"236","name":"renderFrame","ph":"X","pid":"0","tid":"0x10f99c5c0","ts":"366086971093"},{"cat":"function","dur":"10","name":"renderLine","ph":"X","pid":"0","tid":"0x10f99c5c0","ts":"366086971343"},{"cat":"function","dur":"6","name":"renderLine","ph":"X","pid":"0","tid":"0x10f99c5c0","ts":"366086971363"},{"cat":"function","dur":"17219","name":"loop","ph":"X","pid":"0","tid":"0x10f99c5c0","ts":"366086970967"},{"cat":"function","dur":"32","name":"renderCircle","ph":"X","pid":"0","tid":"0x10f99c5c0","ts":"366086988234"},{"cat":"function","dur":"11","name":"renderQuad","ph":"X","pid":"0","tid":"0x10f99c5c0","ts":"366086988277"},{"cat":"function","dur":"16","name":"renderLine","ph":"X","pid":"0","tid":"0x10f99c5c0","ts":"366086988308"},{"cat":"function","dur":"13","name":"render","ph":"X","pid":"0","tid":"0x10f99c5c0","ts":"366086988334"},{"cat":"function","dur":"9","name":"render","ph":"X","pid":"0","tid":"0x10f99c5c0","ts":"366086988355"},{"cat":"function","dur":"7","name":"render","ph":"X","pid":"0","tid":"0x10f99c5c0","ts":"366086988372"},{"cat":"function","dur":"219","name":"renderFrame","ph":"X","pid":"0","tid":"0x10f99c5c0","ts":"366086988333"},{"cat":"function","dur":"7","name":"checkForCollision","ph":"X","pid":"0","tid":"0x10f99c5c0","ts":"366086988565"},{"cat":"function","dur":"21","name":"checkForCollisions","ph":"X","pid":"0","tid":"0x10f99c5c0","ts":"366086988565"},{"cat":"function","dur":"28","name":"timeStep","ph":"X","pid":"0","tid":"0x10f99c5c0","ts":"366086988563"},{"cat":"function","dur":"10","name":"renderLine","ph":"X","pid":"0","tid":"0x10f99c5c0","ts":"366086988597"},{"cat":"function","dur":"7","name":"renderLine","ph":"X","pid":"0","tid":"0x10f99c5c0","ts":"366086988616"},{"cat":"function","dur":"16358","name":"loop","ph":"X","pid":"0","tid":"0x10f99c5c0","ts":"366086988212"},{"cat":"function","dur":"30","name":"renderCircle","ph":"X","pid":"0","tid":"0x10f99c5c0","ts":"366087004627"},{"cat":"function","dur":"10","name":"renderQuad","ph":"X","pid":"0","tid":"0x10f99c5c0","ts":"366087004671"},{"cat":"function","dur":"18","name":"renderLine","ph":"X","pid":"0","tid":"0x10f99c5c0","ts":"366087004704"},{"cat":"function","dur":"13","name":"render","ph":"X","pid":"0","tid":"0x10f99c5c0","ts":"366087004733"},{"cat":"function","dur":"9","name":"render","ph":"X","pid":"0","tid":"0x10f99c5c0","ts":"366087004754"},{"cat":"function","dur":"29","name":"render","ph":"X","pid":"0","tid":"0x10f99c5c0","ts":"366087004773"},{"cat":"function","dur":"238","name":"renderFrame","ph":"X","pid":"0","tid":"0x10f99c5c0","ts":"366087004732"},{"cat":"function","dur":"11","name":"checkForCollisions","ph":"X","pid":"0","tid":"0x10f99c5c0","ts":"366087004984"},{"cat":"function","dur":"20","name":"timeStep","ph":"X","pid":"0","tid":"0x10f99c5c0","ts":"366087004982"},{"cat":"function","dur":"11","name":"renderLine","ph":"X","pid":"0","tid":"0x10f99c5c0","ts":"366087005008"},{"cat":"function","dur":"7","name":"renderLine","ph":"X","pid":"0","tid":"0x10f99c5c0","ts":"366087005029"},{"cat":"function","dur":"17042","name":"loop","ph":"X","pid":"0","tid":"0x10f99c5c0","ts":"366087004604"},{"cat":"function","dur":"32","name":"renderCircle","ph":"X","pid":"0","tid":"0x10f99c5c0","ts":"366087021698"},{"cat":"function","dur":"11","name":"renderQuad","ph":"X","pid":"0","tid":"0x10f99c5c0","ts":"366087021741"},{"cat":"function","dur":"18","name":"renderLine","ph":"X","pid":"0","tid":"0x10f99c5c0","ts":"366087021774"},{"cat":"function","dur":"13","name":"render","ph":"X","pid":"0","tid":"0x10f99c5c0","ts":"366087021802"},{"cat":"function","dur":"15","name":"render","ph":"X","pid":"0","tid":"0x10f99c5c0","ts":"366087021825"},{"cat":"function","dur":"8","name":"render","ph":"X","pid":"0","tid":"0x10f99c5c0","ts":"366087021848"},{"cat":"function","dur":"218","name":"renderFrame","ph":"X","pid":"0","tid":"0x10f99c5c0","ts":"366087021801"},{"cat":"function","dur":"10","name":"checkForCollisions","ph":"X","pid":"0","tid":"0x10f99c5c0","ts":"366087022051"},{"cat":"function","dur":"20","name":"timeStep","ph":"X","pid":"0","tid":"0x10f99c5c0","ts":"366087022049"},{"cat":"function","dur":"11","name":"renderLine","ph":"X","pid":"0","tid":"0x10f99c5c0","ts":"366087022075"},{"cat":"function","dur":"7","name":"renderLine","ph":"X","pid":"0","tid":"0x10f99c5c0","ts":"366087022096"},{"cat":"function","dur":"16323","name":"loop","ph":"X","pid":"0","tid":"0x10f99c5c0","ts":"366087021678"},{"cat":"function","dur":"32","name":"renderCircle","ph":"X","pid":"0","tid":"0x10f99c5c0","ts":"366087038059"},{"cat":"function","dur":"11","name":"renderQuad","ph":"X","pid":"0","tid":"0x10f99c5c0","ts":"366087038106"},{"cat":"function","dur":"17","name":"renderLine","ph":"X","pid":"0","tid":"0x10f99c5c0","ts":"366087038140"},{"cat":"function","dur":"20","name":"render","ph":"X","pid":"0","tid":"0x10f99c5c0","ts":"366087038170"},{"cat":"function","dur":"9","name":"render","ph":"X","pid":"0","tid":"0x10f99c5c0","ts":"366087038199"},{"cat":"function","dur":"9","name":"render","ph":"X","pid":"0","tid":"0x10f99c5c0","ts":"366087038219"},{"cat":"function","dur":"224","name":"renderFrame","ph":"X","pid":"0","tid":"0x10f99c5c0","ts":"366087038169"},{"cat":"function","dur":"11","name":"checkForCollisions","ph":"X","pid":"0","tid":"0x10f99c5c0","ts":"366087038409"},{"cat":"function","dur":"19","name":"timeStep","ph":"X","pid":"0","tid":"0x10f99c5c0","ts":"366087038408"},{"cat":"function","dur":"11","name":"renderLine","ph":"X","pid":"0","tid":"0x10f99c5c0","ts":"366087038433"},{"cat":"function","dur":"6","name":"renderLine","ph":"X","pid":"0","tid":"0x10f99c5c0","ts":"366087038454"},{"cat":"function","dur":"17694","name":"loop","ph":"X","pid":"0","tid":"0x10f99c5c0","ts":"366087038036"},{"cat":"function","dur":"39","name":"renderCircle","ph":"X","pid":"0","tid":"0x10f99c5c0","ts":"366087055838"},{"cat":"function","dur":"19","name":"renderQuad","ph":"X","pid":"0","tid":"0x10f99c5c0","ts":"366087055897"},{"cat":"function","dur":"16","name":"renderLine","ph":"X","pid":"0","tid":"0x10f99c5c0","ts":"366087055939"},{"cat":"function","dur":"14","name":"render","ph":"X","pid":"0","tid":"0x10f99c5c0","ts":"366087055967"},{"cat":"function","dur":"9","name":"render","ph":"X","pid":"0","tid":"0x10f99c5c0","ts":"366087055989"},{"cat":"function","dur":"8","name":"render","ph":"X","pid":"0","tid":"0x10f99c5c0","ts":"366087056005"},{"cat":"function","dur":"207","name":"renderFrame","ph":"X","pid":"0","tid":"0x10f99c5c0","ts":"366087055967"},{"cat":"function","dur":"11","name":"checkForCollisions","ph":"X","pid":"0","tid":"0x10f99c5c0","ts":"366087056188"},{"cat":"function","dur":"19","name":"timeStep","ph":"X","pid":"0","tid":"0x10f99c5c0","ts":"366087056186"},{"cat":"function","dur":"10","name":"renderLine","ph":"X","pid":"0","tid":"0x10f99c5c0","ts":"366087056211"},{"cat":"function","dur":"7","name":"renderLine","ph":"X","pid":"0","tid":"0x10f99c5c0","ts":"366087056232"},{"cat":"function","dur":"16822","name":"loop","ph":"X","pid":"0","tid":"0x10f99c5c0","ts":"366087055775"},{"cat":"function","dur":"29","name":"renderCircle","ph":"X","pid":"0","tid":"0x10f99c5c0","ts":"366087072646"},{"cat":"function","dur":"15","name":"renderQuad","ph":"X","pid":"0","tid":"0x10f99c5c0","ts":"366087072686"},{"cat":"function","dur":"19","name":"renderLine","ph":"X","pid":"0","tid":"0x10f99c5c0","ts":"366087072723"},{"cat":"function","dur":"13","name":"render","ph":"X","pid":"0","tid":"0x10f99c5c0","ts":"366087072752"},{"cat":"function","dur":"9","name":"render","ph":"X","pid":"0","tid":"0x10f99c5c0","ts":"366087072773"},{"cat":"function","dur":"9","name":"render","ph":"X","pid":"0","tid":"0x10f99c5c0","ts":"366087072791"},{"cat":"function","dur":"211","name":"renderFrame","ph":"X","pid":"0","tid":"0x10f99c5c0","ts":"366087072751"},{"cat":"function","dur":"11","name":"checkForCollisions","ph":"X","pid":"0","tid":"0x10f99c5c0","ts":"366087072977"},{"cat":"function","dur":"34","name":"timeStep","ph":"X","pid":"0","tid":"0x10f99c5c0","ts":"366087072975"},{"cat":"function","dur":"13","name":"renderLine","ph":"X","pid":"0","tid":"0x10f99c5c0","ts":"366087073065"},{"cat":"function","dur":"8","name":"renderLine","ph":"X","pid":"0","tid":"0x10f99c5c0","ts":"366087073091"},{"cat":"function","dur":"16883","name":"loop","ph":"X","pid":"0","tid":"0x10f99c5c0","ts":"366087072625"},{"cat":"function","dur":"42","name":"renderCircle","ph":"X","pid":"0","tid":"0x10f99c5c0","ts":"366087089567"},{"cat":"function","dur":"12","name":"renderQuad","ph":"X","pid":"0","tid":"0x10f99c5c0","ts":"366087089623"},{"cat":"function","dur":"16","name":"renderLine","ph":"X","pid":"0","tid":"0x10f99c5c0","ts":"366087089655"},{"cat":"function","dur":"12","name":"render","ph":"X","pid":"0","tid":"0x10f99c5c0","ts":"366087089681"},{"cat":"function","dur":"9","name":"render","ph":"X","pid":"0","tid":"0x10f99c5c0","ts":"366087089702"},{"cat":"function","dur":"7","name":"render","ph":"X","pid":"0","tid":"0x10f99c5c0","ts":"366087089719"},{"cat":"function","dur":"209","name":"renderFrame","ph":"X","pid":"0","tid":"0x10f99c5c0","ts":"366087089680"},{"cat":"function","dur":"10","name":"checkForCollisions","ph":"X","pid":"0","tid":"0x10f99c5c0","ts":"366087089903"},{"cat":"function","dur":"19","name":"timeStep","ph":"X","pid":"0","tid":"0x10f99c5c0","ts":"366087089901"},{"cat":"function","dur":"11","name":"renderLine","ph":"X","pid":"0","tid":"0x10f99c5c0","ts":"366087089925"},{"cat":"function","dur":"11","name":"renderLine","ph":"X","pid":"0","tid":"0x10f99c5c0","ts":"366087089946"},{"cat":"function","dur":"16068","name":"loop","ph":"X","pid":"0","tid":"0x10f99c5c0","ts":"366087089543"},{"cat":"function","dur":"35","name":"renderCircle","ph":"X","pid":"0","tid":"0x10f99c5c0","ts":"366087105670"},{"cat":"function","dur":"11","name":"renderQuad","ph":"X","pid":"0","tid":"0x10f99c5c0","ts":"366087105719"},{"cat":"function","dur":"17","name":"renderLine","ph":"X","pid":"0","tid":"0x10f99c5c0","ts":"366087105749"},{"cat":"function","dur":"13","name":"render","ph":"X","pid":"0","tid":"0x10f99c5c0","ts":"366087105776"},{"cat":"function","dur":"8","name":"render","ph":"X","pid":"0","tid":"0x10f99c5c0","ts":"366087105798"},{"cat":"function","dur":"10","name":"render","ph":"X","pid":"0","tid":"0x10f99c5c0","ts":"366087105817"},{"cat":"function","dur":"228","name":"renderFrame","ph":"X","pid":"0","tid":"0x10f99c5c0","ts":"366087105776"},{"cat":"function","dur":"11","name":"checkForCollisions","ph":"X","pid":"0","tid":"0x10f99c5c0","ts":"366087106019"},{"cat":"function","dur":"21","name":"timeStep","ph":"X","pid":"0","tid":"0x10f99c5c0","ts":"366087106017"},{"cat":"function","dur":"11","name":"renderLine","ph":"X","pid":"0","tid":"0x10f99c5c0","ts":"366087106044"},{"cat":"function","dur":"7","name":"renderLine","ph":"X","pid":"0","tid":"0x10f99c5c0","ts":"366087106065"},{"cat":"function","dur":"16937","name":"loop","ph":"X","pid":"0","tid":"0x10f99c5c0","ts":"366087105647"},{"cat":"function","dur":"31","name":"renderCircle","ph":"X","pid":"0","tid":"0x10f99c5c0","ts":"366087122639"},{"cat":"function","dur":"12","name":"renderQuad","ph":"X","pid":"0","tid":"0x10f99c5c0","ts":"366087122685"},{"cat":"function","dur":"19","name":"renderLine","ph":"X","pid":"0","tid":"0x10f99c5c0","ts":"366087122720"},{"cat":"function","dur":"13","name":"render","ph":"X","pid":"0","tid":"0x10f99c5c0","ts":"366087122751"},{"cat":"function","dur":"8","name":"render","ph":"X","pid":"0","tid":"0x10f99c5c0","ts":"366087122773"},{"cat":"function","dur":"7","name":"render","ph":"X","pid":"0","tid":"0x10f99c5c0","ts":"366087122789"},{"cat":"function","dur":"213","name":"renderFrame","ph":"X","pid":"0","tid":"0x10f99c5c0","ts":"366087122750"},{"cat":"function","dur":"11","name":"checkForCollisions","ph":"X","pid":"0","tid":"0x10f99c5c0","ts":"366087122977"},{"cat":"function","dur":"19","name":"timeStep","ph":"X","pid":"0","tid":"0x10f99c5c0","ts":"366087122976"},{"cat":"function","dur":"10","name":"renderLine","ph":"X","pid":"0","tid":"0x10f99c5c0","ts":"366087123000"},{"cat":"function","dur":"7","name":"renderLine","ph":"X","pid":"0","tid":"0x10f99c5c0","ts":"366087123020"},{"cat":"function","dur":"16400","name":"loop","ph":"X","pid":"0","tid":"0x10f99c5c0","ts":"366087122618"},{"cat":"function","dur":"28","name":"renderCircle","ph":"X","pid":"0","tid":"0x10f99c5c0","ts":"366087139070"},{"cat":"function","dur":"10","name":"renderQuad","ph":"X","pid":"0","tid":"0x10f99c5c0","ts":"366087139110"},{"cat":"function","dur":"15","name":"renderLine","ph":"X","pid":"0","tid":"0x10f99c5c0","ts":"366087139139"},{"cat":"function","dur":"13","name":"render","ph":"X","pid":"0","tid":"0x10f99c5c0","ts":"366087139165"},{"cat":"function","dur":"9","name":"render","ph":"X","pid":"0","tid":"0x10f99c5c0","ts":"366087139186"},{"cat":"function","dur":"12","name":"render","ph":"X","pid":"0","tid":"0x10f99c5c0","ts":"366087139202"},{"cat":"function","dur":"205","name":"renderFrame","ph":"X","pid":"0","tid":"0x10f99c5c0","ts":"366087139165"},{"cat":"function","dur":"11","name":"checkForCollisions","ph":"X","pid":"0","tid":"0x10f99c5c0","ts":"366087139384"},{"cat":"function","dur":"21","name":"timeStep","ph":"X","pid":"0","tid":"0x10f99c5c0","ts":"366087139382"},{"cat":"function","dur":"11","name":"renderLine","ph":"X","pid":"0","tid":"0x10f99c5c0","ts":"366087139408"},{"cat":"function","dur":"6","name":"renderLine","ph":"X","pid":"0","tid":"0x10f99c5c0","ts":"366087139428"},{"cat":"function","dur":"16578","name":"loop","ph":"X","pid":"0","tid":"0x10f99c5c0","ts":"366087139050"},{"cat":"function","dur":"29","name":"renderCircle","ph":"X","pid":"0","tid":"0x10f99c5c0","ts":"366087155678"},{"cat":"function","dur":"10","name":"renderQuad","ph":"X","pid":"0","tid":"0x10f99c5c0","ts":"366087155718"},{"cat":"function","dur":"16","name":"renderLine","ph":"X","pid":"0","tid":"0x10f99c5c0","ts":"366087155746"},{"cat":"function","dur":"13","name":"render","ph":"X","pid":"0","tid":"0x10f99c5c0","ts":"366087155774"},{"cat":"function","dur":"13","name":"render","ph":"X","pid":"0","tid":"0x10f99c5c0","ts":"366087155795"},{"cat":"function","dur":"8","name":"render","ph":"X","pid":"0","tid":"0x10f99c5c0","ts":"366087155816"},{"cat":"function","dur":"210","name":"renderFrame","ph":"X","pid":"0","tid":"0x10f99c5c0","ts":"366087155773"},{"cat":"function","dur":"11","name":"checkForCollisions","ph":"X","pid":"0","tid":"0x10f99c5c0","ts":"366087155997"},{"cat":"function","dur":"19","name":"timeStep","ph":"X","pid":"0","tid":"0x10f99c5c0","ts":"366087155995"},{"cat":"function","dur":"11","name":"renderLine","ph":"X","pid":"0","tid":"0x10f99c5c0","ts":"366087156020"},{"cat":"function","dur":"7","name":"renderLine","ph":"X","pid":"0","tid":"0x10f99c5c0","ts":"366087156042"},{"cat":"function","dur":"17664","name":"loop","ph":"X","pid":"0","tid":"0x10f99c5c0","ts":"366087155659"},{"cat":"function","dur":"33","name":"renderCircle","ph":"X","pid":"0","tid":"0x10f99c5c0","ts":"366087173380"},{"cat":"function","dur":"11","name":"renderQuad","ph":"X","pid":"0","tid":"0x10f99c5c0","ts":"366087173427"},{"cat":"function","dur":"16","name":"renderLine","ph":"X","pid":"0","tid":"0x10f99c5c0","ts":"366087173457"},{"cat":"function","dur":"17","name":"render","ph":"X","pid":"0","tid":"0x10f99c5c0","ts":"366087173483"},{"cat":"function","dur":"9","name":"render","ph":"X","pid":"0","tid":"0x10f99c5c0","ts":"366087173509"},{"cat":"function","dur":"7","name":"render","ph":"X","pid":"0","tid":"0x10f99c5c0","ts":"366087173526"},{"cat":"function","dur":"211","name":"renderFrame","ph":"X","pid":"0","tid":"0x10f99c5c0","ts":"366087173482"},{"cat":"function","dur":"11","name":"checkForCollisions","ph":"X","pid":"0","tid":"0x10f99c5c0","ts":"366087173707"},{"cat":"function","dur":"20","name":"timeStep","ph":"X","pid":"0","tid":"0x10f99c5c0","ts":"366087173705"},{"cat":"function","dur":"10","name":"renderLine","ph":"X","pid":"0","tid":"0x10f99c5c0","ts":"366087173731"},{"cat":"function","dur":"6","name":"renderLine","ph":"X","pid":"0","tid":"0x10f99c5c0","ts":"366087173751"},{"cat":"function","dur":"16745","name":"loop","ph":"X","pid":"0","tid":"0x10f99c5c0","ts":"366087173357"},{"cat":"function","dur":"30","name":"renderCircle","ph":"X","pid":"0","tid":"0x10f99c5c0","ts":"366087190153"},{"cat":"function","dur":"17","name":"renderQuad","ph":"X","pid":"0","tid":"0x10f99c5c0","ts":"366087190213"},{"cat":"function","dur":"18","name":"renderLine","ph":"X","pid":"0","tid":"0x10f99c5c0","ts":"366087190251"},{"cat":"function","dur":"14","name":"render","ph":"X","pid":"0","tid":"0x10f99c5c0","ts":"366087190279"},{"cat":"function","dur":"9","name":"render","ph":"X","pid":"0","tid":"0x10f99c5c0","ts":"366087190303"},{"cat":"function","dur":"8","name":"render","ph":"X","pid":"0","tid":"0x10f99c5c0","ts":"366087190320"},{"cat":"function","dur":"209","name":"renderFrame","ph":"X","pid":"0","tid":"0x10f99c5c0","ts":"366087190279"},{"cat":"function","dur":"11","name":"checkForCollisions","ph":"X","pid":"0","tid":"0x10f99c5c0","ts":"366087190502"},{"cat":"function","dur":"19","name":"timeStep","ph":"X","pid":"0","tid":"0x10f99c5c0","ts":"366087190500"},{"cat":"function","dur":"11","name":"renderLine","ph":"X","pid":"0","tid":"0x10f99c5c0","ts":"366087190525"},{"cat":"function","dur":"6","name":"renderLine","ph":"X","pid":"0","tid":"0x10f99c5c0","ts":"366087190545"},{"cat":"function","dur":"17862","name":"loop","ph":"X","pid":"0","tid":"0x10f99c5c0","ts":"366087190133"},{"cat":"function","dur":"35","name":"renderCircle","ph":"X","pid":"0","tid":"0x10f99c5c0","ts":"366087208056"},{"cat":"function","dur":"18","name":"renderQuad","ph":"X","pid":"0","tid":"0x10f99c5c0","ts":"366087208103"},{"cat":"function","dur":"16","name":"renderLine","ph":"X","pid":"0","tid":"0x10f99c5c0","ts":"366087208142"},{"cat":"function","dur":"12","name":"render","ph":"X","pid":"0","tid":"0x10f99c5c0","ts":"366087208168"},{"cat":"function","dur":"8","name":"render","ph":"X","pid":"0","tid":"0x10f99c5c0","ts":"366087208188"},{"cat":"function","dur":"7","name":"render","ph":"X","pid":"0","tid":"0x10f99c5c0","ts":"366087208204"},{"cat":"function","dur":"206","name":"renderFrame","ph":"X","pid":"0","tid":"0x10f99c5c0","ts":"366087208167"},{"cat":"function","dur":"12","name":"checkForCollisions","ph":"X","pid":"0","tid":"0x10f99c5c0","ts":"366087208387"},{"cat":"function","dur":"19","name":"timeStep","ph":"X","pid":"0","tid":"0x10f99c5c0","ts":"366087208386"},{"cat":"function","dur":"10","name":"renderLine","ph":"X","pid":"0","tid":"0x10f99c5c0","ts":"366087208411"},{"cat":"function","dur":"8","name":"renderLine","ph":"X","pid":"0","tid":"0x10f99c5c0","ts":"366087208432"},{"cat":"function","dur":"16714","name":"loop","ph":"X","pid":"0","tid":"0x10f99c5c0","ts":"366087208032"},{"cat":"function","dur":"39","name":"renderCircle","ph":"X","pid":"0","tid":"0x10f99c5c0","ts":"366087224803"},{"cat":"function","dur":"12","name":"renderQuad","ph":"X","pid":"0","tid":"0x10f99c5c0","ts":"366087224858"},{"cat":"function","dur":"16","name":"renderLine","ph":"X","pid":"0","tid":"0x10f99c5c0","ts":"366087224890"},{"cat":"function","dur":"12","name":"render","ph":"X","pid":"0","tid":"0x10f99c5c0","ts":"366087224916"},{"cat":"function","dur":"9","name":"render","ph":"X","pid":"0","tid":"0x10f99c5c0","ts":"366087224938"},{"cat":"function","dur":"7","name":"render","ph":"X","pid":"0","tid":"0x10f99c5c0","ts":"366087224955"},{"cat":"function","dur":"203","name":"renderFrame","ph":"X","pid":"0","tid":"0x10f99c5c0","ts":"366087224915"},{"cat":"function","dur":"11","name":"checkForCollisions","ph":"X","pid":"0","tid":"0x10f99c5c0","ts":"366087225131"},{"cat":"function","dur":"20","name":"timeStep","ph":"X","pid":"0","tid":"0x10f99c5c0","ts":"366087225130"},{"cat":"function","dur":"10","name":"renderLine","ph":"X","pid":"0","tid":"0x10f99c5c0","ts":"366087225156"},{"cat":"function","dur":"12","name":"renderLine","ph":"X","pid":"0","tid":"0x10f99c5c0","ts":"366087225175"},{"cat":"function","dur":"16658","name":"loop","ph":"X","pid":"0","tid":"0x10f99c5c0","ts":"366087224780"},{"cat":"function","dur":"30","name":"renderCircle","ph":"X","pid":"0","tid":"0x10f99c5c0","ts":"366087241494"},{"cat":"function","dur":"10","name":"renderQuad","ph":"X","pid":"0","tid":"0x10f99c5c0","ts":"366087241536"},{"cat":"function","dur":"16","name":"renderLine","ph":"X","pid":"0","tid":"0x10f99c5c0","ts":"366087241564"},{"cat":"function","dur":"14","name":"render","ph":"X","pid":"0","tid":"0x10f99c5c0","ts":"366087241610"},{"cat":"function","dur":"9","name":"render","ph":"X","pid":"0","tid":"0x10f99c5c0","ts":"366087241632"},{"cat":"function","dur":"7","name":"render","ph":"X","pid":"0","tid":"0x10f99c5c0","ts":"366087241648"},{"cat":"function","dur":"207","name":"renderFrame","ph":"X","pid":"0","tid":"0x10f99c5c0","ts":"366087241610"},{"cat":"function","dur":"11","name":"checkForCollisions","ph":"X","pid":"0","tid":"0x10f99c5c0","ts":"366087241830"},{"cat":"function","dur":"18","name":"timeStep","ph":"X","pid":"0","tid":"0x10f99c5c0","ts":"366087241829"},{"cat":"function","dur":"10","name":"renderLine","ph":"X","pid":"0","tid":"0x10f99c5c0","ts":"366087241853"},{"cat":"function","dur":"39","name":"renderLine","ph":"X","pid":"0","tid":"0x10f99c5c0","ts":"366087241872"},{"cat":"function","dur":"16446","name":"loop","ph":"X","pid":"0","tid":"0x10f99c5c0","ts":"366087241473"},{"cat":"function","dur":"30","name":"renderCircle","ph":"X","pid":"0","tid":"0x10f99c5c0","ts":"366087257978"},{"cat":"function","dur":"11","name":"renderQuad","ph":"X","pid":"0","tid":"0x10f99c5c0","ts":"366087258020"},{"cat":"function","dur":"17","name":"renderLine","ph":"X","pid":"0","tid":"0x10f99c5c0","ts":"366087258050"},{"cat":"function","dur":"13","name":"render","ph":"X","pid":"0","tid":"0x10f99c5c0","ts":"366087258076"},{"cat":"function","dur":"9","name":"render","ph":"X","pid":"0","tid":"0x10f99c5c0","ts":"366087258100"},{"cat":"function","dur":"7","name":"render","ph":"X","pid":"0","tid":"0x10f99c5c0","ts":"366087258117"},{"cat":"function","dur":"212","name":"renderFrame","ph":"X","pid":"0","tid":"0x10f99c5c0","ts":"366087258076"},{"cat":"function","dur":"11","name":"checkForCollisions","ph":"X","pid":"0","tid":"0x10f99c5c0","ts":"366087258302"},{"cat":"function","dur":"21","name":"timeStep","ph":"X","pid":"0","tid":"0x10f99c5c0","ts":"366087258300"},{"cat":"function","dur":"11","name":"renderLine","ph":"X","pid":"0","tid":"0x10f99c5c0","ts":"366087258326"},{"cat":"function","dur":"6","name":"renderLine","ph":"X","pid":"0","tid":"0x10f99c5c0","ts":"366087258347"},{"cat":"function","dur":"16513","name":"loop","ph":"X","pid":"0","tid":"0x10f99c5c0","ts":"366087257956"},{"cat":"function","dur":"30","name":"renderCircle","ph":"X","pid":"0","tid":"0x10f99c5c0","ts":"366087274520"},{"cat":"function","dur":"10","name":"renderQuad","ph":"X","pid":"0","tid":"0x10f99c5c0","ts":"366087274561"},{"cat":"function","dur":"17","name":"renderLine","ph":"X","pid":"0","tid":"0x10f99c5c0","ts":"366087274590"},{"cat":"function","dur":"14","name":"render","ph":"X","pid":"0","tid":"0x10f99c5c0","ts":"366087274619"},{"cat":"function","dur":"9","name":"render","ph":"X","pid":"0","tid":"0x10f99c5c0","ts":"366087274641"},{"cat":"function","dur":"14","name":"render","ph":"X","pid":"0","tid":"0x10f99c5c0","ts":"366087274657"},{"cat":"function","dur":"211","name":"renderFrame","ph":"X","pid":"0","tid":"0x10f99c5c0","ts":"366087274618"},{"cat":"function","dur":"11","name":"checkForCollisions","ph":"X","pid":"0","tid":"0x10f99c5c0","ts":"366087274843"},{"cat":"function","dur":"21","name":"timeStep","ph":"X","pid":"0","tid":"0x10f99c5c0","ts":"366087274841"},{"cat":"function","dur":"10","name":"renderLine","ph":"X","pid":"0","tid":"0x10f99c5c0","ts":"366087274867"},{"cat":"function","dur":"6","name":"renderLine","ph":"X","pid":"0","tid":"0x10f99c5c0","ts":"366087274887"},{"cat":"function","dur":"16907","name":"loop","ph":"X","pid":"0","tid":"0x10f99c5c0","ts":"366087274499"},{"cat":"function","dur":"33","name":"renderCircle","ph":"X","pid":"0","tid":"0x10f99c5c0","ts":"366087291469"},{"cat":"function","dur":"11","name":"renderQuad","ph":"X","pid":"0","tid":"0x10f99c5c0","ts":"366087291516"},{"cat":"function","dur":"16","name":"renderLine","ph":"X","pid":"0","tid":"0x10f99c5c0","ts":"366087291546"},{"cat":"function","dur":"13","name":"render","ph":"X","pid":"0","tid":"0x10f99c5c0","ts":"366087291575"},{"cat":"function","dur":"17","name":"render","ph":"X","pid":"0","tid":"0x10f99c5c0","ts":"366087291614"},{"cat":"function","dur":"9","name":"render","ph":"X","pid":"0","tid":"0x10f99c5c0","ts":"366087291640"},{"cat":"function","dur":"230","name":"renderFrame","ph":"X","pid":"0","tid":"0x10f99c5c0","ts":"366087291574"},{"cat":"function","dur":"13","name":"checkForCollisions","ph":"X","pid":"0","tid":"0x10f99c5c0","ts":"366087291818"},{"cat":"function","dur":"26","name":"timeStep","ph":"X","pid":"0","tid":"0x10f99c5c0","ts":"366087291817"},{"cat":"function","dur":"15","name":"renderLine","ph":"X","pid":"0","tid":"0x10f99c5c0","ts":"366087291855"},{"cat":"function","dur":"8","name":"renderLine","ph":"X","pid":"0","tid":"0x10f99c5c0","ts":"366087291881"},{"cat":"function","dur":"16740","name":"loop","ph":"X","pid":"0","tid":"0x10f99c5c0","ts":"366087291443"},{"cat":"function","dur":"30","name":"renderCircle","ph":"X","pid":"0","tid":"0x10f99c5c0","ts":"366087308242"},{"cat":"function","dur":"10","name":"renderQuad","ph":"X","pid":"0","tid":"0x10f99c5c0","ts":"366087308286"},{"cat":"function","dur":"16","name":"renderLine","ph":"X","pid":"0","tid":"0x10f99c5c0","ts":"366087308316"},{"cat":"function","dur":"19","name":"render","ph":"X","pid":"0","tid":"0x10f99c5c0","ts":"366087308341"},{"cat":"function","dur":"9","name":"render","ph":"X","pid":"0","tid":"0x10f99c5c0","ts":"366087308370"},{"cat":"function","dur":"7","name":"render","ph":"X","pid":"0","tid":"0x10f99c5c0","ts":"366087308387"},{"cat":"function","dur":"7","name":"ModelMatrixTransform","ph":"X","pid":"0","tid":"0x10f99c5c0","ts":"366087308505"},{"cat":"function","dur":"287","name":"renderFrame","ph":"X","pid":"0","tid":"0x10f99c5c0","ts":"366087308340"},{"cat":"function","dur":"10","name":"checkForCollisions","ph":"X","pid":"0","tid":"0x10f99c5c0","ts":"366087308646"},{"cat":"function","dur":"20","name":"timeStep","ph":"X","pid":"0","tid":"0x10f99c5c0","ts":"366087308644"},{"cat":"function","dur":"12","name":"renderLine","ph":"X","pid":"0","tid":"0x10f99c5c0","ts":"366087308669"},{"cat":"function","dur":"7","name":"renderLine","ph":"X","pid":"0","tid":"0x10f99c5c0","ts":"366087308690"},{"cat":"function","dur":"17581","name":"loop","ph":"X","pid":"0","tid":"0x10f99c5c0","ts":"366087308218"},{"cat":"function","dur":"31","name":"renderCircle","ph":"X","pid":"0","tid":"0x10f99c5c0","ts":"366087325858"},{"cat":"function","dur":"16","name":"renderQuad","ph":"X","pid":"0","tid":"0x10f99c5c0","ts":"366087325900"},{"cat":"function","dur":"17","name":"renderLine","ph":"X","pid":"0","tid":"0x10f99c5c0","ts":"366087325934"},{"cat":"function","dur":"14","name":"render","ph":"X","pid":"0","tid":"0x10f99c5c0","ts":"366087325964"},{"cat":"function","dur":"9","name":"render","ph":"X","pid":"0","tid":"0x10f99c5c0","ts":"366087325986"},{"cat":"function","dur":"7","name":"render","ph":"X","pid":"0","tid":"0x10f99c5c0","ts":"366087326002"},{"cat":"function","dur":"204","name":"renderFrame","ph":"X","pid":"0","tid":"0x10f99c5c0","ts":"366087325964"},{"cat":"function","dur":"10","name":"checkForCollisions","ph":"X","pid":"0","tid":"0x10f99c5c0","ts":"366087326182"},{"cat":"function","dur":"20","name":"timeStep","ph":"X","pid":"0","tid":"0x10f99c5c0","ts":"366087326180"},{"cat":"function","dur":"11","name":"renderLine","ph":"X","pid":"0","tid":"0x10f99c5c0","ts":"366087326208"},{"cat":"function","dur":"7","name":"renderLine","ph":"X","pid":"0","tid":"0x10f99c5c0","ts":"366087326230"},{"cat":"function","dur":"17002","name":"loop","ph":"X","pid":"0","tid":"0x10f99c5c0","ts":"366087325837"},{"cat":"function","dur":"31","name":"renderCircle","ph":"X","pid":"0","tid":"0x10f99c5c0","ts":"366087342896"},{"cat":"function","dur":"16","name":"renderQuad","ph":"X","pid":"0","tid":"0x10f99c5c0","ts":"366087342940"},{"cat":"function","dur":"18","name":"renderLine","ph":"X","pid":"0","tid":"0x10f99c5c0","ts":"366087342979"},{"cat":"function","dur":"14","name":"render","ph":"X","pid":"0","tid":"0x10f99c5c0","ts":"366087343007"},{"cat":"function","dur":"12","name":"render","ph":"X","pid":"0","tid":"0x10f99c5c0","ts":"366087343033"},{"cat":"function","dur":"10","name":"render","ph":"X","pid":"0","tid":"0x10f99c5c0","ts":"366087343072"},{"cat":"function","dur":"245","name":"renderFrame","ph":"X","pid":"0","tid":"0x10f99c5c0","ts":"366087343007"},{"cat":"function","dur":"10","name":"checkForCollisions","ph":"X","pid":"0","tid":"0x10f99c5c0","ts":"366087343267"},{"cat":"function","dur":"22","name":"timeStep","ph":"X","pid":"0","tid":"0x10f99c5c0","ts":"366087343265"},{"cat":"function","dur":"12","name":"renderLine","ph":"X","pid":"0","tid":"0x10f99c5c0","ts":"366087343308"},{"cat":"function","dur":"7","name":"renderLine","ph":"X","pid":"0","tid":"0x10f99c5c0","ts":"366087343331"},{"cat":"function","dur":"17172","name":"loop","ph":"X","pid":"0","tid":"0x10f99c5c0","ts":"366087342873"},{"cat":"function","dur":"38","name":"renderCircle","ph":"X","pid":"0","tid":"0x10f99c5c0","ts":"366087360119"},{"cat":"function","dur":"12","name":"renderQuad","ph":"X","pid":"0","tid":"0x10f99c5c0","ts":"366087360170"},{"cat":"function","dur":"17","name":"renderLine","ph":"X","pid":"0","tid":"0x10f99c5c0","ts":"366087360202"},{"cat":"function","dur":"15","name":"render","ph":"X","pid":"0","tid":"0x10f99c5c0","ts":"366087360230"},{"cat":"function","dur":"19","name":"render","ph":"X","pid":"0","tid":"0x10f99c5c0","ts":"366087360254"},{"cat":"function","dur":"8","name":"render","ph":"X","pid":"0","tid":"0x10f99c5c0","ts":"366087360282"},{"cat":"function","dur":"234","name":"renderFrame","ph":"X","pid":"0","tid":"0x10f99c5c0","ts":"366087360229"},{"cat":"function","dur":"11","name":"checkForCollisions","ph":"X","pid":"0","tid":"0x10f99c5c0","ts":"366087360477"},{"cat":"function","dur":"20","name":"timeStep","ph":"X","pid":"0","tid":"0x10f99c5c0","ts":"366087360475"},{"cat":"function","dur":"14","name":"renderLine","ph":"X","pid":"0","tid":"0x10f99c5c0","ts":"366087360501"},{"cat":"function","dur":"12","name":"renderLine","ph":"X","pid":"0","tid":"0x10f99c5c0","ts":"366087360528"},{"cat":"function","dur":"64027","name":"loop","ph":"X","pid":"0","tid":"0x10f99c5c0","ts":"366087360096"},{"cat":"function","dur":"23","name":"renderCircle","ph":"X","pid":"0","tid":"0x10f99c5c0","ts":"366087424172"},{"cat":"function","dur":"10","name":"renderQuad","ph":"X","pid":"0","tid":"0x10f99c5c0","ts":"366087424207"},{"cat":"function","dur":"15","name":"renderLine","ph":"X","pid":"0","tid":"0x10f99c5c0","ts":"366087424235"},{"cat":"function","dur":"11","name":"render","ph":"X","pid":"0","tid":"0x10f99c5c0","ts":"366087424260"},{"cat":"function","dur":"8","name":"render","ph":"X","pid":"0","tid":"0x10f99c5c0","ts":"366087424279"},{"cat":"function","dur":"7","name":"render","ph":"X","pid":"0","tid":"0x10f99c5c0","ts":"366087424295"},{"cat":"function","dur":"202","name":"renderFrame","ph":"X","pid":"0","tid":"0x10f99c5c0","ts":"366087424259"},{"cat":"function","dur":"10","name":"checkForCollisions","ph":"X","pid":"0","tid":"0x10f99c5c0","ts":"366087424474"},{"cat":"function","dur":"19","name":"timeStep","ph":"X","pid":"0","tid":"0x10f99c5c0","ts":"366087424472"},{"cat":"function","dur":"9","name":"renderLine","ph":"X","pid":"0","tid":"0x10f99c5c0","ts":"366087424496"},{"cat":"function","dur":"7","name":"renderLine","ph":"X","pid":"0","tid":"0x10f99c5c0","ts":"366087424515"},{"cat":"function","dur":"16354","name":"loop","ph":"X","pid":"0","tid":"0x10f99c5c0","ts":"366087424156"},{"cat":"function","dur":"27","name":"renderCircle","ph":"X","pid":"0","tid":"0x10f99c5c0","ts":"366087440561"},{"cat":"function","dur":"10","name":"renderQuad","ph":"X","pid":"0","tid":"0x10f99c5c0","ts":"366087440600"},{"cat":"function","dur":"15","name":"renderLine","ph":"X","pid":"0","tid":"0x10f99c5c0","ts":"366087440628"},{"cat":"function","dur":"12","name":"render","ph":"X","pid":"0","tid":"0x10f99c5c0","ts":"366087440652"},{"cat":"function","dur":"8","name":"render","ph":"X","pid":"0","tid":"0x10f99c5c0","ts":"366087440672"},{"cat":"function","dur":"7","name":"render","ph":"X","pid":"0","tid":"0x10f99c5c0","ts":"366087440688"},{"cat":"function","dur":"202","name":"renderFrame","ph":"X","pid":"0","tid":"0x10f99c5c0","ts":"366087440652"},{"cat":"function","dur":"10","name":"checkForCollisions","ph":"X","pid":"0","tid":"0x10f99c5c0","ts":"366087440883"},{"cat":"function","dur":"19","name":"timeStep","ph":"X","pid":"0","tid":"0x10f99c5c0","ts":"366087440881"},{"cat":"function","dur":"10","name":"renderLine","ph":"X","pid":"0","tid":"0x10f99c5c0","ts":"366087440906"},{"cat":"function","dur":"6","name":"renderLine","ph":"X","pid":"0","tid":"0x10f99c5c0","ts":"366087440925"},{"cat":"function","dur":"16484","name":"loop","ph":"X","pid":"0","tid":"0x10f99c5c0","ts":"366087440544"},{"cat":"function","dur":"41","name":"renderCircle","ph":"X","pid":"0","tid":"0x10f99c5c0","ts":"366087457097"},{"cat":"function","dur":"16","name":"renderQuad","ph":"X","pid":"0","tid":"0x10f99c5c0","ts":"366087457158"},{"cat":"function","dur":"24","name":"renderLine","ph":"X","pid":"0","tid":"0x10f99c5c0","ts":"366087457206"},{"cat":"function","dur":"20","name":"render","ph":"X","pid":"0","tid":"0x10f99c5c0","ts":"366087457247"},{"cat":"function","dur":"14","name":"render","ph":"X","pid":"0","tid":"0x10f99c5c0","ts":"366087457282"},{"cat":"function","dur":"88","name":"render","ph":"X","pid":"0","tid":"0x10f99c5c0","ts":"366087457309"},{"cat":"function","dur":"434","name":"renderFrame","ph":"X","pid":"0","tid":"0x10f99c5c0","ts":"366087457246"},{"cat":"function","dur":"19","name":"checkForCollisions","ph":"X","pid":"0","tid":"0x10f99c5c0","ts":"366087457701"},{"cat":"function","dur":"32","name":"timeStep","ph":"X","pid":"0","tid":"0x10f99c5c0","ts":"366087457699"},{"cat":"function","dur":"17","name":"renderLine","ph":"X","pid":"0","tid":"0x10f99c5c0","ts":"366087457741"},{"cat":"function","dur":"11","name":"renderLine","ph":"X","pid":"0","tid":"0x10f99c5c0","ts":"366087457774"},{"cat":"function","dur":"16586","name":"loop","ph":"X","pid":"0","tid":"0x10f99c5c0","ts":"366087457070"},{"cat":"function","dur":"33","name":"renderCircle","ph":"X","pid":"0","tid":"0x10f99c5c0","ts":"366087473766"},{"cat":"function","dur":"14","name":"renderQuad","ph":"X","pid":"0","tid":"0x10f99c5c0","ts":"366087473815"},{"cat":"function","dur":"20","name":"renderLine","ph":"X","pid":"0","tid":"0x10f99c5c0","ts":"366087473854"},{"cat":"function","dur":"16","name":"render","ph":"X","pid":"0","tid":"0x10f99c5c0","ts":"366087473887"},{"cat":"function","dur":"16","name":"render","ph":"X","pid":"0","tid":"0x10f99c5c0","ts":"366087473915"},{"cat":"function","dur":"11","name":"render","ph":"X","pid":"0","tid":"0x10f99c5c0","ts":"366087473942"},{"cat":"function","dur":"290","name":"renderFrame","ph":"X","pid":"0","tid":"0x10f99c5c0","ts":"366087473886"},{"cat":"function","dur":"15","name":"checkForCollisions","ph":"X","pid":"0","tid":"0x10f99c5c0","ts":"366087474193"},{"cat":"function","dur":"26","name":"timeStep","ph":"X","pid":"0","tid":"0x10f99c5c0","ts":"366087474191"},{"cat":"function","dur":"13","name":"renderLine","ph":"X","pid":"0","tid":"0x10f99c5c0","ts":"366087474224"},{"cat":"function","dur":"9","name":"renderLine","ph":"X","pid":"0","tid":"0x10f99c5c0","ts":"366087474250"},{"cat":"function","dur":"17281","name":"loop","ph":"X","pid":"0","tid":"0x10f99c5c0","ts":"366087473745"},{"cat":"function","dur":"24","name":"renderCircle","ph":"X","pid":"0","tid":"0x10f99c5c0","ts":"366087491070"},{"cat":"function","dur":"10","name":"renderQuad","ph":"X","pid":"0","tid":"0x10f99c5c0","ts":"366087491106"},{"cat":"function","dur":"14","name":"renderLine","ph":"X","pid":"0","tid":"0x10f99c5c0","ts":"366087491135"},{"cat":"function","dur":"16","name":"render","ph":"X","pid":"0","tid":"0x10f99c5c0","ts":"366087491158"},{"cat":"function","dur":"8","name":"render","ph":"X","pid":"0","tid":"0x10f99c5c0","ts":"366087491183"},{"cat":"function","dur":"8","name":"render","ph":"X","pid":"0","tid":"0x10f99c5c0","ts":"366087491199"},{"cat":"function","dur":"211","name":"renderFrame","ph":"X","pid":"0","tid":"0x10f99c5c0","ts":"366087491158"},{"cat":"function","dur":"11","name":"checkForCollisions","ph":"X","pid":"0","tid":"0x10f99c5c0","ts":"366087491381"},{"cat":"function","dur":"19","name":"timeStep","ph":"X","pid":"0","tid":"0x10f99c5c0","ts":"366087491380"},{"cat":"function","dur":"10","name":"renderLine","ph":"X","pid":"0","tid":"0x10f99c5c0","ts":"366087491425"},{"cat":"function","dur":"7","name":"renderLine","ph":"X","pid":"0","tid":"0x10f99c5c0","ts":"366087491446"},{"cat":"function","dur":"17171","name":"loop","ph":"X","pid":"0","tid":"0x10f99c5c0","ts":"366087491054"},{"cat":"function","dur":"33","name":"renderCircle","ph":"X","pid":"0","tid":"0x10f99c5c0","ts":"366087508330"},{"cat":"function","dur":"16","name":"renderQuad","ph":"X","pid":"0","tid":"0x10f99c5c0","ts":"366087508377"},{"cat":"function","dur":"18","name":"renderLine","ph":"X","pid":"0","tid":"0x10f99c5c0","ts":"366087508415"},{"cat":"function","dur":"14","name":"render","ph":"X","pid":"0","tid":"0x10f99c5c0","ts":"366087508444"},{"cat":"function","dur":"38","name":"render","ph":"X","pid":"0","tid":"0x10f99c5c0","ts":"366087508467"},{"cat":"function","dur":"10","name":"render","ph":"X","pid":"0","tid":"0x10f99c5c0","ts":"366087508516"},{"cat":"function","dur":"302","name":"renderFrame","ph":"X","pid":"0","tid":"0x10f99c5c0","ts":"366087508443"},{"cat":"function","dur":"13","name":"checkForCollisions","ph":"X","pid":"0","tid":"0x10f99c5c0","ts":"366087508758"},{"cat":"function","dur":"21","name":"timeStep","ph":"X","pid":"0","tid":"0x10f99c5c0","ts":"366087508757"},{"cat":"function","dur":"10","name":"renderLine","ph":"X","pid":"0","tid":"0x10f99c5c0","ts":"366087508785"},{"cat":"function","dur":"8","name":"renderLine","ph":"X","pid":"0","tid":"0x10f99c5c0","ts":"366087508805"},{"cat":"function","dur":"16557","name":"loop","ph":"X","pid":"0","tid":"0x10f99c5c0","ts":"366087508308"},{"cat":"function","dur":"51","name":"renderCircle","ph":"X","pid":"0","tid":"0x10f99c5c0","ts":"366087524966"},{"cat":"function","dur":"33","name":"renderQuad","ph":"X","pid":"0","tid":"0x10f99c5c0","ts":"366087525047"},{"cat":"function","dur":"52","name":"renderLine","ph":"X","pid":"0","tid":"0x10f99c5c0","ts":"366087525256"},{"cat":"function","dur":"18","name":"render","ph":"X","pid":"0","tid":"0x10f99c5c0","ts":"366087525324"},{"cat":"function","dur":"10","name":"render","ph":"X","pid":"0","tid":"0x10f99c5c0","ts":"366087525352"},{"cat":"function","dur":"9","name":"render","ph":"X","pid":"0","tid":"0x10f99c5c0","ts":"366087525371"},{"cat":"function","dur":"235","name":"renderFrame","ph":"X","pid":"0","tid":"0x10f99c5c0","ts":"366087525323"},{"cat":"function","dur":"12","name":"checkForCollisions","ph":"X","pid":"0","tid":"0x10f99c5c0","ts":"366087525572"},{"cat":"function","dur":"22","name":"timeStep","ph":"X","pid":"0","tid":"0x10f99c5c0","ts":"366087525570"},{"cat":"function","dur":"11","name":"renderLine","ph":"X","pid":"0","tid":"0x10f99c5c0","ts":"366087525598"},{"cat":"function","dur":"8","name":"renderLine","ph":"X","pid":"0","tid":"0x10f99c5c0","ts":"366087525619"},{"cat":"function","dur":"17828","name":"loop","ph":"X","pid":"0","tid":"0x10f99c5c0","ts":"366087524931"},{"cat":"function","dur":"57","name":"renderCircle","ph":"X","pid":"0","tid":"0x10f99c5c0","ts":"366087542856"},{"cat":"function","dur":"25","name":"renderQuad","ph":"X","pid":"0","tid":"0x10f99c5c0","ts":"366087542943"},{"cat":"function","dur":"33","name":"renderLine","ph":"X","pid":"0","tid":"0x10f99c5c0","ts":"366087543015"},{"cat":"function","dur":"29","name":"render","ph":"X","pid":"0","tid":"0x10f99c5c0","ts":"366087543073"},{"cat":"function","dur":"20","name":"render","ph":"X","pid":"0","tid":"0x10f99c5c0","ts":"366087543123"},{"cat":"function","dur":"19","name":"render","ph":"X","pid":"0","tid":"0x10f99c5c0","ts":"366087543162"},{"cat":"function","dur":"507","name":"renderFrame","ph":"X","pid":"0","tid":"0x10f99c5c0","ts":"366087543072"},{"cat":"function","dur":"6","name":"checkForCollision","ph":"X","pid":"0","tid":"0x10f99c5c0","ts":"366087543615"},{"cat":"function","dur":"42","name":"checkForCollisions","ph":"X","pid":"0","tid":"0x10f99c5c0","ts":"366087543615"},{"cat":"function","dur":"61","name":"timeStep","ph":"X","pid":"0","tid":"0x10f99c5c0","ts":"366087543611"},{"cat":"function","dur":"28","name":"renderLine","ph":"X","pid":"0","tid":"0x10f99c5c0","ts":"366087543692"},{"cat":"function","dur":"39","name":"renderLine","ph":"X","pid":"0","tid":"0x10f99c5c0","ts":"366087543748"},{"cat":"function","dur":"16868","name":"loop","ph":"X","pid":"0","tid":"0x10f99c5c0","ts":"366087542821"},{"cat":"function","dur":"50","name":"renderCircle","ph":"X","pid":"0","tid":"0x10f99c5c0","ts":"366087559787"},{"cat":"function","dur":"25","name":"renderQuad","ph":"X","pid":"0","tid":"0x10f99c5c0","ts":"366087559867"},{"cat":"function","dur":"33","name":"renderLine","ph":"X","pid":"0","tid":"0x10f99c5c0","ts":"366087559938"},{"cat":"function","dur":"29","name":"render","ph":"X","pid":"0","tid":"0x10f99c5c0","ts":"366087559996"},{"cat":"function","dur":"21","name":"render","ph":"X","pid":"0","tid":"0x10f99c5c0","ts":"366087560047"},{"cat":"function","dur":"22","name":"render","ph":"X","pid":"0","tid":"0x10f99c5c0","ts":"366087560095"},{"cat":"function","dur":"521","name":"renderFrame","ph":"X","pid":"0","tid":"0x10f99c5c0","ts":"366087559995"},{"cat":"function","dur":"18","name":"checkForCollisions","ph":"X","pid":"0","tid":"0x10f99c5c0","ts":"366087560539"},{"cat":"function","dur":"33","name":"timeStep","ph":"X","pid":"0","tid":"0x10f99c5c0","ts":"366087560536"},{"cat":"function","dur":"18","name":"renderLine","ph":"X","pid":"0","tid":"0x10f99c5c0","ts":"366087560579"},{"cat":"function","dur":"16","name":"renderLine","ph":"X","pid":"0","tid":"0x10f99c5c0","ts":"366087560613"},{"cat":"function","dur":"17085","name":"loop","ph":"X","pid":"0","tid":"0x10f99c5c0","ts":"366087559752"},{"cat":"function","dur":"22","name":"renderCircle","ph":"X","pid":"0","tid":"0x10f99c5c0","ts":"366087576882"},{"cat":"function","dur":"11","name":"renderQuad","ph":"X","pid":"0","tid":"0x10f99c5c0","ts":"366087576916"},{"cat":"function","dur":"13","name":"renderLine","ph":"X","pid":"0","tid":"0x10f99c5c0","ts":"366087576946"},{"cat":"function","dur":"13","name":"render","ph":"X","pid":"0","tid":"0x10f99c5c0","ts":"366087576969"},{"cat":"function","dur":"8","name":"render","ph":"X","pid":"0","tid":"0x10f99c5c0","ts":"366087576990"},{"cat":"function","dur":"7","name":"render","ph":"X","pid":"0","tid":"0x10f99c5c0","ts":"366087577007"},{"cat":"function","dur":"231","name":"renderFrame","ph":"X","pid":"0","tid":"0x10f99c5c0","ts":"366087576969"},{"cat":"function","dur":"11","name":"checkForCollisions","ph":"X","pid":"0","tid":"0x10f99c5c0","ts":"366087577213"},{"cat":"function","dur":"19","name":"timeStep","ph":"X","pid":"0","tid":"0x10f99c5c0","ts":"366087577212"},{"cat":"function","dur":"11","name":"renderLine","ph":"X","pid":"0","tid":"0x10f99c5c0","ts":"366087577236"},{"cat":"function","dur":"7","name":"renderLine","ph":"X","pid":"0","tid":"0x10f99c5c0","ts":"366087577256"},{"cat":"function","dur":"16926","name":"loop","ph":"X","pid":"0","tid":"0x10f99c5c0","ts":"366087576866"},{"cat":"function","dur":"27","name":"renderCircle","ph":"X","pid":"0","tid":"0x10f99c5c0","ts":"366087593858"},{"cat":"function","dur":"10","name":"renderQuad","ph":"X","pid":"0","tid":"0x10f99c5c0","ts":"366087593897"},{"cat":"function","dur":"16","name":"renderLine","ph":"X","pid":"0","tid":"0x10f99c5c0","ts":"366087593926"},{"cat":"function","dur":"13","name":"render","ph":"X","pid":"0","tid":"0x10f99c5c0","ts":"366087593951"},{"cat":"function","dur":"9","name":"render","ph":"X","pid":"0","tid":"0x10f99c5c0","ts":"366087593972"},{"cat":"function","dur":"12","name":"render","ph":"X","pid":"0","tid":"0x10f99c5c0","ts":"366087593988"},{"cat":"function","dur":"214","name":"renderFrame","ph":"X","pid":"0","tid":"0x10f99c5c0","ts":"366087593951"},{"cat":"function","dur":"11","name":"checkForCollisions","ph":"X","pid":"0","tid":"0x10f99c5c0","ts":"366087594177"},{"cat":"function","dur":"19","name":"timeStep","ph":"X","pid":"0","tid":"0x10f99c5c0","ts":"366087594175"},{"cat":"function","dur":"9","name":"renderLine","ph":"X","pid":"0","tid":"0x10f99c5c0","ts":"366087594200"},{"cat":"function","dur":"7","name":"renderLine","ph":"X","pid":"0","tid":"0x10f99c5c0","ts":"366087594219"},{"cat":"function","dur":"16805","name":"loop","ph":"X","pid":"0","tid":"0x10f99c5c0","ts":"366087593839"},{"cat":"function","dur":"20","name":"renderCircle","ph":"X","pid":"0","tid":"0x10f99c5c0","ts":"366087610707"},{"cat":"function","dur":"10","name":"renderQuad","ph":"X","pid":"0","tid":"0x10f99c5c0","ts":"366087610738"},{"cat":"function","dur":"12","name":"renderLine","ph":"X","pid":"0","tid":"0x10f99c5c0","ts":"366087610766"},{"cat":"function","dur":"29","name":"render","ph":"X","pid":"0","tid":"0x10f99c5c0","ts":"366087610788"},{"cat":"function","dur":"21","name":"render","ph":"X","pid":"0","tid":"0x10f99c5c0","ts":"366087610850"},{"cat":"function","dur":"10","name":"render","ph":"X","pid":"0","tid":"0x10f99c5c0","ts":"366087610881"},{"cat":"function","dur":"264","name":"renderFrame","ph":"X","pid":"0","tid":"0x10f99c5c0","ts":"366087610787"},{"cat":"function","dur":"11","name":"checkForCollisions","ph":"X","pid":"0","tid":"0x10f99c5c0","ts":"366087611063"},{"cat":"function","dur":"18","name":"timeStep","ph":"X","pid":"0","tid":"0x10f99c5c0","ts":"366087611062"},{"cat":"function","dur":"10","name":"renderLine","ph":"X","pid":"0","tid":"0x10f99c5c0","ts":"366087611086"},{"cat":"function","dur":"7","name":"renderLine","ph":"X","pid":"0","tid":"0x10f99c5c0","ts":"366087611106"},{"cat":"function","dur":"16930","name":"loop","ph":"X","pid":"0","tid":"0x10f99c5c0","ts":"366087610668"},{"cat":"function","dur":"33","name":"renderCircle","ph":"X","pid":"0","tid":"0x10f99c5c0","ts":"366087627681"},{"cat":"function","dur":"18","name":"renderQuad","ph":"X","pid":"0","tid":"0x10f99c5c0","ts":"366087627735"},{"cat":"function","dur":"24","name":"renderLine","ph":"X","pid":"0","tid":"0x10f99c5c0","ts":"366087627785"},{"cat":"function","dur":"25","name":"render","ph":"X","pid":"0","tid":"0x10f99c5c0","ts":"366087627827"},{"cat":"function","dur":"15","name":"render","ph":"X","pid":"0","tid":"0x10f99c5c0","ts":"366087627868"},{"cat":"function","dur":"13","name":"render","ph":"X","pid":"0","tid":"0x10f99c5c0","ts":"366087627897"},{"cat":"function","dur":"361","name":"renderFrame","ph":"X","pid":"0","tid":"0x10f99c5c0","ts":"366087627826"},{"cat":"function","dur":"18","name":"checkForCollisions","ph":"X","pid":"0","tid":"0x10f99c5c0","ts":"366087628207"},{"cat":"function","dur":"32","name":"timeStep","ph":"X","pid":"0","tid":"0x10f99c5c0","ts":"366087628205"},{"cat":"function","dur":"18","name":"renderLine","ph":"X","pid":"0","tid":"0x10f99c5c0","ts":"366087628246"},{"cat":"function","dur":"13","name":"renderLine","ph":"X","pid":"0","tid":"0x10f99c5c0","ts":"366087628280"},{"cat":"function","dur":"16608","name":"loop","ph":"X","pid":"0","tid":"0x10f99c5c0","ts":"366087627638"},{"cat":"function","dur":"38","name":"renderCircle","ph":"X","pid":"0","tid":"0x10f99c5c0","ts":"366087644312"},{"cat":"function","dur":"13","name":"renderQuad","ph":"X","pid":"0","tid":"0x10f99c5c0","ts":"366087644361"},{"cat":"function","dur":"18","name":"renderLine","ph":"X","pid":"0","tid":"0x10f99c5c0","ts":"366087644405"},{"cat":"function","dur":"14","name":"render","ph":"X","pid":"0","tid":"0x10f99c5c0","ts":"366087644441"},{"cat":"function","dur":"22","name":"render","ph":"X","pid":"0","tid":"0x10f99c5c0","ts":"366087644465"},{"cat":"function","dur":"15","name":"render","ph":"X","pid":"0","tid":"0x10f99c5c0","ts":"366087644505"},{"cat":"function","dur":"239","name":"renderFrame","ph":"X","pid":"0","tid":"0x10f99c5c0","ts":"366087644441"},{"cat":"function","dur":"10","name":"checkForCollisions","ph":"X","pid":"0","tid":"0x10f99c5c0","ts":"366087644692"},{"cat":"function","dur":"18","name":"timeStep","ph":"X","pid":"0","tid":"0x10f99c5c0","ts":"366087644691"},{"cat":"function","dur":"11","name":"renderLine","ph":"X","pid":"0","tid":"0x10f99c5c0","ts":"366087644714"},{"cat":"function","dur":"7","name":"renderLine","ph":"X","pid":"0","tid":"0x10f99c5c0","ts":"366087644734"},{"cat":"function","dur":"17499","name":"loop","ph":"X","pid":"0","tid":"0x10f99c5c0","ts":"366087644287"},{"cat":"function","dur":"35","name":"renderCircle","ph":"X","pid":"0","tid":"0x10f99c5c0","ts":"366087661850"},{"cat":"function","dur":"18","name":"renderQuad","ph":"X","pid":"0","tid":"0x10f99c5c0","ts":"366087661904"},{"cat":"function","dur":"21","name":"renderLine","ph":"X","pid":"0","tid":"0x10f99c5c0","ts":"366087661948"},{"cat":"function","dur":"17","name":"render","ph":"X","pid":"0","tid":"0x10f99c5c0","ts":"366087661982"},{"cat":"function","dur":"11","name":"render","ph":"X","pid":"0","tid":"0x10f99c5c0","ts":"366087662010"},{"cat":"function","dur":"10","name":"render","ph":"X","pid":"0","tid":"0x10f99c5c0","ts":"366087662031"},{"cat":"function","dur":"277","name":"renderFrame","ph":"X","pid":"0","tid":"0x10f99c5c0","ts":"366087661981"},{"cat":"function","dur":"14","name":"checkForCollisions","ph":"X","pid":"0","tid":"0x10f99c5c0","ts":"366087662274"},{"cat":"function","dur":"25","name":"timeStep","ph":"X","pid":"0","tid":"0x10f99c5c0","ts":"366087662272"},{"cat":"function","dur":"13","name":"renderLine","ph":"X","pid":"0","tid":"0x10f99c5c0","ts":"366087662304"},{"cat":"function","dur":"9","name":"renderLine","ph":"X","pid":"0","tid":"0x10f99c5c0","ts":"366087662330"},{"cat":"function","dur":"16278","name":"loop","ph":"X","pid":"0","tid":"0x10f99c5c0","ts":"366087661827"},{"cat":"function","dur":"33","name":"renderCircle","ph":"X","pid":"0","tid":"0x10f99c5c0","ts":"366087678159"},{"cat":"function","dur":"12","name":"renderQuad","ph":"X","pid":"0","tid":"0x10f99c5c0","ts":"366087678206"},{"cat":"function","dur":"17","name":"renderLine","ph":"X","pid":"0","tid":"0x10f99c5c0","ts":"366087678238"},{"cat":"function","dur":"14","name":"render","ph":"X","pid":"0","tid":"0x10f99c5c0","ts":"366087678266"},{"cat":"function","dur":"9","name":"render","ph":"X","pid":"0","tid":"0x10f99c5c0","ts":"366087678290"},{"cat":"function","dur":"8","name":"render","ph":"X","pid":"0","tid":"0x10f99c5c0","ts":"366087678308"},{"cat":"function","dur":"232","name":"renderFrame","ph":"X","pid":"0","tid":"0x10f99c5c0","ts":"366087678266"},{"cat":"function","dur":"12","name":"checkForCollisions","ph":"X","pid":"0","tid":"0x10f99c5c0","ts":"366087678527"},{"cat":"function","dur":"22","name":"timeStep","ph":"X","pid":"0","tid":"0x10f99c5c0","ts":"366087678525"},{"cat":"function","dur":"12","name":"renderLine","ph":"X","pid":"0","tid":"0x10f99c5c0","ts":"366087678553"},{"cat":"function","dur":"11","name":"renderLine","ph":"X","pid":"0","tid":"0x10f99c5c0","ts":"366087678576"},{"cat":"function","dur":"16142","name":"loop","ph":"X","pid":"0","tid":"0x10f99c5c0","ts":"366087678139"},{"cat":"function","dur":"36","name":"renderCircle","ph":"X","pid":"0","tid":"0x10f99c5c0","ts":"366087694345"},{"cat":"function","dur":"13","name":"renderQuad","ph":"X","pid":"0","tid":"0x10f99c5c0","ts":"366087694396"},{"cat":"function","dur":"20","name":"renderLine","ph":"X","pid":"0","tid":"0x10f99c5c0","ts":"366087694435"},{"cat":"function","dur":"16","name":"render","ph":"X","pid":"0","tid":"0x10f99c5c0","ts":"366087694468"},{"cat":"function","dur":"12","name":"render","ph":"X","pid":"0","tid":"0x10f99c5c0","ts":"366087694495"},{"cat":"function","dur":"10","name":"render","ph":"X","pid":"0","tid":"0x10f99c5c0","ts":"366087694517"},{"cat":"function","dur":"281","name":"renderFrame","ph":"X","pid":"0","tid":"0x10f99c5c0","ts":"366087694467"},{"cat":"function","dur":"15","name":"checkForCollisions","ph":"X","pid":"0","tid":"0x10f99c5c0","ts":"366087694765"},{"cat":"function","dur":"26","name":"timeStep","ph":"X","pid":"0","tid":"0x10f99c5c0","ts":"366087694763"},{"cat":"function","dur":"13","name":"renderLine","ph":"X","pid":"0","tid":"0x10f99c5c0","ts":"366087694797"},{"cat":"function","dur":"9","name":"renderLine","ph":"X","pid":"0","tid":"0x10f99c5c0","ts":"366087694823"},{"cat":"function","dur":"16743","name":"loop","ph":"X","pid":"0","tid":"0x10f99c5c0","ts":"366087694319"},{"cat":"function","dur":"47","name":"renderCircle","ph":"X","pid":"0","tid":"0x10f99c5c0","ts":"366087711125"},{"cat":"function","dur":"15","name":"renderQuad","ph":"X","pid":"0","tid":"0x10f99c5c0","ts":"366087711189"},{"cat":"function","dur":"21","name":"renderLine","ph":"X","pid":"0","tid":"0x10f99c5c0","ts":"366087711240"},{"cat":"function","dur":"17","name":"render","ph":"X","pid":"0","tid":"0x10f99c5c0","ts":"366087711279"},{"cat":"function","dur":"12","name":"render","ph":"X","pid":"0","tid":"0x10f99c5c0","ts":"366087711308"},{"cat":"function","dur":"11","name":"render","ph":"X","pid":"0","tid":"0x10f99c5c0","ts":"366087711330"},{"cat":"function","dur":"298","name":"renderFrame","ph":"X","pid":"0","tid":"0x10f99c5c0","ts":"366087711279"},{"cat":"function","dur":"14","name":"checkForCollisions","ph":"X","pid":"0","tid":"0x10f99c5c0","ts":"366087711595"},{"cat":"function","dur":"25","name":"timeStep","ph":"X","pid":"0","tid":"0x10f99c5c0","ts":"366087711593"},{"cat":"function","dur":"14","name":"renderLine","ph":"X","pid":"0","tid":"0x10f99c5c0","ts":"366087711626"},{"cat":"function","dur":"9","name":"renderLine","ph":"X","pid":"0","tid":"0x10f99c5c0","ts":"366087711653"},{"cat":"function","dur":"16830","name":"loop","ph":"X","pid":"0","tid":"0x10f99c5c0","ts":"366087711102"},{"cat":"function","dur":"40","name":"renderCircle","ph":"X","pid":"0","tid":"0x10f99c5c0","ts":"366087728006"},{"cat":"function","dur":"17","name":"renderQuad","ph":"X","pid":"0","tid":"0x10f99c5c0","ts":"366087728067"},{"cat":"function","dur":"24","name":"renderLine","ph":"X","pid":"0","tid":"0x10f99c5c0","ts":"366087728116"},{"cat":"function","dur":"30","name":"render","ph":"X","pid":"0","tid":"0x10f99c5c0","ts":"366087728172"},{"cat":"function","dur":"15","name":"render","ph":"X","pid":"0","tid":"0x10f99c5c0","ts":"366087728218"},{"cat":"function","dur":"20","name":"render","ph":"X","pid":"0","tid":"0x10f99c5c0","ts":"366087728247"},{"cat":"function","dur":"377","name":"renderFrame","ph":"X","pid":"0","tid":"0x10f99c5c0","ts":"366087728171"},{"cat":"function","dur":"18","name":"checkForCollisions","ph":"X","pid":"0","tid":"0x10f99c5c0","ts":"366087728570"},{"cat":"function","dur":"33","name":"timeStep","ph":"X","pid":"0","tid":"0x10f99c5c0","ts":"366087728567"},{"cat":"function","dur":"18","name":"renderLine","ph":"X","pid":"0","tid":"0x10f99c5c0","ts":"366087728609"},{"cat":"function","dur":"13","name":"renderLine","ph":"X","pid":"0","tid":"0x10f99c5c0","ts":"366087728643"},{"cat":"function","dur":"16853","name":"loop","ph":"X","pid":"0","tid":"0x10f99c5c0","ts":"366087727980"},{"cat":"function","dur":"32","name":"renderCircle","ph":"X","pid":"0","tid":"0x10f99c5c0","ts":"366087744892"},{"cat":"function","dur":"13","name":"renderQuad","ph":"X","pid":"0","tid":"0x10f99c5c0","ts":"366087744941"},{"cat":"function","dur":"19","name":"renderLine","ph":"X","pid":"0","tid":"0x10f99c5c0","ts":"366087744978"},{"cat":"function","dur":"16","name":"render","ph":"X","pid":"0","tid":"0x10f99c5c0","ts":"366087745010"},{"cat":"function","dur":"16","name":"render","ph":"X","pid":"0","tid":"0x10f99c5c0","ts":"366087745037"},{"cat":"function","dur":"11","name":"render","ph":"X","pid":"0","tid":"0x10f99c5c0","ts":"366087745064"},{"cat":"function","dur":"282","name":"renderFrame","ph":"X","pid":"0","tid":"0x10f99c5c0","ts":"366087745009"},{"cat":"function","dur":"15","name":"checkForCollisions","ph":"X","pid":"0","tid":"0x10f99c5c0","ts":"366087745307"},{"cat":"function","dur":"25","name":"timeStep","ph":"X","pid":"0","tid":"0x10f99c5c0","ts":"366087745305"},{"cat":"function","dur":"13","name":"renderLine","ph":"X","pid":"0","tid":"0x10f99c5c0","ts":"366087745338"},{"cat":"function","dur":"9","name":"renderLine","ph":"X","pid":"0","tid":"0x10f99c5c0","ts":"366087745363"},{"cat":"function","dur":"80231","name":"loop","ph":"X","pid":"0","tid":"0x10f99c5c0","ts":"366087744872"}],"displayTimeUnit":"ns"}